{"type":"Topology","objects":{"subunits":{"type":"GeometryCollection","geometries":[{"type":"MultiPolygon","id":"Archipel des Kerguelen","arcs":[[[0]],[[1]],[[2]],[[3]],[[4]],[[5]],[[6]],[[7]],[[8]]]},{"type":"MultiPolygon","id":"Archipel des Crozet","arcs":[[[9]],[[10]]]},{"type":"MultiPolygon","id":"Iles Saint-Paul et Nouvelle-Amsterdam","arcs":[[[11]],[[12]]]},{"type":"MultiPolygon","id":"Iles Eparses de l'ocean Indien","arcs":[[[13]],[[14]],[[15]],[[16]],[[17]],[[18]]]}]}},"arcs":[[[8002,41],[-3,-3],[-3,1],[-13,8],[-5,0],[-3,2],[-3,1],[-3,2],[-5,1],[-7,1],[-3,2],[0,2],[12,2],[10,-1],[14,-10],[9,-4],[3,-4]],[[7665,103],[5,0],[8,1],[2,-1],[-1,-4],[-2,-3],[-3,-2],[-5,0],[-4,2],[-14,0],[-6,1],[-6,2],[5,6],[3,1],[5,0],[5,0],[8,-3]],[[7903,139],[-5,-5],[-9,3],[-4,-1],[-4,-1],[-3,1],[-4,3],[29,10],[9,0],[0,-2],[-6,-2],[-3,-6]],[[7820,209],[-3,-4],[21,3],[4,0],[-1,-4],[-3,-4],[-4,-4],[-3,-2],[-9,-4],[-4,-4],[1,-3],[3,-5],[-4,-3],[-5,-2],[3,-2],[-24,-7],[-4,2],[0,14],[-1,3],[-2,8],[-1,2],[2,2],[3,2],[3,2],[2,2],[9,9],[6,4],[7,3],[8,2],[7,0],[-3,-5],[-8,-5]],[[7793,226],[1,-5],[3,0],[2,-1],[-1,-2],[-2,-1],[-2,-1],[-3,-2],[-2,-4],[-4,-7],[-5,-6],[-3,-2],[-3,-2],[-3,1],[-1,3],[3,9],[0,1],[3,7],[5,6],[6,5],[6,1]],[[7861,220],[-5,-1],[-5,2],[-4,4],[-4,4],[-3,5],[9,0],[13,-7],[9,-1],[-2,-3],[-4,-2],[-4,-1]],[[7729,242],[-20,-25],[4,2],[4,3],[6,1],[7,-2],[-3,9],[8,3],[4,-7],[14,18],[20,9],[6,0],[4,-5],[-9,-5],[-12,-4],[8,-6],[7,6],[0,-10],[-9,-9],[-13,-6],[-7,-11],[7,4],[8,3],[-7,-14],[-17,-10],[-4,-9],[-2,-12],[10,-2],[8,-3],[-3,19],[13,12],[10,-4],[7,-9],[1,-10],[2,-8],[9,-3],[9,3],[27,8],[23,17],[3,-4],[2,-5],[-2,-5],[-3,-3],[4,-2],[5,2],[13,22],[18,11],[0,-7],[2,-7],[5,-2],[-9,-3],[-4,-6],[14,0],[10,-3],[-8,-4],[-12,-4],[16,-2],[0,-7],[-15,-2],[-14,-1],[-6,2],[-7,1],[-22,3],[-16,-9],[-7,-5],[-8,-4],[4,-3],[7,3],[7,3],[18,9],[14,-4],[-12,-4],[-12,-4],[17,-3],[-2,-5],[9,-2],[6,-5],[10,0],[0,-1],[0,-1],[-16,-1],[-16,-6],[22,1],[23,2],[20,2],[18,2],[-16,-9],[-22,-5],[18,-2],[16,1],[11,6],[9,7],[2,-4],[2,-4],[7,7],[9,5],[-1,5],[-1,3],[5,1],[6,0],[0,5],[6,2],[6,1],[4,4],[10,4],[10,3],[15,3],[16,-4],[-1,-3],[-1,-3],[14,1],[10,6],[10,15],[17,6],[19,-1],[18,-4],[12,-6],[2,-13],[5,-10],[5,-9],[-3,-13],[-8,-11],[-16,-12],[-19,2],[-9,2],[-6,-3],[-1,-5],[-5,-2],[21,-7],[19,-9],[-23,2],[-24,-2],[-11,21],[-28,5],[-10,-2],[-10,-3],[-12,0],[-13,2],[-19,3],[-20,-3],[14,-4],[14,-6],[-4,-2],[-3,-1],[6,-4],[6,-4],[-6,-2],[-6,-1],[-8,6],[-8,6],[-6,1],[-6,-3],[1,-4],[5,-9],[-16,8],[-17,5],[6,-6],[8,-4],[6,-4],[2,-4],[4,-1],[3,-3],[1,-6],[2,-5],[21,-8],[22,-2],[21,-7],[22,-6],[-19,12],[-5,14],[12,2],[12,2],[11,-2],[10,-4],[20,-1],[8,-11],[-18,-11],[-24,-1],[17,-3],[12,-6],[-8,-9],[-14,1],[-10,-2],[-8,-6],[-15,0],[-14,4],[-22,-1],[-20,6],[-9,10],[-9,10],[-1,11],[-1,11],[-11,5],[-12,0],[4,-4],[0,-5],[-9,6],[-9,2],[9,-11],[11,-9],[-1,-15],[-12,-7],[-10,2],[-9,3],[-16,1],[-17,3],[-13,7],[-12,10],[-13,1],[-11,0],[-6,10],[-9,9],[-6,-2],[2,-5],[-1,-1],[-2,-1],[5,-6],[4,-7],[-13,5],[-11,10],[4,-7],[3,-7],[2,-4],[-6,-4],[-1,-6],[-9,5],[-3,11],[-5,6],[-3,-11],[8,-17],[-10,-12],[-11,-5],[-11,-3],[-3,1],[-2,1],[-4,0],[-5,0],[-13,-1],[-13,0],[-11,2],[-7,9],[1,6],[3,6],[0,10],[5,7],[7,8],[5,7],[-5,6],[11,6],[10,8],[-7,9],[-2,8],[-6,1],[-11,-1],[14,10],[17,2],[0,4],[0,5],[-8,-3],[-15,-1],[-5,5],[4,2],[5,0],[-15,7],[-5,11],[-3,5],[2,3],[4,-4],[6,-4],[13,9],[19,7],[-20,-1],[-14,5],[6,3],[7,2],[-11,0],[-10,0],[1,4],[2,3],[-9,2],[2,8],[10,1],[9,-3],[-4,10],[0,13],[13,0],[11,-2],[-7,8],[-7,7],[-7,7],[-7,7],[-1,4],[6,2],[10,5],[11,-1],[1,6],[1,5],[7,4],[1,8],[-3,4],[4,6],[5,7],[16,5],[15,-1],[-3,-4],[5,-5],[-2,-6],[11,-3],[-35,-19]],[[7646,282],[-6,-1],[-6,1],[-3,2],[4,2],[7,1],[5,0],[2,-3],[-3,-2]],[[7683,293],[-5,-3],[-3,3],[1,5],[3,4],[7,1],[3,-3],[-1,-4],[-5,-3]],[[3213,867],[-12,-10],[-9,1],[-5,0],[-3,-1],[-8,1],[-6,2],[-5,4],[-5,5],[-3,7],[3,4],[18,9],[6,0],[5,-4],[2,-6],[2,-2],[4,0],[7,-1],[2,-1],[3,-2],[4,-6]],[[2793,942],[-5,0],[-9,3],[-6,0],[-4,3],[-2,4],[-1,6],[4,2],[20,3],[4,-3],[3,-5],[1,-5],[-1,-5],[-4,-3]],[[9988,2877],[-2,0],[-5,1],[-1,1],[-2,5],[1,2],[3,1],[2,-1],[1,-1],[3,-4],[2,-2],[-2,-2]],[[9994,3099],[-8,-3],[-8,5],[-5,8],[5,8],[10,1],[8,-6],[3,-9],[-5,-4]],[[183,7173],[-5,-6],[-5,-1],[-3,2],[-2,3],[0,4],[2,3],[3,1],[2,0],[2,-1],[1,-3],[-1,-1],[-2,-1],[0,-2],[1,-1],[3,0],[2,3],[0,4],[0,2],[2,0],[0,-6]],[[1,7393],[-1,0],[0,1],[1,-1]],[[10,7407],[-1,0],[0,1],[1,-1]],[[809,8556],[-2,-4],[-7,3],[3,2],[6,-1]],[[3913,8864],[0,-3],[-2,1],[2,2]],[[2007,9999],[2,-5],[-5,1],[3,4]]],"transform":{"scale":[0.003789506554855481,0.0038174797297729876],"translate":[39.6939396490001,-49.72161223799989]},"bbox":[39.6939396490001,-49.72161223799989,77.58521569100006,-11.550632419999786]}