{"type":"Topology","objects":{"subunits":{"type":"GeometryCollection","geometries":[{"type":"Polygon","id":"Cochabamba","arcs":[[0,1,2,3,4,5]]},{"type":"Polygon","id":"Chuquisaca","arcs":[[-2,6,7,8,9]]},{"type":"Polygon","id":"El Beni","arcs":[[10,-6,11,12,13]]},{"type":"Polygon","id":"La Paz","arcs":[[-12,-5,14,15,16]]},{"type":"Polygon","id":"Oruro","arcs":[[-4,17,18,-15]]},{"type":"Polygon","id":"Pando","arcs":[[-13,-17,19]]},{"type":"Polygon","id":"Potosí","arcs":[[-10,20,21,-18,-3]]},{"type":"Polygon","id":"Santa Cruz","arcs":[[-7,-1,-11,22]]},{"type":"Polygon","id":"Tarija","arcs":[[23,-21,-9]]}]}},"arcs":[[[4105,5331],[-6,-17],[-9,-1],[-23,0],[19,-16],[5,-8],[-1,-13],[-12,5],[-11,4],[-11,-1],[-11,-8],[14,-9],[11,-12],[9,-14],[6,-16],[0,-10],[-2,-5],[-3,-4],[-1,-5],[0,-26],[3,-16],[16,-19],[4,-12],[-4,-11],[-6,-13],[-3,-14],[7,-16],[-7,-15],[1,-14],[2,-13],[-2,-15],[-18,-21],[-2,-9],[20,-1],[-15,-21],[-2,-7],[2,-7],[8,-9],[2,-7],[-2,-11],[-25,-53],[-2,-2],[0,-2],[-5,-21],[-7,-7],[-19,-11],[-8,-8],[-7,-11],[-5,-12],[-2,-12],[3,-11],[6,-6],[8,-2],[6,-3],[2,-8],[-2,-5],[-29,-44],[-5,-17],[-10,-14],[0,-9],[4,-8],[12,-13],[5,-7],[2,-7],[1,-14],[18,-61],[12,-18],[77,-74],[20,-9],[18,-5],[8,-4],[8,-5],[52,-49],[12,-9],[48,-25],[22,-6],[8,-4],[27,-19],[70,-71],[38,-27],[5,-5],[3,-6],[8,-19],[7,-12],[3,-14],[-4,-14],[-6,-14],[-13,-1],[-15,-2],[-10,2],[-7,0],[-18,-4],[-8,0],[-16,1],[-7,0],[-10,-3],[-30,-18],[-7,-6],[-3,-9],[-1,-7],[1,-18],[-2,-7],[-3,-7],[-130,-171],[-17,-18],[-67,-60],[-19,-14],[-11,-12],[-6,-21],[4,-14],[5,-8],[37,-34],[11,-15],[27,-46],[16,-37],[12,-12],[7,-5],[10,-6],[6,-6],[7,-8],[11,-19],[17,-19],[13,-20],[8,-30],[13,-20],[11,-7],[4,-3],[2,-5],[0,-8],[-1,-6],[-2,-5],[0,-4],[1,-3],[10,-8],[2,-5],[-1,-11],[1,-6],[2,-7],[6,-9],[4,-5],[4,-3],[3,-1],[15,-4],[9,-4],[12,-9],[14,-12],[7,-5],[19,-8],[4,-3],[3,-2],[2,-3],[1,-1],[1,-3],[1,-5],[-2,-30],[0,-8],[1,-6],[6,-12],[0,-4],[-4,-6],[-21,-21],[-14,-23]],[[4365,3208],[-8,7],[-4,5],[-8,19],[-4,5],[-18,6],[-18,-6],[-56,-40],[-10,-3],[-13,-2],[-42,0],[-11,1],[-8,5],[-12,15],[-8,6],[-15,11],[-8,7],[-11,22],[-2,4],[-10,3],[-7,7],[-10,16],[-14,9],[-40,0],[-17,5],[-5,6],[-9,13],[-6,6],[-16,3],[-18,-2],[-59,-15],[-45,-18],[-30,-19],[-19,-15],[-8,-9],[-6,-10],[-6,-22],[-5,-11],[-9,-8],[-11,0],[-12,3],[-37,23],[-15,6],[-14,1],[-32,-5],[-14,2],[-11,11],[-2,15],[0,21],[-3,18],[-9,7],[-9,3],[-9,7],[-8,9],[-5,7],[-5,26],[-9,2],[-9,-2],[-8,0],[-3,8],[-1,6],[-2,8]],[[3542,3385],[-2,7],[-3,2],[-8,2],[-29,14],[-7,8],[-4,2],[-5,2],[-12,2],[-5,1],[-25,24],[-36,54],[-29,21],[-14,6],[-15,10],[-12,11],[-9,22],[-9,13],[-20,21],[-29,16],[-15,10],[-6,13],[-51,39],[-49,24],[-15,20],[-17,0],[-55,-12],[-7,2],[-5,19],[-6,7],[-8,5],[-9,2],[-10,7],[-12,16],[-10,19],[-4,15],[-17,0],[-9,2],[-9,2],[-28,2],[-33,-2],[-22,-4],[-11,-3],[-66,-42],[-18,-12],[-47,-34],[-9,-5],[-8,-1],[-9,0],[-42,6],[-49,-1],[-32,3],[-6,1],[-8,1],[-19,-1],[-55,-10]],[[2493,3711],[-46,97],[-62,85],[-43,48],[-14,13],[-134,90]],[[2194,4044],[105,50],[10,7],[6,6],[-2,11],[-5,7],[-8,6],[-5,8],[-3,8],[16,29],[-12,40],[-7,7],[-6,10],[-4,8],[0,10],[3,23],[-12,55],[-5,12],[-6,9],[-11,14],[-12,12],[-9,12],[-38,14],[-12,10],[-4,14],[2,15],[7,16],[4,7],[14,16],[3,9],[1,7],[-2,14],[1,16],[6,13],[16,26],[16,21],[20,9],[49,5],[19,6],[22,10],[19,14],[11,15],[2,12],[0,13],[-6,35],[-1,10],[1,57],[-7,21],[-25,39],[-9,20],[-1,19],[11,39],[4,93],[-5,11],[-18,20],[-6,10],[-4,3],[-26,8],[-1,5],[2,12],[-2,16],[-9,13],[-24,24],[-12,19],[-15,17],[-3,5],[-1,8],[8,56],[0,19],[-3,18],[0,8],[2,9],[7,10],[6,7],[5,8],[1,12],[-1,5],[-3,3],[-4,1],[-3,3],[-2,2],[25,24],[30,34],[68,52]],[[2362,5445],[230,-206],[9,-14],[12,-33],[10,-22],[4,-8],[48,-56],[134,-128],[17,-13],[81,-47],[41,-18],[64,-19],[86,-16],[41,-2],[26,2],[286,74],[79,34],[11,13],[12,21],[45,122],[0,24],[2,10],[26,49],[39,61],[25,15],[312,33],[81,16],[11,-6],[11,0]],[[4365,3208],[9,-8],[8,-9],[3,-9],[-1,-10],[-2,-11],[0,-13],[3,-9],[12,-20],[4,-10],[6,-20],[6,-9],[17,-13],[17,-8],[16,-9],[12,-17],[2,-10],[1,-11],[3,-10],[6,-8],[10,-5],[12,-2],[24,-2],[12,-3],[8,-7],[6,-9],[10,-8],[6,-1],[5,-1],[6,-2],[5,-6],[34,-104],[2,-9],[4,-8],[7,-6],[13,-4],[15,-1],[15,1],[12,3],[11,5],[7,7],[6,8],[4,11],[8,55],[9,16],[10,6],[10,0],[22,-6],[17,0],[51,5],[8,-12],[-20,-126],[-2,-46],[35,-523],[3,-8],[11,-20],[1,-3],[35,-305],[10,-33],[19,-1],[51,-1],[37,-7],[9,0],[7,2],[4,2],[5,4],[14,18],[6,6],[6,4],[9,2],[16,2],[7,3],[4,2],[11,7],[5,6],[10,13],[5,5],[7,3],[11,-7],[11,-15],[25,-52],[7,-10],[7,-3],[7,-2],[881,3]],[[6110,1835],[-17,-22],[-30,-40],[-7,-20],[1,-69],[1,-66],[1,-73],[1,-110]],[[6060,1435],[-1309,1],[-76,2],[-17,0],[0,2],[-17,13],[-5,8],[2,8],[6,8],[-6,2],[-10,-1],[-4,-2],[-24,1],[-7,4],[-3,14],[-7,5],[-16,3],[-18,0],[-12,-3],[-10,-1],[-11,6],[-10,10],[-6,2],[-6,-13],[-1,-4],[-1,-7],[-1,-19],[5,-45],[0,-4],[-2,-4],[-3,-5],[-6,-7],[-1,-4],[-1,-4],[-1,-4],[-3,-6],[-1,-4],[4,-11],[1,-5],[-1,-15],[-1,-4],[-2,-4],[-2,-4],[-2,-3],[-3,-4],[-5,-4],[-4,-2],[-4,-2],[-6,-1],[-7,0],[-21,6],[-11,1],[-49,-4],[-15,2],[-30,12],[-30,21],[-7,5],[-4,1],[-11,2],[-5,0],[-16,-2],[-25,-5],[-7,-1],[-6,1],[-4,2],[-3,3],[-3,2],[-3,3],[-19,39],[-2,4],[-16,15],[-4,5],[-5,5],[-4,2],[-15,8],[-3,2],[-3,4],[-4,11],[-2,3],[-3,3],[-4,1],[-5,0],[-10,0],[-5,1],[-4,2],[-11,5],[-4,1],[-5,1],[-6,-1],[-6,-4],[-8,-10],[-7,-12],[-12,-16],[-5,-11],[-2,-9],[1,-10],[0,-4],[-1,-4],[-7,-11],[-1,-4],[-2,-9],[-3,-5],[-6,-4],[-14,-6],[-15,-4],[-10,-3],[-4,0],[-3,2],[-3,3],[-3,3],[-4,2],[-12,5],[-4,2],[-3,3],[-2,3],[-2,3],[-2,2],[-3,3],[-4,2],[-4,2],[-9,3],[-4,2],[-1,3],[-1,5],[-2,3],[-2,3],[-4,3],[-4,1],[-5,1],[-10,-1],[-5,0],[-4,2],[-4,2],[-6,5],[-3,2],[-5,0],[-5,-1],[-7,-2],[-5,-1],[-3,1],[-3,2],[-5,5],[0,1],[-6,0],[-5,-1],[-4,0],[-2,0],[-1,0],[-26,28],[-6,5],[-4,1],[-5,0],[-5,-1],[-11,-4],[-5,0],[-4,0],[-14,4],[-5,2],[-7,4],[-3,2],[-5,0],[-5,-2],[-5,-5],[-3,-5],[-1,-5],[-11,-138],[-14,-42],[-1,-8],[0,-30],[2,-16],[-23,-151],[-3,-44]],[[3632,1030],[-68,44],[-115,108],[-14,28],[-1,4],[-1,19],[8,79],[0,5],[-3,7],[-2,9],[0,10],[2,16],[35,105],[5,95],[21,31],[7,14],[9,43],[4,11],[63,130],[-58,200],[-2,16],[-1,27],[1,7],[9,25],[3,7],[5,7],[5,6],[22,27],[4,12],[-5,13],[0,4],[0,16],[3,5],[4,2],[9,3],[4,1],[3,3],[14,12],[16,11],[3,1],[16,5],[25,4],[18,4],[84,6],[14,3],[155,76],[64,59],[27,34],[8,10],[-6,16],[-18,30],[-70,80],[-8,14],[-4,14],[-1,15],[2,16],[4,13],[2,6],[-1,7],[-3,4],[-5,6],[-6,5],[-2,0],[-4,16],[-9,17],[-13,15],[-14,10],[-22,5],[-25,-2],[-63,-18],[-18,0],[-3,2],[-2,3],[-3,1],[-6,-3],[-17,-5],[-20,6],[-50,25],[-13,9],[-13,6],[-37,7],[-13,8],[-12,10],[-40,24],[-10,9],[-18,24],[-22,14],[-11,10],[-5,9],[-3,20],[-4,9],[-5,7],[-5,4],[-26,15],[-13,20],[-16,37],[0,3],[0,1],[1,4],[2,2],[2,4],[13,21],[21,29],[6,6],[10,8],[2,4],[1,4],[-1,3],[-2,9],[-1,10],[-1,4],[-2,5],[-2,3],[-2,4],[-7,6],[-7,5],[-1,2],[-3,4],[-1,8],[0,7],[2,4],[2,2],[29,23],[13,7],[5,4],[6,6],[8,13],[3,9],[2,8],[-2,7],[-2,5],[-3,4],[-4,2],[-5,2],[-5,1],[-4,1],[-5,0],[-35,-7],[-17,-6],[-89,-39],[-4,-1],[-4,0],[-4,0],[-6,3],[-2,4],[-1,6],[1,4],[2,4],[3,4],[4,3],[19,15],[6,6],[4,7],[0,4],[-17,82],[-2,31],[6,36],[-1,8],[-3,6],[-8,5],[-18,8],[-6,3],[-5,4],[-8,8],[-3,5],[-1,4],[0,7],[-5,27],[2,7],[3,3],[4,3],[5,1],[4,1],[4,-2],[2,-2],[2,-6],[2,-3],[3,-2],[10,-1],[5,-1],[4,-3],[4,-2],[6,-1],[24,1],[6,-1],[4,-2],[4,-2],[2,-3],[2,-3],[2,-4],[3,-4],[3,-3],[5,-2],[5,0],[5,1],[23,10],[5,2],[4,0],[2,0],[2,-1],[6,-3],[62,-18],[19,-8],[13,-1],[26,5]],[[6616,7104],[-438,-229],[-725,-375],[-457,-237],[-283,-74],[-39,-16],[19,-72],[0,-88],[5,-39],[-1,-21],[-3,-14],[-5,-11],[-4,-19],[9,-36],[6,-12],[26,-37],[30,-75],[86,-120],[8,-7],[8,-5],[20,-7],[11,-6],[10,-12],[5,-10],[4,-37],[6,-10],[38,-35],[10,-6],[9,-2],[9,0],[9,-4],[24,-19],[9,-4],[27,-11],[6,-3],[7,-7],[8,-10],[10,-18],[18,-20],[4,-7],[2,-8],[1,-19],[1,-11],[5,-15],[8,-10],[21,-21],[8,-5],[9,-4],[30,-6],[8,-3],[8,-4],[-2,-2],[-17,-1],[-1079,51]],[[2362,5445],[-34,31],[-164,138],[-17,27],[-8,7],[-5,3],[-17,7],[-11,5],[-9,9],[-6,8],[-3,8],[-1,8],[0,8],[6,31],[0,10],[-2,10],[-52,94],[-23,30],[-19,20],[-11,9],[-7,11],[-15,28],[-9,9],[-10,7],[-9,1],[-10,0],[-20,-2],[-10,1],[-9,2],[-8,4],[-12,9],[-12,6],[-12,14],[-10,28],[-3,15],[-1,12],[3,16],[4,15],[4,29],[-1,31],[-4,16],[-7,12],[-40,33],[-16,20],[-22,47],[-4,6],[2,6],[5,7],[6,6],[13,11],[5,6],[8,15],[0,15],[-5,14],[-9,14],[-18,16],[-4,8],[-1,4],[1,10],[-2,4],[-2,3],[-5,4],[-2,3],[-12,28],[-4,15],[-2,14],[3,14],[9,7],[27,10],[10,11],[4,12],[-2,13],[-8,25],[3,45],[-8,59],[-1,9],[-11,34],[0,12],[22,90],[7,11],[7,9],[8,12],[2,15],[-11,20],[1,15],[9,30],[8,16],[10,9],[14,8],[9,10],[16,24],[34,39],[7,13],[1,15],[-15,19],[-13,70],[-1,26],[13,25],[35,49],[12,12],[29,20],[67,71],[3,7],[3,15],[4,7],[6,5],[15,7],[7,5],[32,53],[14,12],[16,3],[14,-2],[11,3],[40,87],[45,174],[2,20],[-4,15],[-12,33],[22,27],[10,15],[0,12],[-6,12],[-2,10],[-1,46],[2,15],[6,14]],[[2244,7955],[13,16],[6,14],[-3,13],[-6,13],[-3,14],[6,17],[11,16],[8,17],[-2,18],[-6,19],[2,17],[12,34],[4,32],[-5,38],[-11,37],[-18,28],[-12,13],[-5,3],[-3,0],[-4,-3],[-6,-1],[-5,1],[-7,13],[-4,19],[3,15],[14,3],[15,-2],[15,4],[13,8],[11,10],[9,17],[-4,11],[-10,9],[-9,11],[0,15],[11,6],[16,1],[14,-2],[16,1],[11,9],[9,13],[12,10],[14,3],[28,0],[13,5],[12,14],[1,18],[-6,37],[5,14],[20,21],[2,14],[-2,19],[1,19],[8,14],[19,7],[75,5],[55,-6],[22,6],[44,25],[57,6],[25,5],[4,16],[3,16],[44,9],[10,15],[-6,10],[-9,7],[-6,10],[3,17],[8,12],[29,34],[6,14],[0,13],[-7,28],[2,17],[11,3],[14,-4],[14,-1],[19,15],[4,25],[1,27],[9,23],[7,10],[13,-7],[13,6],[10,14],[9,31],[11,17],[7,15],[-7,13],[-8,1],[-17,-6],[-9,-1],[-6,4],[-4,5],[-1,5],[27,7],[33,25],[19,7],[31,-5],[36,-11],[29,-1],[11,21],[-4,14],[-10,14],[-13,10],[-15,4],[-8,6],[5,15],[12,14],[10,6],[9,-4],[11,-11],[10,-11],[4,-8],[10,-3],[22,4],[35,12],[19,13],[8,13],[1,15],[0,19],[-4,17],[-6,15],[2,12],[20,6],[17,-3],[17,-6],[18,-3],[18,9],[16,14],[16,10],[71,32],[6,6],[6,15],[12,17],[15,14],[12,8],[13,5],[43,6],[1,0]],[[3501,9460],[1,-6],[2,-2],[3,-3],[-19,-32],[-12,-11],[-20,-3],[0,-5],[9,-14],[2,-5],[-1,-4],[-3,-7],[-1,-4],[0,-7],[2,-7],[3,-7],[3,-3],[3,-8],[-6,-37],[0,-12],[14,-14],[15,-8],[11,-11],[5,-21],[-1,-14],[-6,-28],[-12,-35],[4,-10],[32,-8],[15,-9],[12,-12],[7,-11],[5,-65],[2,-4],[5,-4],[4,-6],[0,-9],[-3,-7],[-5,-4],[-7,-4],[-7,-6],[-13,-18],[0,-13],[4,-13],[3,-16],[-6,-13],[-32,-23],[-12,-13],[-3,-18],[11,-12],[13,-9],[7,-10],[-5,-12],[-10,-6],[-8,-8],[1,-19],[10,-14],[17,-11],[16,-8],[7,-5],[-3,-9],[-14,-16],[-6,-8],[0,-8],[1,-6],[27,-65],[23,-22],[28,8],[20,-10],[9,-7],[5,-10],[0,-7],[-6,-14],[0,-10],[4,-10],[4,-2],[5,0],[10,-4],[18,-11],[5,-6],[-19,-6],[-2,-7],[3,-19],[-1,-7],[-8,-12],[-1,-7],[0,-27],[5,-11],[11,-11],[15,-10],[10,-3],[7,7],[4,37],[4,10],[5,6],[11,3],[3,-7],[-3,-17],[12,-11],[15,-5],[13,-7],[7,-25],[11,-17],[4,-8],[1,-7],[-2,-16],[1,-7],[4,-16],[4,-7],[9,-4],[2,0],[9,-3],[5,-8],[1,-10],[-3,-7],[-12,-15],[-1,-13],[6,-12],[9,-9],[12,-6],[13,-3],[35,-2],[17,-3],[17,-5],[17,-3],[19,6],[10,-4],[15,-3],[13,-5],[6,-11],[4,-15],[10,-15],[26,-25],[-6,-10],[4,-9],[9,-4],[10,3],[2,6],[3,20],[3,4],[13,2],[3,-4],[4,-13],[0,-6],[-5,-10],[-1,-5],[3,-4],[7,-6],[1,-3],[9,-7],[20,-11],[39,-16],[10,-1],[21,0],[5,-1],[14,-10],[17,-8],[1,3],[0,1],[1,1],[12,-1],[4,-1],[13,-11],[3,-6],[1,-8],[-1,-17],[-4,-17],[-15,-30],[2,-13],[6,-3],[18,-6],[7,-4],[7,-7],[10,-16],[6,-8],[11,-10],[13,-9],[15,-7],[19,-2],[34,5],[12,-3],[8,-23],[8,-2],[8,2],[4,1],[5,3],[10,9],[7,3],[18,1],[14,-3],[12,-7],[23,-22],[8,-3],[8,7],[13,16],[12,-13],[49,-1],[18,-22],[15,2],[26,8],[11,-3],[8,-6],[9,-6],[14,0],[10,8],[6,6],[4,8],[28,31],[0,4],[14,2],[26,7],[11,2],[117,-16],[3,-2],[44,-21],[35,-26],[13,-6],[18,-2],[10,0],[10,-2],[8,-3],[8,-5],[6,-9],[2,-7],[0,-8],[3,-7],[7,-5],[7,-2],[6,-4],[3,-8],[3,-5],[31,-21],[18,-4],[10,-4],[24,-16],[10,-4],[58,0],[9,2],[3,6],[8,6],[17,12],[4,0],[9,-1],[4,1],[4,3],[4,8],[4,4],[22,9],[2,1],[10,-1],[16,-7],[25,-6],[8,-10],[6,-27],[4,-5],[5,-4],[3,-4],[-6,-9],[-1,-4],[1,-5],[2,-3],[18,-14],[9,-10],[4,-7],[3,-17],[6,-14],[9,-12],[11,-6],[9,-3],[7,-1],[7,2],[7,4],[8,3],[4,-5],[3,-8],[43,-50],[2,-5],[4,-4],[9,-1],[8,0],[7,-2],[3,-4],[2,-6],[4,-13],[10,-10],[15,-9],[16,-8],[1,15],[9,5],[13,-1],[16,2],[11,6],[8,7],[10,1],[16,-9],[8,-6],[5,-6],[3,-7],[2,-18],[3,-3],[71,-28],[51,1],[17,-2],[11,-8],[23,-24],[2,-3],[1,-8],[2,-1],[12,0],[3,0],[14,-8],[6,-3],[38,-4],[11,2],[9,7],[17,-6],[14,3],[12,5],[30,8],[9,0],[8,-2],[22,-13],[2,17],[8,-2],[18,-20],[9,-3],[7,2],[5,-1],[2,-11],[0,-51],[2,-13],[9,-10],[17,-12],[36,-36],[12,-5],[1,-4],[12,-17],[5,-3],[18,-8],[14,-8],[40,-35],[8,-6],[16,-7],[7,-6],[3,-6],[17,-50],[9,-8],[18,-2],[17,3],[16,5],[16,2],[16,-6],[16,9],[19,6],[20,5],[58,4],[3,0]],[[2194,4044],[-19,16],[-3,3],[-20,20],[-14,18],[-10,21],[-6,8],[-5,7],[-7,6],[-12,9],[-5,2],[-6,2],[-10,2],[-8,0],[-7,0],[-107,-27],[-18,-6],[-96,-51],[-100,-63],[-20,-14],[-136,-75],[-15,-10],[-3,-4],[-1,-6],[1,-10],[2,-7],[3,-5],[7,-11],[5,-10],[1,-4],[0,-5],[0,-5],[-3,-7],[-2,-6],[-4,-8],[-6,-5],[-18,-10],[-11,-2],[-10,1],[-4,1],[-5,1],[-161,108],[-18,7],[-27,9],[-65,29],[-25,7],[-128,4],[-98,-6],[-27,-7],[-52,-20],[-8,-5],[-46,-34],[-72,-82],[-29,-23],[-70,-47],[-41,-20],[-108,-26],[-60,-26],[-8,-3]],[[479,3675],[-8,12],[-10,0],[-13,-5],[-17,-1],[-14,4],[-13,5],[-25,14],[-19,4],[-6,2],[-6,5],[-17,17],[-12,-3],[-10,-7],[-11,1],[-12,18],[-8,28],[0,56],[-6,27],[-20,35],[-29,29],[-67,52],[-17,23],[-8,28],[-3,59],[0,1],[2,54],[-3,27],[-9,22],[-12,14],[-16,15],[-33,23],[-13,4],[-42,5],[-2,0],[14,19],[13,42],[9,17],[3,1],[15,2],[5,1],[44,36],[25,15],[23,8],[23,4],[22,8],[17,18],[4,12],[-4,4],[-5,3],[-3,4],[2,7],[6,5],[35,19],[9,10],[22,42],[83,79],[12,16],[15,41],[8,10],[13,8],[29,2],[15,4],[48,22],[14,9],[13,15],[10,12],[-22,27],[-4,13],[2,24],[-1,44],[2,15],[7,13],[22,24],[27,12],[92,33],[19,26],[-9,20],[-19,12],[-42,15],[-34,33],[-18,10],[-23,-7],[-27,7],[-9,1],[-9,-3],[-16,-11],[-9,-3],[-21,0],[-19,6],[-18,10],[-15,11],[-29,32],[-18,42],[-35,78],[-35,77],[-35,78],[-35,78],[-10,23],[-4,23],[7,22],[53,72],[4,15],[3,15],[4,15],[10,13],[9,4],[22,7],[6,4],[0,6],[-9,23],[5,12],[13,15],[16,13],[27,9],[11,29],[16,1],[19,-1],[13,9],[2,14],[-20,17],[-20,26],[-13,11],[-49,33],[-13,12],[-47,65],[-14,11],[-18,15],[-5,13],[4,14],[13,29],[2,6],[-4,61],[2,13],[7,11],[18,10],[46,11],[13,7],[11,22],[5,97],[11,14],[16,2],[19,-4],[18,0],[4,8],[-2,35],[3,13],[5,4],[14,3],[5,3],[33,33],[16,11],[53,26],[16,14],[-3,15],[-12,15],[-6,14],[-1,29],[1,15],[5,13],[21,13],[27,6],[56,7],[15,15],[-3,27],[-21,50],[-5,26],[-5,12],[-8,11],[-44,26],[-11,14],[-5,24],[0,28],[-3,25],[-14,20],[-11,29],[-1,10],[3,12],[4,9],[0,9],[-9,11],[-44,32],[-17,22],[11,17],[11,1],[25,-4],[9,2],[8,8],[0,9],[-2,9],[2,11],[7,8],[17,17],[7,10],[7,18],[5,19],[-3,17],[10,148],[-12,59],[-2,31],[6,89],[-1,11],[-10,75],[-1,32],[5,17],[26,18],[8,19],[10,14],[18,-2],[11,21],[12,16],[17,10],[68,17],[6,6],[19,34],[-8,8],[-27,7],[-7,7],[1,13],[7,11],[12,8],[24,12],[12,10],[9,11],[7,11],[5,15],[5,7],[8,4],[-4,7]],[[801,7871],[9,-2],[27,-1],[8,1],[5,3],[10,10],[3,2],[16,41],[10,11],[19,3],[14,-6],[12,-8],[14,-5],[17,2],[10,7],[15,22],[38,86],[18,23],[97,47],[21,21],[6,25],[6,55],[13,21],[26,11],[61,7],[22,10],[17,-1],[21,4],[19,6],[14,9],[12,17],[7,20],[-1,4],[15,-4],[842,-357]],[[2493,3711],[-7,-14],[-8,-7],[-9,-6],[-10,-4],[-56,-16],[-6,-12],[-5,-70],[1,-17],[3,-10],[5,-8],[7,-6],[8,-5],[28,-11],[10,-2],[10,1],[22,3],[21,0],[9,-1],[17,-6],[8,-1],[17,0],[19,-5],[-19,-19],[-23,-13],[-37,-16],[-21,-12],[-17,-8],[-9,-7],[-3,-5],[-1,-5],[2,-25],[0,-12],[-2,-9],[-8,-34],[-1,-9],[1,-9],[1,-3],[0,-1],[11,-14],[28,-55],[7,-9],[5,-5],[9,-7],[69,-47],[24,-14],[72,-23],[52,-4],[42,-15],[13,-8],[9,-9],[5,-8],[36,-101],[2,-4],[32,-53],[40,-48],[61,-61],[15,-25],[-1,-7],[-4,-7],[-8,-5],[-10,-4],[-24,-4],[-100,-7],[-173,-11],[-19,-6],[-34,-17],[-99,-79],[-59,-40],[-33,-16],[-170,-67],[-250,-95],[-255,-96],[-111,-33],[-43,1],[-76,13],[-374,109],[-232,74],[-4,1]],[[893,2521],[37,48],[18,22],[11,11],[33,12],[7,5],[-6,15],[-15,15],[-16,14],[-88,56],[-29,9],[-23,13],[-29,44],[-18,18],[-78,60],[-26,16],[-39,11],[-11,7],[-9,11],[-19,39],[-15,24],[-10,10],[-13,8],[24,29],[7,14],[0,17],[-3,7],[-45,85],[0,1],[-1,0],[1,1],[6,10],[1,10],[-2,10],[-5,10],[-20,30],[-7,38],[1,39],[6,36],[0,17],[-6,16],[-30,44],[-3,12],[2,42],[-1,6],[-12,32],[-1,7],[0,8],[-3,18],[-8,12],[-26,23],[-11,36],[24,22],[30,21],[6,33]],[[801,7871],[-21,32],[-85,137],[-86,137],[-85,137],[-86,137],[-85,137],[-86,137],[-85,137],[-86,137],[-3,5],[-3,4],[-2,5],[-3,5],[-3,4],[-3,5],[-3,5],[-3,4],[61,-2],[32,3],[56,12],[27,-3],[27,-7],[30,-5],[46,2],[64,-7],[31,-6],[28,2],[13,-2],[61,-24],[3,-1],[8,0],[3,1],[20,1],[39,-10],[19,-2],[21,4],[22,8],[22,4],[25,-6],[14,-7],[-14,-17],[-9,-19],[-5,-19],[4,-31],[2,-7],[7,-4],[14,0],[117,21],[23,11],[42,28],[35,10],[14,2],[14,0],[14,-2],[12,3],[26,22],[15,7],[38,4],[15,5],[16,11],[16,15],[14,16],[11,16],[21,45],[12,14],[46,45],[29,50],[12,12],[19,12],[25,11],[14,4],[13,2],[24,-4],[97,4],[13,-1],[11,-3],[16,-9],[32,-23],[16,-5],[28,6],[13,22],[8,27],[9,23],[9,8],[25,19],[10,11],[16,24],[10,10],[12,10],[16,5],[29,13],[34,10],[17,10],[14,12],[11,14],[4,9],[0,6],[2,5],[9,7],[8,2],[36,1],[10,1],[8,3],[7,5],[1,7],[-5,16],[1,7],[12,6],[19,2],[34,1],[15,-2],[32,-7],[14,0],[10,5],[6,8],[5,9],[6,6],[8,3],[17,1],[9,1],[38,19],[132,124],[108,76],[16,8],[67,23],[8,5],[4,6],[2,9],[3,7],[5,6],[9,3],[97,16],[50,-4],[16,2],[16,5],[34,18],[14,5],[80,11],[15,5],[25,15],[15,5],[45,5],[3,-2],[3,-3],[4,-3],[4,0],[4,2],[6,9],[3,3],[13,2],[4,-1],[10,-3],[22,-12],[11,-2],[15,3],[37,21],[15,4],[15,1],[11,-2],[34,-7],[10,0],[9,5],[14,13],[2,-6],[3,-6],[5,-6],[4,-3],[8,1],[3,7],[0,8],[1,5],[6,15],[5,4],[5,-10],[2,-8],[2,-5],[4,-4],[8,-3],[31,12],[13,0],[-4,-17],[-2,-9],[3,-3],[7,1],[6,-1],[2,1],[9,3],[4,0],[5,-2],[7,-8],[5,-3],[24,-15],[12,-6],[15,-3],[10,1],[4,3],[1,5],[5,6],[1,2],[0,8],[2,3],[4,2],[10,1],[3,2],[10,9],[8,11],[3,7],[4,12],[5,7],[37,28],[11,12],[8,1],[21,0],[15,-5],[23,-18],[12,-24],[1,-2],[12,-34],[8,-8],[11,-9],[10,-10],[4,-12],[-3,-18],[-18,-30],[-7,-17],[-3,-30],[4,-32],[7,-28],[15,-40],[3,-16],[2,-33],[2,-7],[8,-18],[2,-8],[-3,-7],[-14,-19],[-8,-38],[-10,-17],[-31,-14],[-11,-14],[-9,-17],[-4,-14]],[[3632,1030],[0,-24],[-1,-7],[-2,-10],[-14,-32],[-11,-17],[-11,-11],[-3,-2],[-3,-5],[-2,-7],[-2,-22],[-3,-7],[-5,-5],[-7,-7],[-6,-11],[-7,-35],[8,-4],[3,-2],[5,-3],[3,-4],[4,-5],[5,-6],[9,-7],[6,-5],[13,-18],[21,-35],[10,-12],[6,-5],[3,-3],[9,-23],[21,-89],[2,-2],[-15,-1]],[[3668,604],[-218,-2],[-44,4],[-57,7],[-7,0],[-4,-3],[-4,-4],[-6,-2],[-114,-11],[-25,6],[-24,15],[-105,107],[-18,8],[-75,12],[-5,4],[-9,37],[-26,23],[-35,16],[-69,19],[-15,-4],[-39,-125],[-8,-70],[-3,-11],[-5,-10],[-2,0],[-4,1],[-10,-1],[-7,-3],[-6,-7],[-5,-7],[-4,-7],[-20,-13],[-108,-27],[-96,-23],[-3,-4],[-2,-5],[-3,-5],[-4,-1],[-13,4],[-16,2],[-9,2],[-9,1],[-11,-4],[-19,-14],[-11,-15],[-6,-18],[-10,-56],[-5,-17],[-11,-12],[-2,-6],[5,-22],[-1,-8],[-9,-5],[-92,-25],[-22,-10],[-16,-15],[-8,-10],[-11,-6],[-12,-3],[-19,1],[-14,0],[7,-70],[-2,-17],[-9,-11],[-62,-42],[-24,-25],[-42,-60],[-259,-48],[-30,-5],[-57,-4],[-127,6],[-26,8],[-7,5],[-17,24],[-4,0],[-32,5],[-9,11],[-3,20],[0,58],[27,113],[-1,15],[-25,42],[-7,38],[-7,16],[-31,50],[-6,15],[0,15],[14,47],[-1,15],[-7,18],[-23,29],[-3,8],[3,7],[10,13],[3,7],[-3,16],[-10,18],[-14,16],[-17,10],[-39,33],[-20,16],[-8,9],[-3,11],[-9,124],[-17,58],[-51,81],[-7,26],[4,184],[-11,33],[-171,246],[-13,11],[-18,4],[-35,-2],[-11,2],[-18,9],[-19,10],[-14,32],[-1,98],[7,17],[12,16],[56,42],[1,14],[-24,17],[-22,8],[-38,22],[-84,35],[-18,12],[-18,16],[-17,21],[-13,23],[-2,23],[9,20],[18,13],[47,14],[-33,51],[-9,25],[1,29],[4,22],[-2,8],[-27,5],[-25,14],[-3,14],[14,13],[101,27],[25,2],[12,-2],[8,-2],[8,1],[7,7],[4,8],[7,26],[1,15],[16,35],[3,11],[-1,5],[-3,4],[-4,11],[-1,22],[-1,5],[-6,11],[-8,5],[-25,9],[-14,9],[-26,24],[-40,27],[-5,9],[1,14],[11,15],[34,27],[15,14],[44,58]],[[6616,7104],[5,-1],[22,-19],[8,-4],[39,-7],[37,3],[35,12],[56,26],[12,-1],[13,-5],[29,-4],[17,-10],[10,-3],[9,0],[18,5],[54,-2],[8,4],[5,16],[12,7],[35,4],[3,3],[10,6],[11,2],[5,-8],[0,-30],[15,-16],[37,-5],[39,-3],[27,-5],[15,-13],[6,-4],[57,-22],[62,-44],[60,-42],[28,-14],[19,-4],[6,-2],[3,-3],[4,-9],[4,-4],[7,-3],[62,-14],[15,-7],[6,-14],[1,-21],[5,-21],[7,-19],[9,-16],[6,-7],[18,-13],[2,-5],[-4,-7],[5,-5],[8,-3],[5,-3],[2,-7],[-1,-4],[-7,-15],[-10,-35],[-9,-16],[-14,-12],[-20,-5],[-6,-4],[-4,-10],[-3,-17],[-1,-17],[2,-10],[11,-17],[0,-20],[-3,-20],[1,-21],[9,-14],[44,-33],[7,-12],[12,-48],[27,-54],[5,-31],[-26,-8],[14,-24],[40,-25],[10,-17],[2,-46],[4,-62],[3,-62],[3,-62],[3,-62],[3,-49],[-4,-9],[-94,-1],[-158,-2],[43,-33],[57,-61],[88,-95],[76,-81],[11,-17],[7,-18],[11,-112],[14,-153],[11,-112],[6,-81],[6,-86],[15,-33],[26,-6],[57,-2],[156,-5],[156,-5],[156,-5],[156,-5],[156,-5],[156,-5],[156,-5],[156,-5],[59,-2],[19,2],[17,8],[6,7],[11,19],[6,3],[35,0],[9,-7],[4,-74],[-4,-10],[-19,-14],[-1,-14],[17,-27],[-11,-28],[-82,-83],[-13,-23],[-7,-25],[3,-33],[17,-57],[3,-30],[-2,-5],[-7,-13],[-2,-8],[0,-8],[8,-38],[14,-23],[6,-14],[4,-53],[5,-11],[8,-13],[4,-17],[1,-68],[5,-28],[15,-23],[30,-15],[26,-3],[8,-2],[9,-4],[14,-11],[8,-5],[7,-2],[13,-2],[7,-3],[10,-11],[13,-25],[13,-9],[11,-2],[9,-1],[9,-3],[11,-6],[22,-22],[9,-6],[29,-11],[10,-4],[36,-27],[23,-9],[31,-6],[31,-2],[24,6],[19,3],[14,-2],[18,-7],[11,-10],[9,-17],[2,-19],[-1,-18],[1,-12],[0,-29],[2,-14],[6,-14],[9,-10],[10,-9],[12,-7],[13,-5],[-7,-24],[3,-8],[15,-17],[12,-18],[-2,-14],[-26,-2],[77,-117],[42,-92],[28,-46],[33,-17],[16,0],[14,-2],[7,-7],[-1,-16],[-56,-1],[-15,-3],[-11,-9],[-13,-37],[-39,-108],[-38,-108],[-39,-108],[-38,-108],[-10,-26],[33,-2],[9,-7],[3,-15],[5,-45],[5,-32],[-46,-4],[-14,-8],[-19,-34],[-25,-47],[-56,-103],[-57,-103],[-25,-46],[0,-1],[-10,-18],[-22,-42],[-22,-41],[-10,-19],[-29,-53],[6,-21],[62,-50],[66,-52],[83,-66],[-8,-10],[-9,-12],[-12,-11],[-19,-8],[-20,5],[-13,1],[-6,-4],[-2,-6],[-6,-6],[-8,-4],[-10,-2],[-20,-7],[-26,-33],[-21,-7],[-6,-3],[-9,-13],[-5,-4],[-10,-5],[-35,-11],[-1,20],[12,40],[2,15],[-1,32],[2,17],[-3,24],[-14,43],[-1,24],[2,25],[-3,11],[-9,9],[-32,17],[-76,42],[-77,41],[-76,42],[-76,41],[-77,41],[-76,42],[-77,41],[-76,42],[-42,22],[-23,15],[-25,15],[-16,3],[-66,0],[-155,-2],[-154,-2],[-154,-2],[-155,-1],[-67,-1],[-124,-24],[-277,-52],[-277,-53],[-278,-52],[-277,-53],[-18,-2],[-38,-5],[-39,-6],[-18,-2],[-73,-10],[-13,-4],[-6,-9],[-16,-38],[-23,-55],[-23,-56],[-23,-55],[-23,-56],[-11,-19],[-10,-20],[-5,-9],[-6,-10],[-10,-20],[-14,-18],[-14,-18],[-13,-18],[-14,-18],[-37,-46],[-36,-46],[-37,-46],[-36,-46],[-18,-22]],[[6060,1435],[-3,-50],[-26,-78],[-27,-78],[-29,-85],[-30,-88],[-28,-80],[-38,-109],[-30,-86],[-36,-103],[-21,-67],[-23,-72],[-19,-38],[-7,3],[-2,5],[-2,7],[-3,7],[-10,8],[-35,22],[-39,16],[-11,11],[-6,13],[0,24],[-6,9],[2,7],[0,7],[-5,29],[-2,7],[-12,2],[-35,6],[-122,-6],[-258,1],[-258,2],[-31,-5],[-13,-6],[-38,-29],[-10,3],[-33,26],[-17,6],[-76,5],[-22,-4],[-12,-4],[-3,-2],[0,-5],[-8,-17],[-3,-15],[-3,-6],[-6,-5],[-7,-3],[-5,-1],[-5,-3],[-7,-12],[-12,-43],[-26,-56],[-6,-8],[-17,-8],[-6,-5],[-61,-137],[-19,-25],[-43,-34],[-12,-18],[-35,-114],[-1,-54],[-7,-15],[-19,-58],[1,-10],[-15,6],[-3,36],[-10,10],[6,18],[-3,21],[-11,17],[-17,7],[-9,6],[-22,40],[-8,6],[-8,2],[-5,4],[-2,12],[1,8],[4,15],[1,8],[3,8],[7,7],[6,7],[1,11],[-46,39],[-11,14],[-5,17],[-3,5],[-15,8],[-5,6],[1,7],[6,15],[-1,8],[-11,9],[-17,10],[-11,13],[8,18],[11,11],[5,10],[0,12],[-7,16],[-7,9],[-22,23],[-8,5],[-16,3],[-19,8],[-15,10],[-18,2],[-6,2],[-7,-1],[-15,-6],[-8,-1],[-32,7],[-57,28],[-154,31],[-140,-2]]],"transform":{"scale":[0.0012202051708170777,0.0013218757991799153],"translate":[-69.6664922699999,-22.897257587999945]},"bbox":[-69.6664922699999,-22.897257587999945,-57.465660766999946,-9.679821471999972]}