{"type":"Topology","objects":{"subunits":{"type":"GeometryCollection","geometries":[{"type":"Polygon","id":"Savanes","arcs":[[0,1,2,3,4]]},{"type":"Polygon","id":"Denguélé","arcs":[[-4,5,6,7]]},{"type":"Polygon","id":"Bafing","arcs":[[8,9,10,-7]]},{"type":"Polygon","id":"Dix-Huit Montagnes","arcs":[[11,12,13,14,-10]]},{"type":"Polygon","id":"Worodougou","arcs":[[15,16,17,-12,-9,-6,-3]]},{"type":"Polygon","id":"Marahoué","arcs":[[18,19,20,-17,21]]},{"type":"Polygon","id":"Fromager","arcs":[[22,23,24,25,26,-20]]},{"type":"Polygon","id":"Haut-Sassandra","arcs":[[-21,-27,27,28,-13,-18]]},{"type":"Polygon","id":"Sud-Bandama","arcs":[[29,30,31,32,33,-25]]},{"type":"Polygon","id":"Bas-Sassandra","arcs":[[-26,-34,34,35,-28]]},{"type":"Polygon","id":"Zanzan","arcs":[[36,37,38,-1,39]]},{"type":"Polygon","id":"Vallée du Bandama","arcs":[[-39,40,41,-22,-16,-2]]},{"type":"Polygon","id":"Agnéby","arcs":[[42,43,44]]},{"type":"Polygon","id":"N'zi-Comoé","arcs":[[45,-44,46,47,-41,-38]]},{"type":"MultiPolygon","id":"Lagunes","arcs":[[[-32,48]],[[-47,-43,49,50,51,-30,-24,52]]]},{"type":"Polygon","id":"Moyen-Cavally","arcs":[[-29,-36,53,-14]]},{"type":"Polygon","id":"Moyen-Comoe","arcs":[[54,55,-50,-45,-46,-37]]},{"type":"Polygon","id":"Lacs","arcs":[[-48,-53,-23,-19,-42]]},{"type":"MultiPolygon","id":"Sud-Comoé","arcs":[[[56]],[[-51,-56,57]]]}]}},"arcs":[[[7028,8248],[20,-8],[73,-92],[12,-9],[13,-7],[10,-9],[4,-17],[0,-17],[1,-13],[6,-11],[10,-13],[44,-40],[13,-21],[8,-52],[16,-25],[3,-12],[-2,-12],[-8,-16],[-2,-15],[-2,-6],[-4,-8],[-3,-11],[-1,-13],[4,-14],[7,-7],[7,-5],[4,-6],[5,-26],[-6,-18],[-7,-16],[-4,-25],[3,-12],[6,-14],[8,-12],[5,-6],[20,-7],[4,5],[1,11],[10,12],[30,15],[26,8],[15,1],[12,0],[10,1],[8,7],[45,-36],[44,-28],[67,-13],[33,-15],[18,-4],[13,-7],[5,-17],[3,-17],[7,-12],[12,-3],[50,3],[26,-11],[-20,-52],[22,-24],[-6,-3],[-2,0],[-1,-1],[-3,-6],[34,5],[26,9],[20,0],[11,-24],[0,-41],[-12,-2],[-18,19],[-16,24],[-16,-37],[-6,-34],[12,-26],[59,-14],[27,-9],[24,-14],[13,-17],[-4,-22],[-18,-6],[-23,-1],[-22,-3],[-41,-16],[-34,-21],[-13,-27],[26,-38],[26,-22],[49,-55],[31,-24],[0,-12],[-14,-2],[-6,-3],[-4,-6],[-9,-11],[6,-2],[1,-1],[0,-2],[3,-5],[20,2],[23,-11],[18,-19],[8,-21],[-4,-34],[-11,-6],[-16,7],[-20,6],[-10,-11],[-42,-63],[-30,-23],[-6,-14],[26,-7],[-13,-13],[-22,-6],[-49,-1],[-28,-9],[-17,-21],[-17,-57],[16,-13],[9,-24]],[[7667,6689],[-24,-4],[-16,-4],[-25,-9],[-9,-1],[-9,2],[-8,7],[-16,18],[-5,3],[-5,3],[-26,6],[-21,0],[-13,-1],[-29,-7],[-14,0],[-20,2],[-36,7],[-19,1],[-14,0],[-9,-3],[-9,-1],[-10,0],[-12,3],[-12,9],[-13,14],[-8,5],[-10,2],[-16,-1],[-11,-3],[-18,-7],[-9,-2],[-10,1],[-10,4],[-12,9],[-6,9],[-8,16],[-8,8],[-32,18],[-10,9],[-6,9],[-3,19],[-4,7],[-7,5],[-11,3],[-19,0],[-12,-1],[-38,-9],[-10,1],[-9,4],[-8,8],[-4,9],[-3,9],[-14,94],[-5,17],[-4,7],[-5,6],[-13,10],[-29,15],[-6,5],[-5,6],[-16,28],[-15,8],[-23,8],[-55,13],[-22,8],[-14,9],[-9,13],[-5,6],[-5,5],[-60,21],[-14,4],[-12,0],[-19,-6],[-20,-10],[-597,19],[0,57],[13,8],[12,5],[12,12],[22,30],[6,16],[2,11],[-1,2],[0,1],[0,1],[21,143],[0,18],[-3,13],[-4,7],[-6,5],[-6,4],[-16,2],[-14,7],[-7,3],[-25,4],[-7,3],[-18,16],[-16,6],[-8,3],[-9,7],[-9,10],[-19,46],[-4,7],[-5,6],[-16,14],[-6,8],[-9,16],[-3,11],[-2,12],[0,22],[-6,48],[-5,18],[-18,9],[-25,6],[-168,27],[-13,-3],[-7,-4],[-10,-11],[-12,-12],[-6,-5],[-8,-3],[-8,-3],[-11,1],[-12,4],[-13,9],[-7,7],[-4,9],[-40,90],[-10,15],[-9,8],[-10,2],[-20,0],[-75,-11],[-35,8],[-55,-63],[-25,-42],[-10,-41],[-4,-50],[-16,-47],[-31,-28],[-50,3],[22,-24],[10,-23],[0,-27],[-20,-69],[-17,-35],[-26,-22],[-36,6],[-3,-42],[99,-60],[27,-48],[-15,6],[-17,4],[-17,1],[-17,-1],[0,-10],[9,-4],[24,-18],[-40,-24],[9,-60],[-42,-12],[-11,-8],[17,-18],[24,-15],[10,-3],[2,-20],[-12,-16],[-11,-3],[-16,-5],[-16,0],[-10,-6],[-9,0],[-17,1],[-16,8],[-13,3],[-11,1],[-28,-2],[-18,-4],[-9,-3],[-7,-3],[-6,-5],[-24,-21],[-6,-5],[-7,-4],[-15,-6],[-8,-3],[-9,-2],[-9,0],[-18,4],[-30,3],[-9,3],[-13,8],[-9,2],[-11,0],[-13,-3],[-8,-11],[-23,-54],[-17,-56],[-1,-14],[3,-9],[5,0],[8,7],[5,12],[7,6],[9,2],[7,-3],[7,-5],[5,-6],[5,-17],[4,-6],[15,-8],[6,-5],[0,-10],[-5,-5],[-8,-2],[-18,0],[-10,-7],[-1,-7],[2,-7],[5,-6],[3,-8],[2,-10],[-5,-29],[-1,-11],[-3,-14],[-6,-3],[-8,-2],[-2,-6],[0,-25],[2,-9],[5,-6],[16,-16],[6,-3],[8,1],[13,9],[7,3],[9,1],[9,-1],[9,-2],[8,-3],[7,-4],[6,-6],[4,-9],[-1,-43],[-1,-9],[-1,-9],[2,-8],[4,-6],[5,-4],[6,-4],[6,-4],[9,0],[8,2],[8,0],[7,-5],[2,-8],[1,-14],[-13,-12]],[[4921,6557],[-216,49],[-337,118],[-13,7],[-249,371],[-29,56],[-2,8],[-3,21],[-3,13],[-6,8],[-8,6],[-32,15],[-106,65],[-1,1],[-4,5],[-3,6],[-9,23],[-4,9],[-17,23],[-8,15],[-3,8],[-1,8],[0,9],[1,10],[3,8],[24,44],[10,12],[18,15],[5,7],[4,7],[1,9],[0,9],[-1,10],[-7,13],[-39,47],[-35,20],[-19,3],[-12,2],[-10,0],[-32,8],[-45,-9],[-16,-11],[-4,-7],[-7,-16],[-10,-34],[-9,-17],[-9,-6],[-12,-3],[-12,-1],[-19,-7],[-9,-7],[-30,-39],[-32,-36],[-19,-13],[-14,-7],[-9,3],[-8,3],[-6,5],[-12,11],[-9,13],[-9,13],[-13,34],[-6,11],[-9,13],[-17,16],[-10,4],[-13,2],[-22,0],[-13,-2],[-10,-4],[-6,-5],[-5,-6],[-3,-7],[-3,-8],[1,-9],[2,-8],[14,-29],[-3,-11],[-9,-14],[-29,-23],[-17,-10],[-15,-4],[-139,9],[-9,3],[-6,3],[-12,11],[-19,20],[1,15],[13,10],[-58,8]],[[3063,7479],[13,44],[-1,9],[-2,12],[-13,22],[1,21],[19,90],[2,25],[-4,16],[-6,5],[-11,12],[-4,7],[-6,5],[-24,40],[-19,65],[-6,29],[-1,20],[15,21],[2,13],[-3,12],[-7,18],[-2,10],[0,6],[4,6],[5,4],[5,7],[3,8],[4,19],[3,8],[5,6],[7,4],[8,3],[8,7],[6,10],[7,21],[1,13],[-2,10],[-5,4],[-9,6],[-23,18],[-14,19],[-10,9],[-30,17],[19,76],[10,27],[5,7],[25,29],[3,13],[2,18],[6,11],[7,9],[11,8],[2,8],[-3,6],[-5,8],[-4,9],[-1,15],[6,11],[8,13],[3,11],[0,9],[-4,7],[-7,5],[-16,9],[-6,9],[1,15],[8,25],[5,30],[6,16],[6,10],[8,8],[10,15],[0,10],[-2,8],[-9,12],[-4,7],[-10,39],[-4,10],[-5,7],[-6,5],[-7,4],[-7,7],[-7,10],[-13,30],[-5,8],[-7,5],[-8,4],[-9,2],[-10,0],[-208,-6],[-11,2],[-9,3],[-8,7],[-1,8],[2,7],[29,41],[12,14],[35,30],[4,9],[4,14],[0,12],[4,20],[6,15],[14,21],[6,13],[1,12],[-2,8],[-13,14],[19,23],[30,14],[44,7],[22,-2],[61,11],[17,-30],[19,-16],[18,-9],[13,-4],[12,-2],[10,0],[19,3],[65,20],[133,69],[6,4],[5,6],[1,8],[-4,27],[1,19],[7,34],[-2,10],[-51,14],[-10,8],[-14,13],[-4,10],[-2,10],[1,10],[5,20],[-1,12],[-6,26],[-12,16],[-28,56],[-19,18]],[[3191,9434],[7,50],[7,12],[11,12],[8,14],[0,17],[-10,11],[-17,7],[-18,6],[-13,6],[-20,30],[-3,27],[16,50],[8,72],[-5,12],[-6,11],[-3,13],[4,29],[8,29],[3,2],[23,37],[-2,5],[36,11],[22,-13],[33,-54],[25,-21],[33,-22],[66,-34],[27,-8],[89,-17],[34,-2],[40,7],[31,19],[6,37],[-12,15],[-21,9],[-19,11],[-8,22],[3,61],[11,29],[28,13],[36,2],[34,-6],[42,-1],[32,14],[30,20],[39,16],[39,5],[17,-9],[2,-22],[-8,-64],[4,-13],[31,-10],[18,-10],[15,-11],[5,-13],[-8,-18],[-17,-10],[-18,-7],[-13,-14],[10,-22],[5,-19],[-3,-18],[-10,-13],[-30,-23],[-8,-13],[-1,-24],[9,-4],[14,4],[14,-2],[9,-8],[9,-11],[9,-9],[11,-3],[19,2],[13,1],[10,-6],[7,-15],[-3,-9],[-17,-29],[-4,-13],[6,-15],[26,-30],[-24,-48],[-5,-29],[24,-19],[-40,-42],[1,-5],[4,-10],[2,-10],[-3,-8],[-14,-5],[-11,4],[-8,7],[-4,2],[-20,-21],[-4,-21],[5,-58],[25,4],[18,-11],[32,-37],[22,-13],[124,-42],[146,1],[31,29],[19,30],[11,33],[6,40],[19,14],[77,-25],[19,13],[-7,86],[7,29],[18,26],[25,17],[118,59],[210,44],[92,8],[45,11],[16,1],[20,-7],[36,-23],[45,-16],[28,-15],[29,-36],[20,-39],[2,-27],[23,-8],[12,-2],[15,-1],[9,-5],[8,-13],[5,-14],[5,-10],[18,-14],[22,-11],[28,-7],[33,-1],[7,5],[7,9],[6,6],[8,-4],[7,-4],[9,-2],[19,1],[19,4],[10,10],[8,11],[12,7],[28,-1],[76,-11],[26,7],[80,-45],[15,2],[12,21],[27,-2],[26,-17],[1,0],[12,-24],[0,-86],[-4,-8],[-7,-9],[2,-7],[20,-2],[12,4],[9,8],[8,10],[5,10],[4,-32],[-14,-28],[-1,-17],[44,1],[-11,-28],[10,-16],[41,-26],[3,-12],[-38,-13],[-15,-13],[14,0],[11,-3],[9,-4],[11,-3],[-23,-10],[14,-18],[18,-3],[19,8],[16,13],[9,-28],[17,-15],[22,-10],[19,-12],[19,-24],[11,-29],[-6,-21],[-35,-1],[7,-16],[19,-23],[18,-36],[3,-10],[-24,-64],[2,-18],[48,-43],[14,-4],[10,10],[8,14],[13,7],[19,-3],[7,-8],[6,-7],[13,-3],[38,-3],[33,-10],[23,-19],[11,-32],[31,9],[14,-23],[8,-36],[15,-26],[-26,-9],[-14,-2],[-16,1],[0,-12],[15,-12],[3,-6],[5,-13],[21,6],[22,-33],[25,5],[-9,8],[-3,7],[6,5],[16,2],[17,-2],[8,-5],[5,-9],[10,-11],[19,-16],[6,-10],[2,-17],[4,-12],[8,-6],[22,-9],[9,-9],[-1,-6],[1,-1],[14,5],[13,9],[11,10],[6,9],[-2,4],[24,0],[20,3],[19,10],[21,20],[19,-14],[24,-34],[18,-6],[24,6],[6,17],[1,21],[8,21],[5,11],[2,6],[5,3],[30,0],[12,-3],[10,-4],[4,-8],[-4,-27],[-16,-41],[-3,-28],[23,-33],[53,-5],[59,3],[39,-9],[15,-23],[14,-51],[11,-17],[22,-10],[6,14],[0,25],[4,25],[26,-6],[44,-18]],[[3063,7479],[-60,-34],[-40,-11],[-15,-6],[-21,-13],[-19,-7],[-65,-15],[-17,-8],[-10,-9],[-2,-10],[-5,-11],[-10,-15],[-4,-12],[-1,-11],[1,-22],[0,-1],[8,-70],[0,-10],[-4,-10],[-5,0],[-6,3],[-12,11],[-8,4],[-10,3],[-19,-1],[-12,1],[-9,4],[-6,5],[-9,4],[-11,2],[-47,-9],[-26,-3],[-11,1],[-9,1],[-9,3],[-7,4],[-7,5],[-5,6],[-18,26],[-6,5],[-7,4],[-9,1],[-29,-2],[-9,1],[-8,4],[-6,4],[-3,3],[-1,0],[0,1],[-1,1],[-4,3],[-9,4],[-15,3],[-10,0],[-8,-4],[-5,-4],[-3,-3],[-2,-6],[-15,-18],[-20,-12],[-27,-23],[-22,-16],[-42,-11],[-22,-1],[-3,-3],[-1,-7],[4,-6],[7,-4],[13,-1],[15,-4],[0,-9],[-10,-18],[0,-21],[-4,-16],[-7,-15],[-12,-13],[23,-9],[14,-18],[7,-25],[2,-28],[3,-9],[15,-27],[3,-12],[-4,-12],[-14,-13],[-3,-13],[-3,-27],[-20,-75],[-2,-59],[-5,-30],[-16,-29],[22,-1],[12,-6],[-2,-8],[-20,-7],[21,-15],[18,-29],[11,-32],[9,-59]],[[2343,6548],[-53,46],[-14,23],[-6,16],[-5,8],[-9,10],[-15,13],[-41,26],[-12,5],[-17,5],[-16,7],[-14,8],[-22,21],[-44,57],[-16,27],[-8,9],[-11,9],[-37,22],[-18,9],[-14,8],[-72,80],[-60,33],[-6,4],[-6,6],[-45,68],[-12,12],[-95,79],[-51,17],[-30,14],[-14,8],[-12,11],[-10,14],[-74,131],[-40,54],[-20,4]],[[1424,7412],[2,2],[-20,24],[-68,36],[-37,27],[-18,17],[-22,40],[-14,3],[-16,-7],[-20,-3],[-84,31],[-1,57],[58,136],[5,37],[43,124],[-8,14],[-68,0],[-34,-7],[-63,-33],[-33,-12],[-30,-3],[-37,2],[-35,7],[-27,13],[-27,28],[-96,128],[-12,25],[-8,28],[-5,36],[-1,34],[2,14],[60,408],[-7,33],[-31,-2],[-7,2],[-7,14],[5,6],[8,2],[3,4],[-3,8],[-3,28],[-7,8],[-9,3],[-9,0],[-6,3],[-5,13],[-6,16],[2,14],[35,13],[20,15],[6,15],[-20,7],[-16,17],[17,40],[34,42],[30,27],[83,29],[38,20],[31,39],[6,22],[8,22],[12,19],[17,18],[31,-11],[34,0],[34,9],[30,13],[30,24],[16,10],[42,5],[16,6],[14,9],[16,12],[39,48],[6,12],[6,17],[11,8],[12,8],[9,12],[3,22],[20,32],[-22,27],[33,6],[36,21],[19,26],[-20,23],[15,7],[7,2],[0,11],[23,17],[14,4],[20,-3],[14,5],[8,16],[7,20],[9,13],[34,5],[59,-34],[38,-4],[16,2],[30,0],[15,5],[12,11],[39,47],[24,1],[19,-4],[15,-9],[15,-14],[8,-18],[2,-18],[-2,-17],[2,-14],[6,-15],[28,-44],[2,-17],[-4,-15],[2,-10],[21,0],[15,3],[45,16],[37,-2],[10,-24],[-11,-64],[2,-38],[14,-19],[26,-7],[103,-2],[130,-19],[161,-42],[28,-16],[26,-29],[25,-36],[29,-25],[40,2],[38,12],[34,24],[20,33],[-3,40],[-16,18],[-21,13],[-18,14],[-3,21],[39,124],[19,20],[37,6],[93,-12],[32,5],[96,42],[35,3],[36,-11],[62,-34],[36,-4],[38,12],[14,18],[1,8]],[[2343,6548],[21,-44],[10,-35],[0,-65],[16,-96],[17,-31],[25,-25],[32,-19],[-19,-12],[-5,-9],[1,-9],[0,-69],[-17,-26],[11,-39],[20,-41],[20,-21],[-10,-30],[7,-22],[15,-20],[9,-26],[-2,-12],[-15,-21],[-4,-13],[0,-55],[8,-32],[28,-65]],[[2511,5711],[-206,-1],[-49,9],[-14,29],[-56,85],[-5,7],[-6,5],[-60,37],[-28,12],[-57,13],[-13,5],[-9,6],[-5,6],[-8,14],[-6,7],[-9,8],[-17,12],[-25,21],[-11,3],[-15,0],[-8,-5],[-7,-6],[-9,-12],[-12,-10],[-25,-18],[-12,-10],[-5,-5],[-3,-5],[-6,-10],[-15,-53],[-2,-40],[1,-9],[3,-8],[5,-7],[10,-10],[2,-4],[1,-3],[-1,-3],[-8,-10],[-3,-8],[-1,-8],[0,-8],[1,-6],[2,-3],[10,-17],[2,-5],[2,-7],[2,-48],[2,-9],[0,-8],[-3,-8],[-11,-9],[-9,-6],[-6,-5],[-1,-6],[3,-7],[3,-6],[2,-6],[-3,-4],[-6,-4],[-5,-4],[-6,-5],[-5,-7],[-7,-8],[-10,0],[-8,-3],[-7,-4],[-16,-14],[-16,-9],[-12,-3],[-12,0],[-14,1],[-14,-6],[-12,0],[-7,1],[-5,7],[-3,8],[-6,5],[-5,0],[-5,-5],[-6,-6],[-8,-6],[-18,-17],[-25,-13],[-12,-3],[-9,-1],[-4,5],[-5,6],[-5,5],[-7,2],[-12,-12],[-6,-1],[-6,3],[-5,15],[-5,7],[-9,5],[-7,6],[-6,8],[-13,9],[-27,8],[-34,5],[-17,5],[-9,7],[-3,7],[-13,20],[-5,5],[-12,11],[-4,7],[-3,8],[-4,8],[-9,4],[-7,5],[-12,11],[-7,4],[-9,3],[-8,5],[-11,3],[-6,3],[-1,7],[3,6],[2,6],[-1,7],[-10,12],[-3,7],[-3,7],[-2,7],[-1,1],[-1,0],[-23,21],[-22,8],[-11,-2],[-7,-6],[-6,-8],[-11,-2],[-38,6],[-30,12],[-31,13]],[[1068,5770],[-4,16],[-20,34],[-27,29],[-31,17],[-9,22],[0,24],[9,48],[13,19],[9,22],[-1,15],[-21,0],[-98,-32],[-16,-3],[-159,47],[-136,85],[2,16],[27,27],[5,18],[-4,30],[0,29],[20,89],[-2,32],[-9,20],[-11,17],[-9,17],[0,19],[9,11],[79,60],[23,3],[59,-11],[33,3],[55,21],[33,2],[14,-4],[18,-15],[10,-5],[14,-1],[28,2],[15,-2],[49,12],[25,3],[24,-4],[20,-15],[11,-21],[9,-22],[13,-21],[18,-15],[23,-13],[27,-7],[27,-1],[28,12],[3,22],[-5,26],[6,24],[36,5],[35,-45],[52,-98],[37,-22],[45,-6],[95,10],[-34,66],[-10,34],[5,37],[12,40],[0,27],[-21,65],[-3,33],[4,60],[-9,29],[-12,14],[-45,29],[-16,17],[-39,68],[-11,13],[-31,26],[-8,8],[-13,20],[-10,7],[-10,0],[-17,-8],[-7,-1],[-98,28],[-37,4],[-75,22],[-16,48],[30,136],[7,77],[8,37],[16,38],[24,25],[147,71],[32,3],[32,0],[39,6],[26,18]],[[2511,5711],[20,-49],[0,-32],[-12,-18],[-16,-15],[-17,-20],[-6,-12],[-3,-10],[-2,-25],[3,-16],[15,-17],[3,-11],[6,-102],[11,-55],[18,-41]],[[2531,5288],[1,-18],[-1,-17],[-4,-16],[-8,-14],[10,-25],[18,-69],[11,-14],[36,11],[18,0],[15,-28],[36,-4],[13,-10],[0,-31],[-24,-17],[-29,-13],[-14,-20],[9,-37],[2,-16],[-2,-5],[-3,-3],[-4,-4],[-2,-10],[5,-5],[22,-13],[6,-9],[-4,-42],[-28,-17],[-32,-11],[-15,-21],[-5,-18],[-11,-15],[-11,-12],[-9,-14],[-7,-3],[-8,-4],[-4,-10],[2,-10],[7,-17],[15,-78],[3,-38],[-10,-27],[-9,-17],[3,-17],[8,-17],[4,-14],[-12,-54],[0,-16],[62,-144],[3,-24],[-6,-22],[-28,-89],[-8,-50],[0,-17],[3,-33]],[[2545,4050],[-11,1],[-77,13],[-24,9],[-40,26],[-8,4],[-17,0],[-125,-12],[-56,12],[-10,1],[-22,1],[-154,-24],[-46,-12],[-17,-3],[-172,-1],[-106,-15],[-20,-36],[-3,-11],[-7,-82],[-22,-4],[-273,-4],[-27,2],[-23,5],[-16,14],[-7,10],[-18,50],[-8,14],[-8,7],[-12,7],[-40,10],[-23,4],[-12,5],[-14,9],[-35,30],[-13,9],[-8,5],[-42,17],[-37,-12],[-64,-59],[-19,-9],[-13,-3],[-9,2],[-5,-4],[-4,-8],[-7,-10],[-9,-6],[-12,-5],[-2,-5],[5,-11],[-7,-20],[-14,-27],[-3,-10],[0,-8],[3,-6],[5,-1],[6,-1],[4,-5],[16,-38],[-1,-10],[-7,-4],[-10,-3],[-13,-7],[-15,-12],[-19,-11],[-10,-4],[-9,-12],[-19,-13],[-3,-7],[-1,-15],[-6,-32],[-7,-17],[-12,-13],[-10,-6],[-10,-1],[-6,4],[-3,6],[-1,6],[-4,5],[-9,0],[-33,-19],[-5,-9],[1,-6],[11,-22],[1,-11],[-6,-4],[-17,-3],[-7,-2],[-9,-1],[-17,2],[-4,-3],[3,-13],[1,-9],[-3,-10],[-1,-9],[1,-8],[0,-7],[-1,-10],[-12,-6],[-40,-30],[-11,-1],[-21,-7],[-13,-6],[-18,-13],[-12,1],[-15,6],[-160,98],[-11,4]],[[290,3621],[147,157],[23,34],[21,45],[13,47],[3,22],[-1,22],[-8,9],[-14,8],[-8,12],[21,43],[2,25],[-2,25],[2,28],[9,14],[33,24],[12,15],[4,38],[-28,149],[-2,38],[-4,15],[-10,16],[-25,23],[-5,10],[-2,10],[4,20],[-1,11],[-7,12],[-19,23],[-8,13],[-13,48],[-10,21],[-28,38],[-11,18],[-9,31],[-20,152],[-33,110],[-30,55],[-68,33],[74,66],[42,20],[39,-42],[30,2],[58,17],[55,-14],[62,-46],[60,-24],[47,50],[0,11],[-5,25],[1,12],[7,18],[33,40],[7,6],[19,10],[7,6],[1,7],[-5,15],[1,6],[53,58],[8,23],[5,52],[7,25],[7,9],[11,6],[9,9],[4,15],[-9,17],[-36,30],[-12,17],[3,63],[82,117],[16,61],[3,38],[-3,13],[25,0],[69,10],[16,-5],[15,-13],[20,-11],[29,-3],[-5,19]],[[4921,6557],[9,-26],[134,-73],[-18,-19],[-15,-6],[-40,3],[-30,9],[-15,2],[-15,-3],[-15,-8],[-9,-7],[5,-3],[15,-12],[46,-52],[18,-12],[8,-3],[5,-8],[8,-7],[13,-3],[56,0],[8,-5],[3,-10],[2,-10],[4,-7],[78,-17],[11,-4],[33,-22],[19,-9],[8,-5],[7,-7],[17,-34],[6,-9],[19,-9],[23,-6],[22,-13],[13,-27],[-33,0],[30,-76],[3,-40],[-22,-34],[-24,0],[-24,-1],[-23,-7],[19,-37],[-4,-22],[-13,-14],[-20,5],[-13,-21],[-22,11],[-28,7],[-23,-5],[-14,-24],[-26,7],[-49,1],[-18,-5],[-9,-4],[2,-24],[-1,-13],[-5,-9],[-10,-10],[-95,-59],[-43,-18],[-70,-11],[-55,4],[-15,0],[-25,-3],[-15,-5],[-15,-74],[1,-15],[7,-28],[6,-16],[2,-9],[0,-10],[-1,-9],[-5,-16],[-7,-16],[-24,-31],[-3,-7],[-7,-26],[-1,-9],[1,-20],[5,-17],[8,-24],[-1,-12],[-5,-14],[-16,-23],[-9,-10],[-27,-16]],[[4618,5326],[-48,-1],[-17,-3],[-24,-8],[-31,-20],[-31,-16],[-30,-10],[-126,47],[-23,5],[-17,-3],[-53,-37],[-46,-41],[-6,-17],[-1,-12],[4,-28],[1,-7],[-6,-10],[-5,-8],[-48,-27]],[[4111,5130],[-29,39],[-28,17],[-43,13],[-62,24],[-15,10],[-7,9],[-6,49],[-3,8],[-3,8],[-18,29],[-20,42],[-51,2],[-243,-56],[-50,-2],[-37,2],[-243,68],[-600,-34],[-47,-10],[-36,-21],[-39,-39]],[[4837,4564],[-5,-14],[3,-8],[-4,-7],[-6,-5],[-10,-4],[-1,-7],[2,-8],[10,-18],[7,-7],[7,-4],[9,-1],[9,0],[11,-1],[12,-4],[28,-22],[20,-12],[2,-9],[1,-10],[5,-17],[8,-8],[14,-10],[10,-4],[10,-2],[9,0],[9,2],[7,3],[7,4],[5,4],[9,3],[15,3],[11,-1],[11,-3],[44,-16],[6,-8],[2,-9],[-13,-45],[-9,-21],[-2,-10],[1,-11],[5,-17],[8,-12],[7,-8],[7,-5],[7,-4],[8,-3],[32,-9],[4,-6],[-1,-7],[-5,-6],[-6,-5],[-20,-9],[-17,-6],[-11,-18],[-6,-12],[-14,-45],[-3,-25],[-8,-27],[-34,-25],[-3,-29],[14,-29],[44,-49],[10,-35],[16,-18],[80,-73],[3,-13],[18,-37],[17,-35],[6,-32],[-5,-79],[-1,-2]],[[5243,3597],[-2,0],[-109,1],[-50,-18],[-324,-210],[-49,-10],[-492,49]],[[4217,3409],[-78,78],[-11,54],[6,38],[-57,75],[-63,80],[-13,58],[-1,53],[-3,26],[-60,117],[-9,35],[-4,31],[2,54],[4,27],[9,27],[20,20],[295,182],[36,6],[46,3],[22,4],[12,5],[4,12],[4,7],[17,19],[-64,30],[-41,5],[-6,2],[-30,23],[-20,8],[-75,38],[-43,15],[-10,5],[-6,5],[-4,7],[-8,21],[-12,16],[-73,17],[-32,3],[-22,0],[-10,-1],[-16,-6],[-5,-6],[-2,-9],[1,-45],[-4,-23],[-10,-23],[-33,-8],[-34,-3],[-44,1],[-55,9],[-25,1],[-14,6],[-11,8],[-10,13],[-12,13],[-16,13],[-15,2],[-20,-6],[-18,-10],[-38,-14],[-3,33],[78,149],[87,125],[20,36],[12,40],[18,35],[22,17],[319,168]],[[4618,5326],[20,-57],[5,-27],[-9,-104],[2,-15],[3,-11],[6,-5],[7,-4],[9,-3],[10,-2],[15,-13],[19,-23],[31,-60],[11,-28],[5,-19],[-4,-7],[-5,-5],[-7,-4],[-16,-3],[-14,0],[6,-29],[4,-6],[22,-26],[-12,-101],[3,-31],[10,-12],[6,-4],[16,-5],[13,-13],[2,-10],[-1,-9],[-5,-6],[-13,-11],[-5,-8],[1,-7],[4,-7],[12,-10],[5,-6],[6,-5],[6,-4],[25,-9],[9,-6],[8,-10],[11,-18],[3,-10],[-5,-9]],[[5243,3597],[0,-11],[7,-30],[18,-11],[90,2],[37,-9],[20,-21],[-15,-34],[6,-24],[-16,-23],[-21,-29],[26,-9],[21,-3],[4,-6],[-9,-23],[-3,-20],[-4,-8],[-9,-9],[-6,-12],[7,-9],[10,-8],[5,-9],[-2,-42],[2,-30],[12,-25],[28,-27],[27,-8],[57,19],[32,-9]],[[5567,3169],[2,-55],[3,-10],[-4,-41],[-48,-127]],[[5520,2936],[-76,20],[-36,5],[-315,-105],[-366,46],[-45,-89],[-10,-33],[7,-57],[8,-34],[0,-14],[-46,-80],[3,-29],[-3,-29],[-5,-10],[-9,-11],[-23,-14],[-15,-5],[-13,-2],[-75,-65],[-302,-340]],[[4199,2090],[-4,18],[-5,4],[-8,4],[-6,5],[-3,10],[0,10],[3,17],[-1,8],[-4,7],[-5,6],[-36,28],[-14,29],[-6,9],[-39,23],[-12,5],[-38,-1],[-95,-25],[-49,103],[-9,14],[-7,10],[-7,4],[-13,10],[-5,10],[-5,14],[-9,88],[-3,13],[-5,13],[-12,24],[-8,12],[-13,14],[-22,18],[0,1],[-4,3],[-9,8],[-11,12],[-32,55],[-32,83],[-21,75],[-20,241]],[[3630,3072],[48,6],[60,15],[50,20],[28,6],[23,3],[82,-5],[18,3],[15,8],[95,76],[7,3],[8,1],[8,-2],[8,-3],[30,-15],[13,-8],[10,6],[13,17],[40,72],[14,39],[17,95]],[[3630,3072],[-41,-7],[-100,-39],[-28,0],[-29,9],[-82,47],[-18,7],[-13,-8],[-122,-86],[-17,-10],[-16,-3],[-235,-1],[-19,5],[-23,15],[-190,217],[-33,81],[0,9],[7,12],[7,6],[9,4],[9,2],[16,4],[6,4],[4,5],[2,8],[1,11],[-1,13],[-3,18],[-13,28],[-56,45]],[[2652,3468],[-15,12],[-5,6],[5,27],[52,75],[-5,44],[3,21],[4,7],[3,8],[2,9],[1,9],[-28,134],[-7,18],[-9,15],[-21,25],[-12,11],[-10,8],[-33,11],[-7,4],[-7,6],[-6,9],[-7,14],[-3,12],[0,13],[7,17],[6,9],[6,8],[4,16],[-25,34]],[[5520,2936],[112,-101],[66,-26],[168,-19],[24,-8],[17,-14],[6,-33],[8,-193],[20,-121],[81,-147],[-91,-223],[-3,-13],[1,-8],[3,-7],[9,-12],[15,-28],[3,-8],[7,-33],[0,-20],[-4,-21],[-18,-58],[-103,-237],[-6,-17],[-1,-11],[-1,-12],[3,-37],[-1,-9],[-2,-9],[-57,-121],[-8,-10],[-6,-6],[-7,-5],[-9,-3],[-12,0],[-19,6],[-23,18],[-15,2],[-22,0],[-103,-8],[-15,-7]],[[5537,1377],[-3,4],[-10,0],[-18,-18],[-29,8],[-32,13],[-24,-3],[-10,0],[-17,7],[-10,-6],[-1,-15],[7,-19],[-5,2],[-19,8],[1,-16],[-1,-5],[14,4],[2,-5],[7,-9]],[[5389,1327],[-3,0],[-23,10],[-18,12],[-85,69],[-15,8],[-17,6],[-21,3],[-12,-42],[24,-210]],[[5219,1183],[-110,-6],[-48,7],[-42,24],[-46,-32],[34,-10],[12,-1],[-130,-38],[-362,-52],[-12,-4]],[[4515,1071],[-1,5],[-22,155],[0,19],[8,25],[5,12],[6,10],[16,16],[14,8],[16,7],[131,32],[15,100],[-139,444],[-205,-66],[-25,-4],[-5,6],[-4,8],[-7,9],[-17,6],[-10,6],[-6,5],[-7,9],[-10,10],[-5,6],[-4,7],[-8,32],[-3,7],[-3,6],[-4,7],[-2,18],[0,8],[2,8],[4,6],[3,8],[0,16],[-16,26],[-7,7],[-6,9],[-9,9],[-11,17]],[[4515,1071],[-184,-55],[-28,-14],[-12,-14],[-19,1],[-86,-31],[-129,-63],[-447,-143],[-14,-11],[-10,-24],[-24,-12],[-173,-41],[-34,-4],[-26,-8],[-44,-40],[-27,-16],[-206,-58],[-165,-11],[-42,-20],[-39,-9],[-18,-10],[-45,-53],[-88,-71],[-102,-59],[-67,-19],[-122,-12],[-97,-40],[-20,-13],[-17,-31],[-17,-3],[-21,1],[-15,-6],[-30,-23],[-88,-46],[-129,-102],[-29,-11],[-40,3],[-71,14],[-26,-3],[-55,35],[-8,19],[2,15],[17,30],[5,15],[-2,15],[-12,31],[3,40],[-3,16],[-4,15],[-3,14],[8,335],[-8,82],[-4,14],[-10,11],[-13,9],[-12,12],[-8,18],[0,2],[0,12],[9,32],[2,18],[-11,48],[0,15],[50,38],[22,-2],[14,-10],[6,0],[0,23],[-9,31],[-16,20],[-11,22],[2,34],[-13,90],[4,28],[21,28],[26,12],[28,-1],[23,-9],[44,77],[10,28],[1,26],[-13,74],[17,51],[7,15],[12,14],[42,22],[4,4],[19,-3],[-3,-6],[-8,-8],[2,-8],[5,-10],[0,-12],[4,-6],[16,7],[8,9],[6,26],[4,11],[20,26],[9,16],[2,18],[-4,30],[-9,30],[-13,2],[-17,-3],[-24,13],[-15,21],[-12,27],[-6,28],[0,25],[22,-12],[8,17],[-1,59],[12,23],[19,14],[8,13],[-2,3],[-17,15],[11,0],[32,2],[-22,27],[-8,30],[11,18],[35,-5],[-21,25],[-35,67]],[[1964,2011],[30,6],[500,93],[21,483],[-8,140],[-18,67],[-22,307],[-8,207],[9,49],[18,15],[13,8],[11,5],[8,2],[7,3],[6,5],[6,5],[21,30],[4,4],[26,14],[7,3],[45,10],[12,1]],[[9033,4246],[0,1],[-2,29],[-68,124],[-19,20],[-26,22],[-55,32],[-36,28],[-20,11],[-119,35],[-35,5],[-21,-1],[-13,-21],[-10,-12],[-6,-5],[-8,-1],[-10,3],[-26,30],[-17,14],[-6,7],[-4,7],[-4,6],[-25,80],[-6,8],[-10,8],[-20,10],[-11,7],[-9,3],[-8,-3],[-6,0],[-15,8],[-10,-3],[-26,8],[-6,1],[-8,-1],[-52,-16]],[[8316,4690],[24,36],[-2,36],[26,13],[5,25],[-10,64],[-5,1],[-36,51],[-5,12],[-7,9],[-14,7],[-19,3],[-21,6],[-19,8],[-13,10],[-3,15],[32,29],[9,19],[-13,47],[-32,7],[-65,-16],[-15,9],[-8,14],[-10,14],[-19,6],[-6,10],[-1,23],[-7,22],[-19,10],[-41,7],[-18,17],[-15,52],[13,36],[-21,17],[-36,4],[-33,-3],[-10,11],[-13,7],[-16,0],[-18,-8],[-11,32],[-17,16],[-26,5],[-36,1],[0,10],[17,8],[3,11],[-10,31],[-4,6],[-11,14],[-2,10],[6,9],[9,10],[4,8],[-8,27],[-10,18],[-7,11],[-21,15],[-22,-17],[-17,13],[-48,11],[-24,8],[-26,14],[-1,5],[15,4],[22,10],[29,23],[13,15],[4,14],[-13,31],[-16,-2],[-17,-12],[-16,0],[-23,5],[-28,-8],[-24,0],[-10,25],[10,71]],[[7539,5772],[8,58],[18,38],[28,21],[37,-12],[6,7],[13,17],[4,8],[-21,19],[-63,73],[-17,8],[-17,2],[-12,4],[-5,19],[6,19],[24,32],[5,19],[-10,15],[-39,22],[-8,11],[-2,16],[-7,22],[-1,15],[17,2],[82,0],[24,4],[12,16],[4,17],[-3,15],[-8,12],[-17,17],[0,6],[7,4],[5,14],[2,5],[5,5],[4,7],[0,11],[-5,7],[-7,2],[-7,-1],[-4,2],[-8,12],[-10,9],[-4,13],[11,20],[5,-5],[22,4],[35,11],[10,29],[7,20],[-15,31],[-60,32],[-4,28],[10,9],[28,8],[12,21],[46,33],[3,22],[-10,34],[-8,8]],[[7028,8248],[11,12],[21,40],[4,19],[-5,37],[0,14],[9,14],[50,50],[-19,6],[-7,1],[21,19],[29,9],[61,8],[30,16],[47,62],[30,21],[28,4],[93,-27],[17,-8],[10,-3],[10,2],[3,7],[1,8],[1,5],[25,11],[14,4],[52,1],[11,22],[7,26],[24,12],[35,8],[62,38],[30,9],[3,1],[108,1],[32,9],[14,10],[26,27],[16,10],[24,7],[80,10],[12,-2],[21,-11],[11,-2],[8,4],[16,18],[5,4],[22,-7],[13,-11],[10,-13],[18,-12],[28,-5],[97,12],[258,-20],[20,-7],[29,-26],[18,-8],[14,5],[20,11],[17,6],[7,-10],[-2,-32],[3,-32],[17,-20],[39,4],[22,21],[56,75],[25,17],[20,-12],[1,-30],[-4,-37],[7,-31],[29,-16],[37,-1],[37,-8],[33,-38],[21,-76],[16,-36],[28,-23],[30,-1],[56,16],[31,-7],[26,-25],[20,-36],[29,-73],[81,-151],[164,-206],[37,-27],[39,-3],[31,26],[40,80],[51,46],[22,-27],[2,-22],[-7,-50],[2,-12],[8,-27],[0,-42],[-8,-26],[-20,-12],[-22,-10],[-17,-21],[-2,-29],[13,-25],[23,-16],[28,-6],[26,-13],[-2,-30],[-20,-30],[-52,-26],[-19,-28],[-28,-56],[-35,-34],[-7,-13],[-3,-78],[-7,-25],[-15,-22],[16,-8],[10,-11],[13,-8],[23,-4],[42,-2],[41,-9],[41,-20],[11,-26],[2,-32],[25,-73],[10,-7],[11,-2],[9,-3],[4,-14],[2,-27],[33,-109],[-2,-22],[-17,-9],[-12,-10],[-4,-20],[8,-12],[0,-1],[15,7],[7,-25],[76,-439],[75,-439],[-11,-23],[-74,-42],[-22,-7],[-19,2],[-21,9],[-13,1],[-11,-9],[-11,-21],[-7,-25],[4,-20],[22,-45],[10,-37],[-1,-27],[-17,-21],[-33,-16],[-98,-31],[-30,-21],[-75,-82],[-26,-21],[-3,5],[-8,9],[-11,7],[-10,-1],[-5,-12],[-7,-117],[-5,-17],[-13,-13],[-37,-21],[-14,-13],[-1,-8],[5,-20],[-1,-9],[-6,-10],[-17,-19],[-6,-10],[-118,-241],[-22,-64],[-80,-480],[2,-18],[10,-22],[11,-13],[7,-13],[-1,-21],[-15,-31],[-75,-89],[-8,-16],[-13,-78],[-9,-11],[-81,-26],[-2,-1]],[[7539,5772],[-240,-46],[-36,-10],[-13,-10],[-8,-7],[-36,-53],[-94,-97],[-30,-22],[-129,-60],[-42,-35],[-24,-11],[-27,-6],[-19,-2],[-22,1],[-34,12],[-16,2],[-12,0],[-64,-14],[-15,-60],[2,-27],[5,-9],[5,-16],[25,-185],[-5,-18],[-8,-9],[-10,0],[-52,14],[-10,0],[-10,-1],[-10,-3],[-9,-7],[-9,-9],[-15,-20],[-17,-18],[-9,-8],[-42,-28],[-35,-40]],[[6474,4970],[-131,-5],[-42,4],[-9,6],[-30,29],[-21,12],[-14,5],[-12,0],[-97,-5],[-25,-6],[-19,-10],[-29,-33],[-24,-44],[-13,-11],[-20,-12],[-93,-33],[-22,-13],[-11,-8],[-9,-9],[-8,-9],[-7,-9],[-10,-20],[-3,-10],[-11,-12],[-17,-13],[-183,-85],[-30,-32],[-17,-36],[-9,-11],[-10,-3],[-12,1],[-13,-2],[-20,-8],[-13,-13],[-30,-36],[-12,-8],[-12,-3],[-31,5],[-10,0],[-52,-13],[-15,-3],[-13,1],[-10,3],[-10,5],[-10,7],[-28,30],[-33,46],[-8,9],[-10,8],[-15,6],[-12,0],[-12,-2],[-68,-27],[-188,-45],[-26,0],[-48,6]],[[8426,2340],[-410,107],[-10,2],[-13,-2],[-15,-6],[-120,-73],[-69,-69],[-20,-17],[-19,-7],[-13,-3],[-25,-11],[-33,-46],[11,-176],[-2,-11],[-3,-11],[-17,-16],[-615,-32],[-53,3],[-49,20],[-77,41],[-25,17],[-16,19],[7,24],[-40,80],[-323,199],[321,573]],[[6798,2945],[51,82],[7,4],[9,1],[12,-8],[6,-7],[5,-8],[6,-16],[5,-5],[7,-5],[22,-11],[40,-26],[12,-10],[7,-5],[10,-4],[55,-13],[54,-18],[36,-7],[7,-4],[36,7],[131,69],[3,23],[-1,20],[-2,8],[-7,15],[-8,34],[2,16],[0,18],[2,17],[0,10],[-4,27],[-1,10],[1,20],[8,35],[14,30],[9,13],[41,43],[7,12],[5,12],[2,8],[9,9],[15,11],[88,28],[425,197]],[[7924,3577],[9,-18],[22,7],[23,4],[36,-1],[9,1],[23,26],[16,8],[17,-13],[3,-20],[-12,-45],[-1,-20],[6,-11],[20,-15],[7,-6],[4,-12],[4,-26],[8,-11],[8,-15],[10,-71],[-4,-11],[-8,-9],[-8,-7],[-4,-5],[2,-12],[4,-9],[4,-7],[2,-4],[7,-10],[32,-31],[11,-6],[17,-76],[35,5],[31,-10],[26,1],[21,36],[68,-73],[38,-52],[23,-64],[11,-15],[-2,-8],[-32,-3],[-10,-6],[4,-13],[8,-12],[8,-5],[12,-16],[9,-18],[-3,-6],[19,-2],[8,26],[18,9],[21,-10],[27,-54],[13,-13],[6,-79],[-11,-19],[-21,-14],[-21,-17],[-4,-30],[10,4],[25,7],[-3,-8],[-5,-17],[-4,-8],[27,-14],[17,-26],[2,-31],[-18,-31],[-15,-8],[-17,-3],[-13,-6],[-6,-15],[-1,-21],[-4,-17],[-53,-97],[-7,-28],[-2,-31]],[[8316,4690],[-15,-23],[3,-34],[12,4],[11,6],[2,-5],[0,-4],[1,-2],[8,1],[-11,-24],[-12,-8],[-33,-1],[-43,-9],[-2,-9],[1,-46],[4,-17],[1,-16],[-6,-20],[-9,-20],[-7,-10],[-10,-5],[-20,-9],[-5,27],[-17,5],[-20,-11],[-13,-21],[0,-19],[15,-51],[7,-15],[14,-17],[18,-7],[47,-8],[1,4],[11,7],[14,3],[7,-9],[-2,-11],[-4,-8],[-7,-5],[-10,-4],[12,-26],[-21,-1],[-59,17],[-4,-33],[-21,-15],[-52,-6],[-30,-12],[-17,-17],[-13,-18],[-19,-17],[-61,-10],[-39,-33],[-9,-40],[16,-25],[15,-2],[11,36],[23,-16],[16,-30],[3,-28],[-14,-13],[-16,-9],[-22,-23],[-18,-28],[-5,-25],[14,-9],[27,-22],[17,-23],[-19,-10],[-4,-12],[-69,-64],[42,-85],[-3,-34],[-50,-20],[23,-18],[11,-20],[7,-23],[5,-8]],[[6798,2945],[-390,91]],[[6408,3036],[11,3],[1,7],[-5,12],[-4,9],[-7,6],[-8,0],[-17,-2],[-7,2],[-2,5],[15,30],[6,5],[7,8],[5,12],[4,24],[5,12],[2,10],[-3,9],[-17,15],[-1,5],[9,4],[5,5],[1,5],[-6,3],[-19,0],[-7,4],[-3,7],[1,15],[-1,10],[-8,6],[-9,2],[-7,5],[-1,6],[5,8],[6,2],[5,6],[-1,12],[-9,25],[-8,12],[-10,6],[-26,6],[-8,-1],[-15,-6],[-9,-3],[-9,0],[-7,4],[-5,9],[1,22],[3,17],[7,24],[2,24],[3,7],[10,3],[25,-4],[7,3],[4,6],[-3,12],[-5,8],[-3,8],[-1,15],[-4,5],[-6,5],[1,6],[4,5],[43,10],[-113,39],[-7,1],[-8,-2],[-8,0],[-23,4],[-8,-1],[-8,-1],[-8,-3],[-7,-5],[-12,-9],[-7,-4],[-9,-2],[-20,-1],[-9,-2],[-6,-4],[-1,-6],[0,-7],[-2,-7],[-6,-4],[-8,-1],[-9,2],[-9,4],[-9,7],[-9,13],[0,15],[4,4],[5,4],[1,6],[-1,8],[-2,7],[-5,5],[-10,3],[-11,5],[-21,22],[-4,11],[1,19],[10,18],[4,19],[5,6],[1,8],[-4,9],[-17,11],[-13,11],[-9,6],[-7,22],[21,64],[6,36],[0,7],[2,8],[37,18],[13,-6],[8,-2],[12,0],[150,65],[14,8],[6,6],[6,7],[4,11],[-1,12],[-10,22],[-1,11],[0,10],[11,24],[3,12],[1,9],[-15,37],[-15,35],[0,2],[-1,7],[1,8],[5,8],[22,19],[50,76],[4,15],[14,30],[84,258],[-1,18],[-37,196],[2,17],[7,16],[27,15],[21,9],[43,11],[63,-1],[-5,24],[-3,10],[-40,72]],[[5389,1327],[1,-2],[11,7],[9,2],[23,3],[0,-12],[-12,-13],[-39,-18],[-16,-10],[0,31],[-23,-65],[-11,-21],[-55,76],[-12,0],[-1,-5],[1,-16],[-22,10],[24,-44],[67,-29],[81,-8],[64,16],[-26,19],[-28,0],[-29,-5],[-30,8],[0,10],[17,-1],[13,2],[12,5],[13,6],[9,7],[20,20],[7,5],[24,-5],[27,-13],[27,-7],[22,14],[20,-11],[20,-4],[17,6],[10,20],[-30,-4],[-13,12],[-11,17],[-24,7],[0,11],[22,-11],[55,8],[99,-56],[42,11],[23,17],[22,4],[56,-6],[7,-12],[9,-27],[14,-29],[21,-18],[-414,-12],[-64,-23],[-219,-11]],[[8426,2340],[0,-10],[4,-38],[12,-17],[18,-10],[21,-15]],[[8481,2250],[25,-31],[7,-13],[-1,-8],[-6,-12],[-19,-20],[-5,-12],[-9,-123],[2,-16],[6,-7],[8,-4],[7,-4],[5,-7],[3,-7],[3,-13],[9,-70],[4,-12],[3,-7],[3,-8],[0,-13],[-2,-15],[-15,-42],[-31,-66],[-5,-17],[-1,-37],[12,-112],[-13,-70],[0,-9],[1,-8],[2,-8],[3,-8],[4,-6],[5,-6],[31,-24],[6,-6],[4,-6],[3,-7],[3,-8],[0,-9],[-41,-35],[-182,-90]],[[8310,1274],[-152,31],[-77,4],[-51,10],[-13,4],[-6,8],[3,15],[4,11],[-3,11],[-16,13],[12,20],[-16,-13],[-14,-20],[-9,-23],[-4,-20],[-12,0],[-20,11],[-32,3],[-66,-2],[-22,6],[-74,38],[-114,14],[-51,15],[-25,35],[31,-10],[34,4],[30,14],[18,24],[24,-28],[12,-11],[13,-5],[11,4],[5,10],[-2,11],[-8,9],[0,10],[22,-5],[57,-22],[11,0],[17,5],[37,-14],[59,-30],[-4,10],[-3,16],[-4,8],[25,-1],[44,-5],[18,6],[22,25],[-11,14],[-21,11],[-11,19],[-19,52],[-3,23],[-6,12],[-14,9],[-18,2],[-17,-7],[-11,7],[-15,5],[-14,-3],[-6,-14],[5,-9],[35,-23],[41,-54],[25,-25],[28,-12],[-15,-20],[-25,2],[-27,6],[-21,-10],[-13,0],[-20,23],[-15,7],[-17,-1],[-26,3],[-17,6],[-19,10],[-15,16],[-5,20],[-7,-7],[-10,-7],[-5,-6],[-7,13],[-4,12],[-2,13],[1,16],[-11,0],[-2,-22],[-8,-19],[-14,-9],[-20,7],[-12,-9],[-18,-3],[-20,3],[-18,9],[-38,-6],[-19,-5],[16,-14],[26,-6],[27,2],[21,8],[23,-22],[-22,-16],[-28,-16],[-30,-6],[-27,12],[-20,11],[-36,15],[-34,10],[-15,-5],[-14,-14],[-30,8],[-47,23],[-21,-6],[-18,-11],[-17,-5],[-23,11],[-9,-10],[-11,0],[-12,8],[-12,13],[-44,-29],[-22,-8],[-24,5],[3,7],[5,18],[3,7],[-42,8],[-18,-3],[-19,-16],[-12,10],[-15,7],[-12,0],[-10,-25],[-26,-20],[-13,-15],[-12,11],[-19,15],[-21,12],[-15,5],[-18,-9],[-17,-15],[-17,-5],[-16,18],[5,3],[2,1],[1,1],[4,6],[-61,-3],[-23,-11],[-6,-29],[15,7],[14,-2],[10,-10],[6,-17],[-31,7],[-116,5],[-6,15],[-8,13],[-18,25],[-10,-15],[0,-13],[6,-9],[14,-6],[0,-10],[-30,-5],[-22,-10],[-38,-29],[-30,19],[-35,-2],[-30,-13],[-16,-14],[-12,0],[-10,4],[-15,8],[-12,10],[-7,10],[19,8],[16,-2],[18,-5],[24,-1],[-4,15],[-5,10],[-9,5],[-15,2],[0,12],[17,7],[11,11],[5,15],[0,19],[-10,0],[-20,-36],[-28,-19],[-34,-8],[-42,-1],[44,-32],[-33,-28],[-60,-24],[-40,-23],[-11,-23],[3,-15],[15,-9],[26,-7],[29,-1],[29,5],[17,11],[-8,16],[0,12],[41,11],[21,11],[7,-7],[8,-11],[13,-4],[21,5],[33,14],[25,2],[50,0],[16,-3],[10,-7],[7,-7],[6,-4],[24,-3],[17,2],[38,12],[-17,-2],[-20,1],[-15,8],[-5,14],[10,8],[57,14],[0,-22],[13,0],[36,17],[96,-6],[47,21],[8,-23],[13,9],[13,22],[11,14],[30,-1],[25,-12],[23,-5],[21,18],[31,-12],[32,5],[33,11],[67,12],[42,22],[26,6],[202,5],[51,-17],[-16,-7],[-16,-3],[-17,-1],[-18,1],[122,-54],[-511,-40],[-512,-40],[-268,-58],[-148,-12],[-29,-12],[-17,9],[-20,3],[-88,2],[-21,-2],[0,10],[5,0],[11,-1],[5,1],[0,10],[-45,0],[-11,18],[0,29],[-11,29],[22,24],[-21,5],[-89,-11],[-30,-8],[-27,-14],[-22,-18],[-27,22],[-48,23],[-54,11],[-50,-13],[-6,7],[-11,8],[-3,4]],[[5567,3169],[29,18],[8,4],[9,0],[14,-6],[252,-196],[30,-16],[54,-9],[44,-1],[16,3],[100,28],[14,1],[23,-2],[25,-5],[8,-3],[14,-4],[9,-1],[16,-5],[51,-3],[47,3],[38,16],[40,45]],[[1964,2011],[-21,41],[-30,123],[1,57],[11,67],[-7,54],[-53,22],[-5,-47],[-8,-25],[-13,-12],[-15,9],[-8,22],[-11,20],[-26,5],[6,26],[-13,-5],[-20,-16],[-19,-9],[-11,6],[-22,26],[-13,11],[14,16],[-9,10],[-35,15],[-4,1],[-34,17],[-3,6],[-29,4],[-24,19],[-18,20],[-10,8],[-18,-21],[-19,-31],[-23,-11],[-29,39],[-20,19],[-65,32],[-21,25],[-2,12],[1,44],[4,7],[15,8],[3,9],[-3,10],[-9,4],[-8,2],[-6,6],[-5,35],[-7,15],[-15,14],[-15,1],[-21,-6],[-15,-8],[-1,-7],[-18,22],[-4,32],[4,35],[7,33],[22,60],[-4,22],[-25,29],[-73,56],[-6,8],[-4,18],[-3,5],[-10,3],[-8,-2],[-7,-3],[-8,2],[-106,23],[-27,18],[-28,6],[-44,-1],[-76,-10],[-19,-8],[-37,-19],[-22,-5],[-27,0],[-14,4],[-11,8],[-17,10],[-20,7],[-127,27],[-15,5],[-2,7],[0,10],[-2,13],[-8,13],[-12,6],[-7,-5],[-5,-7],[-8,-1],[-18,15],[-15,17],[-17,7],[-22,-17],[-17,7],[-20,1],[-20,-8],[-18,-16],[-19,19],[6,9],[15,8],[8,14],[-4,12],[-14,29],[-3,15],[8,26],[12,10],[2,9],[-21,23],[-51,26],[-19,24],[-11,6],[-8,-13],[-7,-29],[-13,-29],[-20,-16],[-30,10],[-49,62],[-18,15],[-19,6],[-39,-2],[-16,4],[-28,1],[40,49],[8,3],[20,4],[7,4],[4,7],[7,21],[-2,3],[2,0],[27,15],[4,0],[22,25],[118,90],[33,34]],[[9033,4246],[-1,0],[-20,-12],[-189,-309],[-27,-60],[-2,-57],[7,-16],[20,-25],[22,-41],[4,-10],[-32,-86],[-9,-10],[-30,-16],[-12,-17],[-2,-26],[129,-553],[20,-23]],[[8911,2985],[-1,0],[-64,-112],[-16,-40],[0,-9],[6,-32],[2,-18],[-4,-15],[-3,-10],[-5,-7],[-11,-11],[-15,-12],[-16,-25],[-98,-227],[-119,-187],[-5,-6],[-7,-4],[-8,-4],[-66,-16]],[[8889,1235],[35,-11],[7,0],[7,4],[14,-10],[24,-21],[22,-2],[5,2],[-7,-26],[-1,0],[-72,16],[-160,15],[-24,11],[7,22],[31,27],[31,22],[44,-11],[12,-8],[4,-9],[3,-9],[4,-6],[14,-6]],[[8911,2985],[4,-5],[48,-42],[35,-88],[50,-261],[24,-56],[63,-110],[20,-57],[4,-56],[-16,-179],[106,9],[-17,-98],[9,-41],[39,-20],[32,3],[53,31],[27,10],[116,-28],[21,-17],[13,-20],[6,-25],[4,-83],[29,-112],[45,-100],[7,-28],[-4,-27],[-16,-20],[-22,-4],[-55,10],[-11,-97],[5,-22],[22,-31],[8,-18],[-1,-13],[-7,-33],[1,-14],[5,-6],[22,-18],[9,-10],[-16,-29],[-23,-16],[-38,-5],[-65,2],[-4,44],[-54,7],[-67,-8],[-43,1],[13,-32],[-8,-31],[-24,-25],[-32,-9],[-26,7],[-86,38],[-27,20],[-33,-9],[-65,-1],[-27,-12],[-13,29],[-25,36],[-30,30],[-27,12],[-13,12],[18,25],[25,22],[10,6],[8,22],[4,46],[10,18],[23,14],[17,4],[11,10],[4,31],[-4,23],[-10,11],[-20,3],[-27,0],[-7,-3],[-10,-8],[-12,-7],[-15,-4],[-14,2],[-22,9],[-14,1],[-16,-6],[-32,-20],[-20,-7],[16,-36],[8,-32],[-12,-22],[-46,-5],[7,-12],[0,-12],[-6,-10],[-12,-10],[15,-10],[7,-2],[-11,0],[16,-6],[17,-3],[17,-2],[18,1],[0,-10],[-15,-7],[-25,2],[-17,-5],[-14,-10],[-12,-14],[-11,-15],[-7,-17],[-18,12],[-11,-6],[3,-14],[26,-12],[-10,-21],[10,-12],[20,-7],[24,-4],[-59,-45],[-108,5],[-263,53]]],"transform":{"scale":[0.0006113003065127525,0.0006383054884488428],"translate":[-8.618719848820945,4.34406159100007]},"bbox":[-8.618719848820945,4.34406159100007,-2.506328083999932,10.72647817000005]}