{"type":"Topology","objects":{"subunits":{"type":"GeometryCollection","geometries":[{"type":"Polygon","id":"Cuvette-Ouest","arcs":[[0,1,2]]},{"type":"Polygon","id":"Bouenza","arcs":[[3,4,5,6]]},{"type":"Polygon","id":"Likouala","arcs":[[7,8,9]]},{"type":"Polygon","id":"Sangha","arcs":[[10,-3,11,-9]]},{"type":"Polygon","id":"Pool","arcs":[[12,13,14,-7,15,16]]},{"type":"Polygon","id":"Cuvette","arcs":[[-8,17,18,19,-1,-11]]},{"type":"Polygon","id":"Kouilou","arcs":[[20,21,22,23]]},{"type":"Polygon","id":"Lékoumou","arcs":[[24,-16,-6,25,26]]},{"type":"Polygon","id":"Niari","arcs":[[-26,-5,27,-21,28]]},{"type":"Polygon","id":"Plateaux","arcs":[[29,-17,-25,30,-19]]},{"type":"Polygon","id":"Brazzaville","arcs":[[31,-14]]},{"type":"Polygon","id":"Pointe Noire","arcs":[[32,-23]]}]}},"arcs":[[[5540,6222],[-31,-39],[-33,-25],[-40,-19],[-51,-20],[-46,-23],[39,-66],[85,-54],[20,-78],[-66,-61],[-98,-28],[-102,-17],[-25,1],[-25,3],[-52,-7],[-46,4],[-44,-5],[-12,-42],[11,-44],[1,-18],[-2,-19],[8,-26],[36,-66],[13,-44],[15,-37],[42,-17],[98,-11],[45,-12],[19,-39],[62,-205],[-9,-39],[-20,-40],[-26,-38],[-75,-65],[-57,-63],[209,-157],[24,-38],[-28,-39],[-24,-50],[-131,-128],[-73,-54],[-99,-19],[-250,-9],[-55,11],[-32,-13],[-32,-26],[-94,-23],[-172,-26]],[[4417,4392],[-6,5],[-9,14],[0,10],[7,19],[1,10],[-4,14],[-15,24],[-38,90],[1,17],[14,24],[6,50],[7,26],[21,28],[23,22],[15,25],[-5,35],[-9,29],[-1,28],[8,28],[54,101],[9,37],[-12,34],[-31,56],[-17,15],[-52,31],[-30,34],[-45,24],[-50,19],[-37,10],[-23,-3],[-21,-9],[-20,-6],[-21,5],[-25,8],[-22,0],[-22,-6],[-23,-11],[-2,43],[-10,47],[-16,46],[-23,40],[-34,29],[-49,20],[-53,7],[-48,-11],[-10,11],[-11,8],[-13,4],[-47,5],[-10,-3],[-5,-7],[-4,-9],[-6,-5],[-17,-5],[-9,-2],[-8,5],[-61,63],[1,33],[14,28],[60,69],[17,19],[13,11],[14,15],[-1,12],[-7,13],[-2,17],[5,11],[19,21],[2,12],[-10,14],[-16,3],[-16,0],[-9,8],[-5,82],[-6,28],[-13,36],[-7,29],[6,27],[45,58],[47,91],[29,26],[98,47],[25,24],[5,24],[-8,23],[-15,24],[40,49],[66,7],[74,-7],[67,3],[18,6],[7,5],[5,6],[99,73],[9,25],[4,59],[38,47],[61,46],[46,47],[-9,53],[-5,14],[10,10],[16,8],[12,10],[3,16],[-10,9],[-32,14],[-25,20],[-23,22],[-18,25],[-15,27],[-21,59],[-18,23],[-63,25],[-21,24],[-11,30],[1,86],[-3,30],[-20,72],[-8,12],[-14,10],[-15,5],[-12,7],[-2,6]],[[4125,7303],[21,10],[22,5],[25,3],[51,11],[7,0],[9,1],[59,-5],[16,2],[25,4],[11,3],[7,2],[9,0],[23,-4],[15,-1],[64,10],[8,-1],[6,-4],[8,-11],[2,-10],[1,-19],[3,-9],[7,-18],[11,-72],[3,-9],[6,-8],[40,-23],[28,-11],[144,-38],[72,-8],[11,2],[10,0],[11,0],[13,-3],[16,-6],[29,-18],[10,-11],[16,-23],[11,-9],[15,-8],[74,-32],[50,-29],[35,-11],[35,-5],[35,-2],[42,2],[10,-1],[9,-3],[16,-17],[4,-4],[9,-4],[38,-14],[11,-5],[7,-4],[1,-2],[17,-31],[3,-11],[0,-3],[-1,-6],[-2,-5],[-3,-5],[-6,-3],[-6,-2],[-16,-2],[-14,-3],[-6,-3],[-5,-4],[-4,-4],[-5,-8],[-3,-3],[-4,-3],[-5,-1],[-5,-2],[-2,-3],[-7,-10],[-4,-3],[-10,-6],[-2,-3],[-2,-3],[0,-7],[4,-19],[4,-12],[3,-5],[18,-24],[3,-11],[0,-9],[-12,-60],[1,-84],[4,-20],[17,-47],[2,-6],[-1,-7],[-1,-6],[-18,-23],[-2,-4],[-1,-3],[0,-2],[-1,-12],[0,-14],[5,-28],[1,-6],[3,-6],[5,-5],[9,-4],[69,-21],[6,-3],[5,-4],[9,-5],[3,-5],[0,-6],[3,-5],[8,-4],[21,-6],[13,-7],[-2,-7],[1,-5],[3,-4],[6,-4],[12,1],[42,-10],[7,-3],[6,-4],[3,-5],[1,-7],[1,-7],[1,-6],[4,-3],[6,4],[4,4],[3,1],[5,0],[3,-2]],[[3707,607],[-1,0],[-37,-2],[-12,3],[-15,11],[-19,30],[-12,14],[-30,16],[-27,3],[-84,-26],[-15,-7],[-6,-13],[15,-111],[-5,-22],[-21,-46],[-5,-25],[18,-49],[-9,-10],[-10,1],[-11,2],[-10,-5],[-6,-12],[4,-21],[-7,-8],[-12,-1],[-30,7],[-13,1],[-28,-16],[-29,-46],[-15,-4]],[[3275,271],[-1,5],[-6,33],[-3,9],[-5,8],[-8,9],[-14,10],[-22,12],[-52,22],[-97,57],[-10,3],[-21,3],[-10,5],[-7,9],[-5,12],[-2,20],[-3,9],[-8,10],[-14,12],[-14,15],[-13,20],[-13,15],[-7,17],[-12,20],[-56,68],[-29,22],[-19,10],[-22,1],[-21,6],[-10,2],[-10,0],[-10,3],[-20,7],[-10,1],[-19,-2],[-10,1],[-10,4],[-9,5],[-10,2],[-9,-1],[-11,-2],[-10,0],[-22,3],[-21,0],[-12,4],[-14,9],[-21,22],[-14,8],[-11,5],[-9,1],[-5,1],[-14,16],[-94,160],[-46,58],[-25,42],[-17,19],[-29,26],[-60,38],[-9,8],[-71,70],[-48,71],[-30,34],[-10,8],[-20,14],[-40,21],[-8,7],[-3,9],[8,16],[7,11],[9,9],[8,5],[10,4],[7,5],[4,8],[-16,31],[-2,9],[-1,18],[11,19],[1,10],[-15,31],[-14,58],[-1,20],[2,12],[2,9],[3,8],[12,14],[34,25]],[[2049,1709],[5,-6],[16,3],[26,10],[12,3],[30,-6],[-7,-29],[28,-12],[53,3],[22,-5],[15,-22],[-18,-8],[20,-6],[5,-10],[-1,-14],[3,-17],[6,-3],[17,-2],[5,-2],[4,-6],[2,-13],[3,-5],[11,-11],[6,-8],[20,-52],[10,-12],[17,-3],[-9,-22],[-5,-6],[-6,-8],[5,-6],[15,-6],[0,-43],[13,-25],[41,-27],[16,-4],[3,-3],[12,-7],[32,-8],[9,-7],[5,-8],[4,-8],[7,-4],[5,-2],[7,-2],[7,-3],[5,-7],[5,-7],[6,-7],[9,-5],[13,-1],[15,1],[24,3],[69,6],[11,0],[10,-2],[32,-9],[16,2],[59,17],[20,2],[16,-1],[29,-17],[10,-3],[12,-1],[33,5],[26,-5],[9,-1],[8,6],[9,-2],[5,-6],[7,-8],[3,-9],[-2,-8],[-4,-9],[-1,-9],[1,-9],[22,-55],[6,-8],[8,-7],[9,-4],[10,-2],[20,-1],[43,-8],[15,1],[23,4],[19,5],[17,7],[5,3],[7,7],[7,9],[11,43],[0,9],[-1,18],[1,8],[6,10],[11,12],[35,31],[9,14],[2,10],[0,10],[0,8],[5,8],[13,10],[11,11],[10,15],[3,7],[0,4],[-11,4],[-5,3],[-1,5],[5,14],[0,1],[-2,1],[-5,1],[-7,0],[-7,1],[-5,2],[-3,6],[-2,19],[0,2],[1,3],[4,2],[7,2],[18,4],[10,0],[8,-2],[6,-2],[7,-2],[8,0],[10,4],[22,11],[6,5],[0,12],[2,4],[11,4],[10,1],[9,-1],[21,-5],[7,-1],[13,1],[7,-1],[6,1],[6,3],[1,10],[0,15],[1,7],[7,9],[9,8],[19,11],[11,5],[15,5],[5,4],[4,7],[6,14],[1,9],[0,8],[-2,5],[1,6],[2,6],[3,5],[5,5],[6,5],[12,4],[10,2],[23,14],[51,59]],[[3648,1697],[47,-23],[12,-2],[38,-3],[16,-4],[21,-9],[14,-4],[11,-1],[57,4],[12,3],[10,4],[75,79],[10,7],[27,15],[8,6],[9,17],[9,6],[9,-3],[16,-13],[9,-6],[50,-17],[29,-5],[19,-7],[8,-10],[10,-7],[7,-9],[12,-19],[10,-11],[6,-9],[2,-9],[0,-16],[6,-26],[5,-10],[10,-11],[6,-9],[3,-6],[-5,-1],[-34,-16],[-10,-2],[-10,-4],[-18,-19],[-13,-8],[-19,-2],[-14,4],[-5,-1],[3,-18],[35,-55],[29,-29],[44,-61],[0,-20],[3,-19],[13,-14],[25,-6],[25,-11],[15,-27],[12,-31],[17,-25],[-16,-5],[-11,-7],[-19,-19],[-21,-27],[-6,-6],[-55,0],[-43,23],[-12,2],[-6,-6],[-7,-24],[-4,-9],[-9,-9],[-68,-40],[-17,-15],[-16,-23],[24,-45],[-1,-19],[-23,-14],[10,-8],[-21,-8],[-44,-9],[-18,-7],[-14,-9],[-40,-38],[-30,-19],[-48,-21],[-19,-3],[-8,-5],[-6,-7],[-3,-4],[-12,-34],[-7,-77],[-3,-12],[-16,-26],[-4,-9],[-5,-17],[-5,-8],[-13,-20],[-11,-33]],[[8543,4884],[-1,0],[-5,3],[-14,4],[-333,5],[-24,3],[-13,5],[-14,12],[-2,22],[-3,6],[-6,3],[-8,6],[-12,6],[-8,0],[-6,3],[-6,42],[1,13],[14,23],[-1,14],[-18,48],[1,8],[26,52],[5,25],[-10,21],[-20,17],[-27,16],[-25,2],[-15,-24],[-16,27],[9,30],[44,54],[-23,17],[-26,6],[-10,9],[47,48],[0,10],[-20,4],[-4,6],[1,89],[9,16],[21,6],[15,12],[-2,25],[-18,42],[-5,22],[-3,77],[-5,23],[-20,53],[-2,22],[7,14],[13,8],[15,6],[15,7],[11,13],[0,10],[-4,11],[-6,27],[-14,26],[-2,11],[8,13],[9,0],[11,-2],[10,5],[3,12],[2,9],[-2,5],[-34,54],[-94,116],[-20,18],[-56,22]],[[7883,6202],[-443,495],[-12,19],[-10,19],[-7,31],[-1,115],[4,15],[7,9],[16,16],[10,7],[10,6],[32,13],[19,10],[9,7],[6,8],[4,9],[2,9],[0,60],[5,16],[7,13],[7,9],[2,16],[-3,22],[-29,100],[-11,14],[-10,10],[-9,8],[-7,9],[-10,17],[-29,70],[-3,15],[2,18],[2,11],[1,11],[-3,8],[-19,14],[-5,9],[3,11],[4,9],[6,7],[23,23],[5,9],[3,9],[0,10],[-16,97],[-14,28],[-4,12],[3,13],[13,19],[51,122],[2,10],[-1,16],[-10,22],[-17,58],[-1,10],[0,10],[3,22],[-3,48],[-9,26],[-10,71],[1,19],[4,18],[3,9],[5,8],[8,6],[19,8],[7,4],[4,8],[1,8],[-5,22],[-13,18],[-13,35],[-4,54],[11,74],[-4,36],[2,28],[-3,13],[-7,16],[-64,100],[-8,9],[-10,8],[-23,11],[-47,15],[-11,-1],[-10,-3],[-32,-10],[-9,-1],[-7,0],[-4,1],[-2,3],[-4,6],[-1,31],[-3,9],[-6,11],[-49,46],[-10,8],[-9,5],[-6,3],[-8,6],[-7,10],[-4,20],[1,12],[5,10],[3,10],[-2,11],[-9,16],[-17,21],[-36,14],[-18,7]],[[7057,8874],[31,56],[38,70],[6,28],[-12,20],[-19,19],[-16,21],[-4,51],[52,85],[8,41],[-10,26],[-14,23],[-10,25],[1,28],[15,26],[46,55],[7,24],[1,29],[33,72],[12,95],[21,52],[41,42],[55,31],[62,16],[31,1],[26,-1],[110,-24],[28,2],[26,11],[3,10],[-4,12],[2,9],[19,2],[13,-3],[24,-8],[12,-2],[37,4],[13,-1],[14,-7],[10,-10],[11,-5],[18,5],[10,2],[18,-2],[8,0],[11,4],[15,11],[9,6],[22,9],[12,2],[36,-2],[18,3],[36,12],[18,4],[53,-1],[20,2],[22,9],[12,10],[11,12],[18,14],[19,6],[17,-2],[35,-10],[48,3],[28,23],[27,29],[51,23],[17,7],[21,13],[21,8],[31,-4],[5,-5],[6,-15],[6,-5],[19,-1],[6,-3],[49,-36],[48,-18],[54,-7],[108,0],[8,1],[15,5],[9,1],[9,-4],[13,-12],[9,-4],[12,-1],[26,5],[11,-1],[20,-10],[17,-17],[13,-21],[6,-23],[9,-18],[19,-3],[25,6],[51,22],[8,5],[7,-3],[46,-26],[13,-4],[17,2],[41,17],[45,11],[47,0],[45,-13],[24,-20],[17,-45],[17,-17],[29,-4],[28,12],[23,19],[15,20],[5,11],[10,34],[8,16],[10,3],[12,-3],[14,0],[106,8],[8,-2],[15,-6],[9,0],[5,4],[6,15],[6,5],[15,2],[22,-1],[13,4],[24,21],[14,15],[18,1],[33,-24],[22,-22],[54,-75],[21,-43],[16,-14],[59,0],[11,-32],[10,-143],[-15,-166],[-12,-26],[-3,-14],[-9,-19],[-21,-15],[-47,-21],[-27,-16],[-17,-20],[-44,-113],[-21,-29],[-5,-11],[-6,-25],[-6,-12],[-24,-30],[-32,-58],[-4,-15],[-5,-31],[-33,-78],[-102,-149],[-4,-9],[-13,-4],[-76,-62],[-18,-18],[-10,-19],[-15,-67],[-8,-23],[-12,-21],[-15,-21],[-18,-40],[-14,-17],[-22,-6],[-6,-12],[-32,-33],[-10,-13],[-51,-121],[0,-17],[8,-35],[3,-35],[-6,-109],[7,-53],[0,-18],[-4,-20],[-14,-38],[-2,-20],[10,-328],[-3,-24],[-79,-148],[-7,-23],[-7,-42],[-46,-128],[-5,-71],[-9,-23],[-55,-80],[-30,-28],[-26,-43],[-8,-27],[15,-79],[0,-91],[39,-146],[0,-31],[-20,-89],[1,-32],[8,-28],[25,-55],[20,-10],[14,-18],[8,-22],[3,-20],[-9,-111],[-7,-18],[-114,-138],[-105,-246],[-24,-41],[-54,-214],[-4,-28],[4,-29],[32,-115],[12,-203],[-10,-11],[-18,-23],[-85,-68],[-8,-8],[-5,-9],[-3,-17],[-2,-5],[-4,-4],[-16,-10],[-17,-17],[-28,-17],[-74,-78]],[[7883,6202],[-940,-403],[-4,3],[-4,5],[-3,5],[-3,6],[-1,5],[-2,5],[-1,2],[-2,2],[-7,0],[-40,-2],[-8,1],[-5,3],[-4,5],[-10,14],[-5,4],[-5,3],[-19,7],[-6,3],[-5,4],[-10,8],[-7,3],[-13,1],[-7,0],[-8,-3],[-24,-10],[-12,-2],[-9,-1],[-7,2],[-26,11],[-8,2],[-12,2],[-4,3],[-2,3],[3,26],[0,10],[-3,11],[-3,5],[-3,4],[-4,2],[-9,5],[-5,3],[-4,4],[-3,5],[-1,5],[-1,4],[2,63],[-1,5],[-24,42],[-8,9],[-16,10],[-18,16],[-6,3],[-6,2],[-55,15],[-32,5],[-9,3],[-5,3],[-6,4],[-3,4],[-3,5],[-2,7],[0,21],[-3,6],[-4,4],[-4,4],[-13,5],[-26,9],[-6,2],[-11,7],[-5,3],[-9,8],[-6,3],[-6,3],[-5,3],[-5,4],[-8,4],[-44,6],[-33,1],[-32,6],[-7,1],[-4,-1],[-12,-5],[-8,-4],[-13,-3],[-9,0],[-6,3],[-3,5],[-3,6],[-4,5],[-10,5],[-10,1],[-15,-1],[-7,-1],[-5,-2],[-10,-4],[-2,-1],[-41,-3],[-5,-1],[-10,-5],[-7,-3],[-8,-2],[-12,-1],[-8,-3],[-6,-3],[-7,-5],[-3,-2],[-7,-2],[-16,-2],[-6,-1],[-4,-1],[-3,-2],[-3,-2],[-2,-2],[-6,-10],[-6,-19],[-3,-5],[-3,-5],[-4,-4],[-16,-10],[-5,-3],[-18,-19],[-8,-4],[-9,-1],[-7,1],[-7,2],[-11,7],[-9,3],[-14,3],[-14,-1],[-7,0],[-7,0],[-5,3],[-5,3],[-6,2],[-6,2],[-17,4],[-14,2],[-10,2],[-20,5],[-16,3],[-9,-1],[-9,-3],[-7,-4],[-11,-5],[-9,0],[-9,0],[-25,2],[-41,10],[-5,-1],[-11,-4],[-6,1],[-3,5],[0,6],[3,9],[0,4],[-2,5],[-2,1]],[[4125,7303],[-2,6],[-16,3],[-10,6],[-8,8],[-12,7],[-52,12],[-27,2],[-24,-5],[-47,-16],[-28,2],[-21,12],[-20,17],[-24,12],[-23,5],[-251,20],[-18,-4],[-1,-5],[-13,-30],[-16,-27],[-5,-3],[-14,-4],[-4,1],[-15,6],[-7,1],[-9,-3],[-16,-10],[-9,-4],[-24,-4],[-12,-1],[-13,1],[-26,-2],[-19,-11],[-17,-12],[-48,-16],[-30,-35],[-17,-11],[-45,-7],[-40,0],[-41,7],[-46,14],[-20,1],[-29,-2],[-26,-7],[-11,-8],[-9,-20],[-22,-6],[-24,-3],[-25,-26],[-24,-9],[-28,-5],[-45,3],[-27,-3],[-14,1],[-1,0],[-4,16],[-12,8],[-16,5],[-14,10],[26,3],[10,14],[4,16],[11,7],[19,2],[22,7],[19,11],[13,23],[8,4],[3,6],[-11,14],[-5,8],[0,9],[0,9],[-1,54],[1,10],[-21,11],[-24,56],[-27,12],[7,16],[-1,15],[-10,14],[-15,10],[-9,-9],[-24,30],[-22,33],[23,23],[4,27],[-8,52],[5,25],[9,21],[4,20],[-10,20],[17,8],[14,15],[10,18],[14,42],[2,18],[-6,14],[-7,8],[-11,21],[-17,20],[6,5],[16,4],[9,18],[9,14],[8,9],[9,7],[7,8],[3,11],[-8,22],[1,10],[12,4],[7,4],[24,23],[8,5],[47,22],[14,28],[5,37],[-1,68],[229,-1],[204,-2],[56,0],[214,-2],[238,-2],[211,-1],[140,-1],[12,1],[58,19],[85,-9],[21,-11],[25,-20],[19,-4],[8,2],[27,15],[105,19],[12,4],[4,10],[-3,10],[0,11],[12,10],[7,7],[34,-8],[44,-42],[32,-12],[-12,-19],[13,-5],[35,1],[18,-10],[26,-23],[20,-7],[-9,28],[10,4],[35,-16],[-19,-13],[-8,-3],[13,-4],[14,1],[12,3],[6,0],[2,-8],[-1,-26],[4,-5],[82,8],[19,4],[10,11],[2,13],[0,15],[9,7],[20,-17],[17,-22],[4,-11],[26,-16],[-14,-32],[-6,-28],[53,-3],[29,3],[12,5],[11,27],[13,-1],[63,-43],[20,-6],[26,8],[16,-21],[22,6],[21,19],[14,18],[8,0],[19,-6],[18,34],[42,-13],[18,6],[21,5],[28,-9],[6,-7],[8,-18],[5,-7],[7,-4],[45,-14],[11,-7],[7,-9],[3,-9],[-2,-15],[-2,-6],[2,-5],[10,-9],[7,-1],[31,-12],[-1,-3],[16,2],[25,11],[27,8],[68,34],[58,7],[58,-9],[113,-29],[126,-12],[6,-5],[14,-7],[16,-5],[31,-5],[10,-5],[51,-55],[16,-8],[36,-11],[31,-18],[13,-5],[9,-8],[4,-17],[6,-10],[16,1],[18,6],[14,6],[4,-18],[20,-8],[26,-5],[22,-8],[14,7],[16,-1],[15,-5],[11,-9],[5,-13],[-2,-11],[-3,-11],[0,-12],[11,-20],[52,-58],[60,74],[12,3],[28,-8],[14,5],[5,18],[-32,127],[-45,100],[-24,35],[-11,8],[-8,4],[-5,6],[-2,42],[4,11],[20,25],[0,10],[-5,9],[-2,10],[-1,3],[0,6],[1,6],[4,5],[6,2],[6,0],[2,1],[3,16],[-3,11],[-6,10],[-3,15],[3,13],[16,25],[9,26],[21,11],[27,-4],[25,-20],[53,34],[11,12],[-7,11],[-7,5],[68,125],[60,110],[43,79],[60,110],[57,104],[18,33]],[[6734,2382],[6,-41],[-6,-57],[8,-65],[-6,-61],[6,-20],[12,-21],[0,-26],[-8,-50],[7,-25],[16,-13],[15,-9],[8,-12],[-3,-27],[-6,-21],[-18,-35],[-65,-98],[-27,-61],[-30,-50],[-83,-87],[-54,-94],[-10,-26],[-18,-16],[-23,-54],[-22,-33]],[[6433,1380],[-27,29],[-21,22],[-22,28],[-5,41],[-21,50],[-32,55],[-42,59],[-35,38],[-74,23],[-47,18],[-48,-9],[-37,-32],[-26,-41],[-32,-59],[-32,-28],[-35,8],[-42,36],[-48,50],[-37,32],[-32,32],[-58,18],[-74,19],[-43,27],[-37,5],[-26,-42],[-11,-73],[-5,-77],[-10,-73],[-27,-68],[-50,-46],[-74,-37],[-37,-59],[0,-59],[27,-73],[5,-60],[-21,-86],[-43,-59],[-31,-69],[-27,-55],[-58,-63],[-35,-51],[47,-41],[37,-36],[32,-55],[43,-47]],[[5262,572],[-70,-31],[-11,-12],[-9,-15],[-102,-87],[-109,-157],[-10,-19],[-14,-17],[-21,-14],[-62,-24],[-88,-47],[-39,-12],[-51,-4],[-15,5],[-41,21],[-17,5],[-6,3],[-11,15],[-6,6],[-11,0],[-29,-1],[-6,5],[-10,12],[-25,1],[-26,-6],[-16,-7],[-27,-25],[-16,-7],[-26,-4],[-23,-3],[-5,35],[21,89],[-5,11],[-7,11],[-5,11],[-1,13],[3,11],[11,20],[2,11],[-5,29],[-15,18],[-20,16],[-20,22],[-11,43],[-10,26],[1,9],[11,16],[21,17],[50,18],[16,14],[15,18],[22,21],[19,23],[4,21],[-9,8],[-46,25],[-26,27],[-21,28],[-9,17],[-1,6],[5,6],[6,16],[2,15],[0,12],[-3,9],[-8,6],[-24,-2],[-58,-27],[-60,-12],[-27,-16],[-50,-38],[-50,-20],[-51,-15],[-116,-12],[-50,-17],[-39,-45],[-2,-4],[-3,-2],[-21,-13],[-23,-23],[-14,-7],[-13,-1],[-39,10]],[[3648,1697],[15,8],[3,4],[3,5],[1,9],[-1,13],[0,3],[2,3],[15,11],[8,9],[16,25],[6,13],[10,17],[2,7],[-1,5],[0,3],[0,2],[1,4],[5,5],[28,23],[21,12],[9,4],[3,2],[49,47],[6,7],[8,15],[6,7],[6,6],[21,11],[3,3],[9,20],[5,6],[5,4],[13,7],[17,7],[4,3],[1,7],[-2,5],[1,5],[2,3],[7,4],[7,6],[6,8],[12,24],[4,6],[13,7],[4,4],[1,3],[0,9],[1,15],[4,12],[20,39],[21,68],[5,9],[5,8],[25,17],[97,49]],[[4180,2335],[32,-38],[27,-9],[42,2],[18,-3],[28,-14],[10,-3],[9,0],[15,3],[45,1],[8,-2],[6,-3],[5,-4],[4,-4],[10,-7],[16,-10],[37,-17],[20,-5],[12,-1],[5,5],[16,22],[20,18],[9,8],[19,31],[4,4],[4,3],[23,12],[32,27],[10,7],[22,13],[4,2],[2,3],[7,16],[1,3],[3,3],[5,4],[36,22],[39,31],[8,9],[1,3],[17,12],[47,22],[10,9],[14,9],[1,1],[2,1],[2,3],[3,7],[4,14],[1,5],[0,20],[1,7],[5,6],[9,6],[32,15],[12,9],[40,20],[15,4],[11,0],[4,-3],[4,-5],[10,-15],[8,-9],[2,-6],[1,-6],[-2,-19],[2,-5],[4,-4],[10,-8],[4,-4],[3,-5],[2,-7],[0,-7],[0,-30],[10,-37],[1,-6],[-1,-3],[-3,-11],[0,-6],[1,-6],[8,-5],[13,-3],[26,-2],[24,1],[27,7],[29,11],[10,0],[84,-7],[13,-2],[5,-4],[4,-4],[7,-10],[14,-11],[4,-5],[2,-5],[6,-35],[8,-17],[3,-5],[5,-4],[6,-3],[7,-2],[21,-3],[8,-2],[5,-4],[3,-3],[1,-3],[1,-2],[3,-2],[4,-3],[17,-4],[5,-2],[5,-2],[26,-9],[52,-7],[13,0],[24,5],[26,3],[14,0],[12,-1],[48,-12],[12,-1],[10,1],[95,27],[17,7],[33,19],[8,4],[10,6],[19,15],[11,7],[5,3],[5,3],[14,13],[9,6],[19,9],[12,4],[30,7],[11,4],[3,2],[8,6],[5,2],[7,2],[17,3],[9,3],[6,5],[2,6],[6,11],[4,4],[5,4],[12,7],[15,9],[20,9],[12,4],[86,16],[9,-2],[13,-6],[5,2],[9,10],[9,4],[6,-1],[7,-4],[21,-6],[16,-7],[16,-3],[37,-13],[16,-8],[15,-11],[5,-3],[7,-2],[7,-1],[7,-3],[5,-3],[8,-9],[5,-4],[4,-4],[4,-5],[6,-18],[4,-4],[6,-3],[7,-2],[6,-3],[4,-4],[4,-5],[7,-4],[11,-4],[21,-4],[17,-1],[3,1],[4,2],[4,3],[9,4],[12,4],[25,5],[15,1],[11,0],[34,-3],[30,-5],[52,-5],[1,0]],[[8543,4884],[-179,-185],[-34,-28],[-28,-28],[-10,-8],[-36,-15],[-3,-5],[-26,-27],[-14,-7],[-69,-17],[-68,-8],[-25,-6],[-89,-32],[-64,-15],[-42,-6],[-8,-3],[-14,-8],[-9,-3],[-3,-7],[-32,-32],[-51,-39],[-42,-42],[-62,-43],[-30,-16],[-9,-7],[-6,-8],[-14,-32],[-31,-48],[-21,-42],[-22,-27],[-49,-85],[-44,-49],[-30,-53],[-18,-24]],[[7361,3929],[-1,0],[-43,0],[-30,-3],[-4,10],[6,18],[1,16],[-6,12],[-1,2],[-5,-2],[-39,14],[-27,5],[-27,-2],[-24,-13],[-22,-5],[-35,-1],[-28,4],[-3,9],[-6,6],[-22,6],[-19,10],[9,19],[-57,2],[-33,27],[-42,101],[-29,32],[-20,38],[-6,8],[-11,9],[-8,4],[-51,6],[-10,5],[-8,7],[-147,79],[-41,18],[-43,14],[-85,7],[-24,10],[0,27],[-5,11],[-15,-7],[-10,0],[-11,11],[-18,25],[-11,4],[-61,15],[-7,6],[-5,8],[-8,8],[-29,11],[-61,11],[-25,9],[-20,22],[-5,26],[-1,27],[-7,23],[-18,14],[-22,5],[-52,4],[-72,16],[-25,-1],[-21,-6],[-40,-17],[-21,-7],[-7,1],[-14,6],[-5,1],[-10,-2],[-17,-9],[-47,-13],[-22,-15],[-37,-49],[-19,-19],[-22,-16],[-7,-2],[-13,4],[-6,-1],[-11,-9],[-15,-22],[-10,-10],[-30,-16],[-65,-25],[-28,-20],[-87,-99],[-27,-49],[-69,-186],[-92,-102],[-50,-40],[-20,-11],[-37,-13],[-16,-3],[-52,3],[-11,-1],[-11,-2],[-65,-25],[-17,-10],[-65,-46],[-17,-17],[-11,-14],[-5,-27],[-3,-9],[-18,-25],[-9,-10],[-37,-31],[-12,-13],[-15,-22],[-27,-25],[-6,-9],[-15,-34],[-5,-8],[-53,-63],[-29,-24],[-20,-12],[-23,-9],[-14,-3],[-10,-6],[-7,-7],[-11,-19],[-3,-4],[-6,-5],[-9,-7],[-10,-4],[-50,-8],[-10,-1],[-11,0],[-21,2],[-20,4],[-11,6],[-9,15],[-8,23],[-5,61],[-3,8]],[[4323,3549],[2,1],[36,16],[9,16],[-10,50],[1,10],[8,29],[4,91],[9,25],[16,16],[31,16],[-10,7],[-28,4],[-23,6],[-16,47],[-26,12],[-8,9],[12,9],[27,8],[12,6],[13,8],[9,11],[5,13],[9,10],[43,7],[0,18],[-15,20],[-18,15],[17,33],[2,28],[5,11],[16,13],[16,9],[10,13],[-8,24],[-46,26],[-20,18],[-8,22],[4,12],[9,9],[11,7],[10,9],[7,13],[5,11],[5,25],[2,36],[-2,10],[-11,15],[-22,19]],[[965,1500],[27,-35],[9,-6],[12,-6],[29,-4],[39,-16],[178,-112],[47,-17],[12,-3],[43,-3],[40,-11],[23,-13],[22,-9],[7,-5],[2,-5],[0,-14],[1,-7],[3,-6],[8,-3],[27,-4],[41,-12],[34,-5],[32,-9],[25,-2],[18,-3],[29,-9],[14,-7],[8,-5],[1,-2],[0,-5],[-2,-7],[0,-7],[4,-8],[8,-4],[45,-9],[15,-7],[11,-9],[111,-109],[13,-19],[9,-11],[3,-8],[0,-8],[-12,-54],[0,-9],[1,-9],[3,-10],[9,-18],[47,-54],[12,-8],[11,-5],[11,-1],[10,-1],[85,3],[12,-1],[13,-3],[20,-8],[14,-7],[26,-17],[36,-31],[5,-13]],[[2216,710],[-9,4],[-19,6],[-31,-16],[-15,-26],[-11,-28],[-18,-18],[-24,-12],[-22,-15],[-18,-18],[-29,-46],[-15,-14],[-21,-6],[-147,-23],[-90,-26],[-20,-1],[-36,4],[-13,-16],[2,-50],[-6,-24],[-56,-94],[-14,-14],[-19,-7],[-45,-4],[-20,-4],[-19,-6],[-12,-9],[-17,27],[-12,13],[-12,6],[-16,0],[-6,-5],[-41,-117],[-35,-49],[-149,-109],[-11,-13],[-21,16],[-18,19],[-30,43],[-50,52],[-33,27],[-12,31]],[[1026,188],[15,0],[1,130],[-76,1]],[[966,319],[-23,26],[-56,44],[-7,14],[1,12],[32,-1],[25,24],[6,26],[-24,43],[-151,130],[-138,102],[-121,92],[-63,34],[-65,50],[-25,34],[-7,8],[-17,25],[-4,11],[2,25],[-1,13],[-6,9],[-117,80],[-129,74],[-45,28],[-33,18],[21,34],[88,205],[22,36],[34,25],[46,26],[39,28],[43,23],[55,9],[50,15],[30,32],[25,36],[37,21],[66,-8],[49,-33],[106,-147],[22,-20],[29,-9],[72,8],[27,-2],[76,-19],[25,-1],[3,1]],[[3967,2912],[13,-17],[13,-32],[38,-31],[5,-8],[2,-5],[-4,-5],[-4,-4],[-7,-2],[-18,-3],[-7,-8],[3,-7],[7,-7],[20,-12],[9,-4],[8,-1],[6,5],[7,4],[11,1],[13,-8],[2,-8],[-4,-9],[-8,-7],[-19,-10],[-17,-14],[-18,-11],[-5,-8],[2,-8],[5,-7],[9,-6],[10,-3],[21,0],[11,-1],[11,-4],[14,-7],[11,-3],[11,2],[23,10],[11,2],[11,-1],[13,-6],[10,-5],[13,0],[12,2],[17,-3],[5,-8],[1,-9],[-4,-9],[-18,-27],[-4,-10],[-1,-11],[5,-5],[7,3],[11,11],[6,0],[3,-7],[2,-18],[43,-102],[4,-15],[-2,-11],[-7,-8],[-10,-6],[-18,-8],[-9,-6],[-7,-7],[-4,-7],[-3,-13],[-2,-5],[-4,-5],[-5,-4],[-15,-10],[-9,-7],[-5,-8],[-2,-4],[-6,-12]],[[2049,1709],[0,37],[-6,5],[-12,-1],[-13,2],[-5,10],[-1,12],[-4,9],[-9,5],[-14,1],[0,8],[9,14],[-17,14],[2,12],[5,4],[4,3],[8,3],[4,1],[26,-1],[7,2],[5,2],[4,3],[2,3],[10,20],[12,49],[3,5],[3,5],[6,5],[4,3],[4,2],[18,7],[20,12],[8,3],[7,2],[9,1],[16,0],[40,-5],[9,0],[8,1],[6,2],[24,9],[3,1],[14,2],[8,0],[8,-1],[7,-2],[16,-9],[7,-2],[10,2],[11,4],[18,10],[11,4],[8,0],[9,-9],[6,-3],[10,2],[4,4],[1,6],[0,31],[1,9],[5,2],[8,-1],[18,-4],[10,-1],[10,2],[31,10],[9,2],[9,1],[21,9],[12,14],[14,8],[36,16],[46,41],[11,15],[5,13],[-3,67],[13,52],[17,39],[2,6],[0,9],[-4,9],[-7,9],[-9,8],[-61,43],[-9,3],[-20,1],[-29,7],[-8,4],[-5,7],[-4,8],[-5,18],[-10,14],[-3,6],[0,10],[4,5],[6,4],[19,6],[10,5],[18,14],[9,4],[22,2],[11,4],[3,7],[-1,9],[-28,53],[-6,19],[-15,162],[6,196],[12,53],[0,11],[-5,7],[-8,5],[-9,0],[-10,-4],[-9,-4],[-10,-2],[-7,2],[-8,6],[-10,9]],[[2497,3047],[24,21],[17,4],[33,-5],[86,-34],[27,-5],[15,2],[25,13],[16,2],[13,-3],[231,-74],[24,-2],[26,5],[28,-4],[7,0],[19,5],[8,-2],[12,-14],[6,-2],[14,7],[6,9],[4,11],[7,11],[14,11],[43,26],[11,9],[19,21],[14,10],[15,7],[32,9],[13,8],[6,10],[4,24],[9,12],[101,85],[11,12],[5,12],[2,23],[3,13],[14,22],[28,36],[3,6],[4,-1],[14,-9],[18,-15],[17,-22],[11,-24],[12,-47],[30,-53],[17,-21],[24,-22],[9,-11],[4,-32],[11,-8],[14,-6],[13,-8],[18,-22],[-5,-7],[-16,-9],[-19,-34],[-27,-12],[-10,-10],[-1,-44],[-2,-6],[22,-17],[30,-8],[33,-2],[28,5],[23,12],[12,5],[13,0],[13,-7],[4,-21],[8,-7],[10,0],[61,16],[9,2],[13,-1],[20,-11],[14,-4],[12,1],[8,9],[6,15]],[[3275,271],[-12,-3],[-16,6],[-26,23],[-17,7],[-15,-2],[-44,-22],[14,-10],[5,-9],[-4,-9],[-15,-7],[-68,-43],[-37,-38],[-14,-10],[-28,50],[-9,40],[-8,14],[-12,10],[-20,9],[-80,25],[-24,14],[-63,47],[-35,19],[-13,12],[-17,37],[-23,30],[-11,17],[-29,29],[-32,-3],[-22,-25],[3,-39],[-62,27],[-87,90],[-53,36],[-26,25],[-24,55],[-19,23],[-21,10],[-16,-1],[-15,-6],[-21,-4],[-18,3],[-25,12]],[[965,1500],[24,8],[28,19],[24,24],[10,25],[-9,25],[-26,12],[-31,8],[-28,14],[-13,24],[4,27],[76,154],[18,28],[57,37],[18,24],[-14,37],[-51,21],[-63,15],[-49,20],[-53,38],[-28,14],[-76,27],[-10,7],[-11,10],[-3,4],[2,7],[2,79],[6,20],[18,29],[14,7],[18,-1],[31,2],[32,18],[0,24],[-19,27],[-101,92],[-46,58],[-22,21],[-26,7],[-38,-10],[-54,-32],[-23,-4],[-6,27],[13,44],[2,9],[97,136],[12,29],[7,23],[0,24],[-7,30],[-13,25],[-33,47],[-11,24],[0,20],[9,63],[-4,25],[-29,67],[11,23],[2,0],[50,-1],[67,-18],[18,-8],[8,-9],[6,-9],[10,-10],[45,-31],[24,-11],[22,-1],[22,11],[45,36],[29,10],[48,8],[56,16],[42,17],[14,-7],[24,-15],[45,-48],[40,-24],[41,-4],[528,97],[-15,26],[9,37],[18,39],[9,33],[-9,47],[2,17],[10,18],[24,32],[6,20],[-52,20],[-28,37],[-11,46],[-11,124],[5,15],[15,-3],[15,-14],[26,-23],[23,-7],[17,8],[6,12],[1,13],[2,9],[8,15],[7,8],[8,6],[65,38],[14,4],[66,2],[56,-21],[88,-54],[6,-4],[56,-16],[22,-13],[16,-28],[29,-83],[12,-24],[8,-9],[20,-17],[6,-7],[5,-26],[-2,-1],[0,-5],[-1,-7],[3,-6],[25,-5],[-1,-7],[-5,-8],[-3,-5],[-6,-9],[-2,-7],[3,-7],[18,-15],[5,-8],[1,-12],[6,-20],[18,0],[33,14],[11,-9],[25,-35],[13,-14],[6,-30],[4,-10],[9,-8],[8,0],[7,-1],[3,-13],[-11,-10],[-7,-10],[-3,-11],[-1,-10],[-4,-10],[-5,-10],[-6,-8],[-15,-11],[-7,-10],[4,-7],[18,1],[15,13]],[[7361,3929],[-27,-35],[-9,-19],[-7,-19],[-2,-13],[1,-39],[-8,-34],[-17,-29],[-105,-120],[-4,-3],[-7,-14],[-4,-16],[-8,-3],[-23,-15],[-21,-8],[-6,-3],[-12,-9],[-21,-22],[-83,-71],[-57,-37],[-74,-61],[-37,-22],[-33,-25],[-33,-37],[-16,-24],[-10,-26],[2,-26],[2,-9],[0,-8],[-18,-51],[-2,-19],[4,-17],[12,-16],[4,-6],[2,-11],[1,-55],[44,-275],[-28,-169],[-31,-82],[-4,-16],[-1,-17],[9,-66]],[[3967,2912],[8,20],[11,10],[13,9],[9,10],[0,30],[6,12],[11,9],[25,19],[12,7],[13,5],[64,13],[5,-3],[-9,36],[-101,74],[-4,39],[18,12],[45,14],[18,17],[0,8],[-8,21],[1,11],[8,6],[23,7],[9,7],[6,17],[7,60],[9,23],[1,11],[-6,10],[-11,7],[-7,6],[-1,7],[7,10],[0,14],[3,10],[7,8],[9,9],[155,52]],[[6433,1380],[-19,-29],[-9,-9],[-8,-12],[-24,-67],[-32,-27],[-7,-5],[-51,-23],[-59,-16],[-60,-7],[-58,-8],[-192,-52],[-23,-10],[-21,-13],[-17,-22],[-40,-113],[-8,-10],[-29,-26],[-5,-8],[-12,-4],[-33,-15],[-51,-16],[-148,-64],[-26,-15],[-36,-13],[-33,-16],[-14,-23],[-7,-15],[-50,-61],[-70,-86],[-29,-23]],[[1026,188],[-74,67],[-14,14],[-1,6],[6,8],[8,-1],[18,-18],[6,4],[7,14],[-4,24],[-12,13]]],"transform":{"scale":[0.0007529143470284136,0.0008728779775977512],"translate":[11.114016304062915,-5.019630835999862]},"bbox":[11.114016304062915,-5.019630835999862,18.642406860000023,3.708276062000053]}