{"type":"Topology","objects":{"subunits":{"type":"GeometryCollection","geometries":[{"type":"MultiPolygon","id":"Atiu","arcs":[[[0]],[[1]],[[2]]]},{"type":"MultiPolygon","id":"Aitutaki","arcs":[[[3]],[[4]]]},{"type":"Polygon","id":"Mangaia","arcs":[[5]]},{"type":"Polygon","id":"Rarotonga","arcs":[[6]]},{"type":"Polygon","id":"Mitiaro","arcs":[[7]]},{"type":"Polygon","id":"Mauke","arcs":[[8]]},{"type":"Polygon","id":"Palmerston","arcs":[[9]]},{"type":"MultiPolygon","id":"Pukapuka","arcs":[[[10]],[[11]],[[12]],[[13]],[[14]]]},{"type":"Polygon","id":"Rakahanga","arcs":[[15]]},{"type":"Polygon","id":"Manihiki","arcs":[[16]]},{"type":"MultiPolygon","id":"Penrhyn","arcs":[[[17]],[[18]],[[19]],[[20]]]}]}},"arcs":[[[9096,1482],[-18,-5],[-21,3],[-18,12],[-6,18],[17,3],[27,-7],[23,-9],[-4,-15]],[[8871,1626],[6,-5],[-15,8],[5,-1],[4,-2]],[[8847,1633],[-5,0],[2,2],[10,3],[-7,-5]],[[8090,2064],[7,-6],[16,3],[-1,-2],[-1,-2],[-6,-2],[-14,3],[-15,8],[-7,7],[12,2],[6,-4],[3,-7]],[[8136,2066],[-7,-4],[-7,4],[-1,4],[-6,3],[-1,2],[4,4],[12,-2],[6,-11]],[[9269,47],[15,-3],[13,-8],[24,-18],[3,-8],[-13,-6],[-20,-3],[-14,-1],[-18,1],[-12,4],[-9,7],[-9,8],[5,10],[10,9],[13,6],[12,2]],[[7080,579],[23,0],[23,-4],[19,-8],[7,-11],[0,-16],[-2,-7],[-6,-6],[-32,3],[-4,-1],[-23,8],[-47,-3],[-15,9],[9,5],[7,15],[1,9],[10,5],[30,2]],[[9535,1671],[-3,-16],[4,-21],[-2,-20],[-15,-11],[0,11],[-6,7],[-8,5],[-7,6],[-3,11],[5,6],[26,18],[9,4]],[[9999,1373],[-6,-13],[-12,-6],[-14,3],[-11,12],[1,13],[12,4],[16,-3],[14,-10]],[[7095,2392],[14,1],[13,-6],[1,-6],[-5,3],[-2,5],[-3,0],[-11,-14],[-1,-3],[4,-16],[-8,-8],[-12,0],[-9,8],[-1,9],[5,15],[5,5],[10,7]],[[3114,6663],[-3,0],[1,2],[2,-2]],[[3221,6682],[0,-1],[-2,2],[0,1],[2,-2]],[[484,7988],[0,-4],[-7,3],[0,4],[7,-3]],[[25,8459],[-14,-4],[-11,3],[2,2],[10,-1],[3,6],[8,1],[2,-7]],[[13,8504],[-6,-2],[-4,2],[-3,6],[10,1],[5,0],[5,-1],[-7,-6]],[[5564,9161],[21,6],[-6,-7],[-14,-6],[-1,7]],[[5684,8894],[-10,6],[-2,2],[19,-7],[49,-32],[-56,31]],[[9208,9883],[13,-13],[-5,1],[-37,36],[2,0],[27,-24]],[[9299,9931],[-2,-1],[-7,5],[-6,1],[-5,4],[-2,5],[1,1],[17,-11],[2,-2],[2,-2]],[[9157,9911],[-2,-2],[-7,3],[-32,35],[38,-35],[3,-1]],[[9261,9973],[-24,0],[-20,3],[-22,9],[-13,9],[6,5],[73,-21],[0,-5]]],"transform":{"scale":[0.0008512773477347693,0.001299348684868491],"translate":[-165.8247371079999,-21.938897393999923]},"bbox":[-165.8247371079999,-21.938897393999923,-157.31281490799995,-8.94670989399988]}