{"type":"Topology","objects":{"subunits":{"type":"GeometryCollection","geometries":[{"type":"MultiPolygon","arcs":[[[0]],[[1]],[[2]],[[3]],[[4]],[[5]]]},{"type":"Polygon","id":"Al Gharbiyah","arcs":[[6,7,8,9,10]]},{"type":"Polygon","id":"Al Isma`iliyah","arcs":[[11,12,13,14,15,16,17]]},{"type":"Polygon","id":"Al Minufiyah","arcs":[[18,19,20,-9]]},{"type":"Polygon","id":"Al Qahirah","arcs":[[21,22,23,24,-14]]},{"type":"Polygon","id":"Al Qalyubiyah","arcs":[[25,-24,26,-19,-8,27]]},{"type":"MultiPolygon","id":"Ash Sharqiyah","arcs":[[[-15,-25,-26,28,29]],[[-17,30,31]]]},{"type":"Polygon","id":"As Suways","arcs":[[32,33,34,35,36,-22,-13]]},{"type":"MultiPolygon","id":"Ad Daqahliyah","arcs":[[[37,38]],[[39,40]],[[41,42,-29,-28,-7,43,44]]]},{"type":"Polygon","id":"Bur Sa`id","arcs":[[45,-18,-32,46,-38,47]]},{"type":"Polygon","id":"Dumyat","arcs":[[-40,48,-42,49]]},{"type":"Polygon","id":"Matruh","arcs":[[50,51,52,53,54]]},{"type":"Polygon","id":"Al Buhayrah","arcs":[[55,-10,-21,56,-52,57,58]]},{"type":"Polygon","id":"Al Fayyum","arcs":[[59,60]]},{"type":"Polygon","id":"Al Iskandariyah","arcs":[[-58,-51,61]]},{"type":"Polygon","id":"Al Jizah","arcs":[[-27,-23,-37,62,63,-61,64,65,66,-53,-57,-20]]},{"type":"Polygon","id":"Al Minya","arcs":[[67,68,69,-66,70]]},{"type":"Polygon","id":"Bani Suwayf","arcs":[[71,-71,-65,-60,-64]]},{"type":"Polygon","id":"Kafr ash Shaykh","arcs":[[-44,-11,-56,72]]},{"type":"Polygon","id":"Aswan","arcs":[[73,74,75,76]]},{"type":"Polygon","id":"Asyut","arcs":[[77,78,79,-69]]},{"type":"Polygon","id":"Al Wadi at Jadid","arcs":[[-80,80,81,-75,82,-54,-67,-70]]},{"type":"Polygon","id":"Qina","arcs":[[-76,-82,83,84],[85]]},{"type":"Polygon","id":"Suhaj","arcs":[[86,-84,-81,-79]]},{"type":"MultiPolygon","id":"Al Bahr al Ahmar","arcs":[[[87]],[[88]],[[-36,89,-77,-85,-87,-78,-68,-72,-63]]]},{"type":"MultiPolygon","id":"Janub Sina'","arcs":[[[90]],[[91]],[[-34,92,93]]]},{"type":"MultiPolygon","id":"Shamal Sina'","arcs":[[[94]],[[95]],[[96]],[[-93,-33,-12,-46,97]]]},{"type":"Polygon","id":"Luxor","arcs":[[-86]]}]}},"arcs":[[[9804,276],[-1,-17],[-1,11],[-10,-1],[-7,-1],[-6,-1],[1,4],[0,10],[3,4],[2,7],[4,3],[5,2],[2,-4],[-1,-1],[-5,-3],[6,-2],[5,-8],[3,-3]],[[9429,685],[-2,-5],[-6,11],[-4,5],[-3,6],[-6,3],[-6,8],[20,2],[8,-16],[0,-5],[2,-5],[-3,-4]],[[9315,775],[0,-5],[2,-6],[0,-5],[-4,2],[-2,4],[-3,10],[-10,-12],[3,-6],[-4,-5],[-3,17],[10,13],[4,11],[9,6],[-2,-6],[-2,-5],[1,-3],[1,-10]],[[9443,831],[1,-5],[5,0],[11,-2],[8,-1],[-4,-3],[-7,0],[-11,1],[-10,-1],[-4,-3],[-8,7],[6,-1],[5,3],[6,1],[0,7],[-1,7],[-2,7],[5,-9],[3,-3],[0,-2],[-3,-3]],[[9014,1283],[1,-4],[2,-1],[3,-9],[-4,3],[-1,-3],[3,-4],[7,-10],[7,-9],[1,-7],[-4,6],[-9,2],[-4,2],[-4,7],[-5,2],[-7,10],[-4,5],[-4,0],[-5,2],[0,-4],[-2,-2],[-3,4],[-9,2],[-8,2],[-9,-2],[-10,-9],[-4,-6],[-6,4],[5,-6],[8,-3],[2,-5],[-4,0],[-7,5],[-13,4],[0,2],[0,4],[-2,4],[-2,3],[-2,3],[3,2],[3,0],[2,-2],[3,0],[9,3],[8,0],[11,3],[8,0],[7,5],[8,-4],[11,-3],[4,0],[2,1],[4,3],[6,4],[4,-1],[0,-3]],[[9430,1663],[-11,-9],[-5,10],[1,8],[-2,15],[6,-2],[6,-2],[5,-4],[2,-2],[-2,-14]],[[5372,9433],[-5,2],[-2,2],[-2,1],[-1,-2],[-6,-49],[-8,-27],[-1,-8],[4,-6],[5,-2],[5,-2],[8,-3],[2,-1],[9,3],[7,5],[8,2],[8,2],[8,4],[4,-1],[3,-3],[-1,-5],[2,-8],[-6,-29],[-2,-5],[-8,-6],[-10,-1],[-9,-3],[-7,-11],[-1,-13],[2,-8],[4,-8],[1,-13],[-5,-9],[-9,-7],[-3,-9],[11,-11],[-4,-2],[-3,-2],[-3,-2],[-6,-1],[5,-3],[5,-5],[5,-6],[1,-4],[0,-11],[-2,-3],[-3,0],[-6,-4],[-18,-6],[-4,-4],[2,-7],[4,-8],[7,-9],[4,-43],[5,-26],[2,-3],[4,-1],[4,-2],[1,-8],[3,-28],[10,-47],[-1,-28],[-13,-47]],[[5376,8894],[-2,-24]],[[5374,8870],[-18,12],[-6,12],[-17,17],[-7,6],[-3,7],[-2,8],[-6,5],[-6,5],[-11,7],[-10,4],[-29,3],[-12,-2],[-5,0],[-2,3],[-2,6],[-17,31],[-3,3],[-2,0],[-14,-7],[-4,-1],[-6,-1],[-5,1],[-7,1],[-14,-2],[-4,1],[-8,11],[-7,1],[-7,3],[-13,17],[-9,4],[-9,1],[-10,-1],[-8,-3],[-10,-5],[-8,-5],[-42,-6],[-8,-3],[-11,-7],[-11,-7]],[[5001,8989],[-2,15],[-4,11],[-7,4],[-4,7],[5,15],[9,13],[4,4],[-4,17],[-8,0],[-11,-4],[-11,5],[-2,11],[6,14],[8,12],[5,6],[22,6],[10,6],[1,10],[-8,6],[-11,-1],[-26,-5],[19,14],[4,6],[3,10],[1,12],[-4,10],[-8,4],[-18,5],[2,10],[11,14],[7,14],[-4,17],[-19,33],[-2,6],[10,7]],[[4975,9303],[7,20],[6,1],[6,-2],[2,-1],[49,-19],[9,2],[15,6],[11,1],[13,-2],[7,4],[2,1],[-1,4],[0,2],[3,3],[10,4],[8,6],[7,2],[59,4],[13,7],[7,9],[5,20],[4,9],[2,9],[1,6],[-2,17],[0,10],[2,10],[6,9],[44,-2],[18,-9],[9,0],[18,18],[9,5],[10,0],[8,-1],[8,-2],[5,-3],[17,-18]],[[6480,9292],[34,-358],[2,-92],[2,-22],[3,-14],[2,-4],[75,-131],[43,-123]],[[6641,8548],[-155,12],[-26,-3],[-26,-8],[-7,-4],[-32,-34],[-4,-2],[-24,-12],[-4,-1],[-10,0],[-42,7],[-15,5],[-11,5],[-24,17],[-71,6],[-295,-11]],[[5895,8525],[-36,111]],[[5859,8636],[-25,107],[-3,38],[-7,26],[-8,12],[-9,8],[-10,13],[-3,11],[0,10],[2,4],[2,2],[3,-1],[6,-2],[1,0],[3,1],[37,-13],[3,0],[36,0],[22,3],[12,5],[21,3],[24,1],[22,15],[26,29],[54,78],[17,40],[9,27],[-11,54],[1,40],[10,26],[5,18],[12,21],[11,39],[24,33],[5,16],[2,13],[-1,12],[-7,32],[-15,12],[-12,7],[-14,21],[0,6]],[[6104,9403],[3,-1],[-4,8]],[[6103,9410],[1,0],[70,9],[30,7],[21,11]],[[6225,9437],[17,6],[238,-151]],[[5374,8870],[9,-14],[-11,-4],[-7,4],[-5,7],[-5,1],[-5,-8],[-1,-10],[1,-11],[5,-8],[0,-6],[-23,-21],[-13,-6],[-1,-1],[-3,-3],[0,-6],[1,-8],[-1,-5],[-6,-6],[-14,-3],[-8,-5],[-7,-10],[-1,-9],[0,-10],[-3,-14],[-5,-12],[-2,1],[-3,7],[-6,4],[-8,1],[-1,1],[2,-4],[0,-12],[1,-7],[2,-6],[0,-6],[-8,-8],[-8,-5],[-8,0],[-18,5],[9,-15],[22,-17],[8,-12],[1,-11],[-3,-46],[6,-7],[2,-16],[1,-29],[3,-12],[15,-24],[9,-18]],[[5287,8466],[-12,8],[-10,6],[-20,19],[-10,5],[-11,10],[-7,2],[-7,-2],[-11,-9],[-7,-3],[-16,0],[-15,6],[-10,10],[-4,16],[-1,23],[-2,11],[-5,4],[-1,3],[-10,5],[-9,3],[-8,3],[-2,1],[-6,14],[-2,11],[1,11],[-2,10],[-6,4],[-22,6],[-25,-21],[-15,8]],[[5032,8630],[-6,15],[6,14],[38,12],[-5,11],[-24,18],[-2,15],[2,15],[4,13],[2,11],[-2,11],[-4,11],[-11,24],[6,9],[6,12],[4,14],[1,15],[-7,2],[-6,-1],[-5,0],[-5,5],[-2,9],[0,8],[4,7],[9,5],[0,7],[-16,9],[-11,19],[-5,25],[-2,44]],[[5895,8525],[1,-59],[21,-101],[18,-212],[-6,-93]],[[5929,8060],[-522,-24],[-6,14],[5,12],[5,22],[0,39],[-6,43],[-10,39],[-12,27],[-21,26],[-9,16],[-4,19],[14,111]],[[5363,8404],[56,23],[3,2],[2,2],[2,3],[2,3],[1,4],[2,9],[1,3],[1,1],[3,1],[3,0],[5,-3],[3,-3],[4,0],[5,1],[9,5],[5,4],[19,8],[40,9],[126,6]],[[5655,8482],[204,154]],[[5457,8879],[-18,-18],[-21,-16],[-9,-14],[-4,-11],[-2,-18],[-10,-36],[-1,-29],[5,-8],[14,-12],[8,-19],[6,-9],[8,-8],[8,-11],[8,-14],[6,-25],[7,-17],[7,-21],[7,-9],[8,-9],[171,-93]],[[5363,8404],[0,9],[-3,10],[-4,8],[-9,5],[-32,4],[-10,6],[-18,20]],[[5376,8894],[24,-10],[11,-9],[11,1],[10,3],[7,5],[18,-5]],[[5457,8879],[19,23],[4,21],[-1,20],[-2,10],[-5,18],[-4,30],[-7,35],[1,21],[2,15],[5,11],[7,9],[8,7],[13,5],[16,4],[40,1],[8,-1],[8,-1],[12,2],[8,3],[27,-4],[11,2],[13,8],[8,12],[25,23],[5,10],[1,9],[-3,16],[0,12],[7,7],[7,4],[9,2],[6,3],[11,9],[5,10],[4,13],[8,17],[43,56],[30,61],[4,6],[2,0],[4,1],[4,-1],[5,-1],[4,0],[2,1],[3,1],[4,0],[6,0],[2,1],[7,4],[4,1],[2,0],[2,-1],[6,-3],[3,-1],[2,0],[2,0],[4,1],[5,3],[2,1],[12,1],[38,10],[10,1],[2,0],[1,1],[25,22],[4,1],[4,0],[14,0],[2,0],[8,4],[25,18]],[[6030,9453],[2,-6],[5,-6],[8,-3],[0,-8],[-9,-2],[-6,-4],[-4,-6],[-3,-9],[4,-2],[7,-5],[8,6],[7,1],[7,-2],[5,-5],[0,-6],[-5,0],[0,-8],[8,-8],[10,-5],[11,-1],[10,8],[0,6],[-12,0],[-8,7],[-5,10],[-3,11],[13,-3],[16,-9],[8,-1]],[[6103,9410],[-2,6],[13,1],[4,-1],[0,8],[-4,1],[-1,1],[1,1],[-2,3],[2,1],[9,7],[1,-6],[2,-2],[4,1],[5,-1],[-4,12],[7,7],[9,1],[9,-17],[10,-4],[13,-1],[12,2],[19,13],[9,18],[-2,19],[-15,15],[20,1],[1,0]],[[6223,9496],[0,-1],[2,-58]],[[6641,8548],[16,-97],[10,-210],[7,-22],[7,-14],[6,-9]],[[6687,8196],[-166,-128],[0,-1]],[[6521,8067],[-3,5],[-19,22],[-17,9],[4,10],[9,9],[4,4],[0,29],[-10,20],[-34,36],[8,5],[3,5],[-1,5],[-5,6],[5,2],[2,2],[-2,2],[-5,1],[-3,7],[-4,5],[-4,5],[-2,4],[1,3],[3,2],[3,2],[6,1],[0,6],[-2,8],[0,6],[2,9],[-5,0],[-10,-26],[-1,-11],[2,-8],[4,-5],[4,-8],[1,-14],[-6,0],[-2,13],[-6,8],[-9,0],[-11,-7],[-13,6],[-16,-11],[-14,-19],[-8,-18],[-1,-19],[5,-15],[12,-11],[18,-5],[-14,-13],[-69,-106],[-4,-8],[-8,-10],[-24,-48],[-5,-17],[0,-43],[-5,-17],[-11,-14],[0,-8],[8,-8],[10,-14],[7,-14],[7,-22],[9,-11],[41,-30],[11,-10],[37,-49],[26,-17],[23,-26],[20,-30],[9,-20],[3,-26],[8,-34],[11,-32],[11,-19],[0,-6],[-3,-19],[23,-101]],[[6525,7375],[-79,-1],[-16,-2],[-34,-12],[-23,-16],[-249,-121],[-18,-6],[-12,-3],[-67,4],[-112,-18],[-35,17]],[[5880,7217],[52,795],[-3,48]],[[6197,9619],[0,-8],[0,-5],[0,-1]],[[6197,9605],[-8,4],[-16,3],[-10,-4],[-6,17],[10,-1],[11,-1],[19,-4]],[[6055,9691],[3,2],[6,5]],[[6064,9698],[9,-4],[20,-25],[5,-4],[12,-6],[32,-28],[9,-6],[-25,6],[-81,55],[4,-1],[4,1],[2,-1],[6,-6],[-2,7],[-3,5],[-1,0]],[[5636,9779],[0,-2],[-3,-9],[-2,-6],[-4,-8],[-5,-6],[-29,-23],[-14,-18],[-2,-4],[1,-6],[7,-5],[37,-6],[5,-3],[2,-7],[-1,-7],[0,-7],[2,-5],[6,-3],[6,2],[6,-1],[10,-10],[6,-3],[6,-1],[4,-4],[5,-13],[3,-2],[5,-2],[9,5],[5,5],[2,6],[0,4],[-3,10],[0,3],[2,4],[15,7],[5,1],[5,0],[3,-8],[2,-7],[2,-9],[-3,-4],[0,-8],[5,-8],[-3,-5],[-7,0],[-6,7],[-6,0],[-2,-4],[-1,-3],[-3,-8],[16,-9],[-2,-11],[-12,-11],[-15,-5],[-14,-1],[-1,-4],[5,-9],[1,-14],[-15,-22],[-14,-5],[2,-12],[3,-10],[6,-5],[10,1],[46,43],[21,12],[37,10],[25,18],[12,33]],[[5819,9607],[2,1],[-2,1],[-1,1],[-1,1],[-2,4],[12,-6],[6,-1],[7,0],[7,-5],[1,-9],[0,-10],[3,-4],[10,-3],[12,-7],[13,-9],[8,-10],[6,17],[4,7],[6,5],[-3,-10],[-1,-6],[1,-6],[3,-7],[-11,0],[0,-7],[11,0],[-2,-2],[-3,-2],[-1,-3],[1,-7],[4,1],[2,1],[2,3],[3,3],[1,-2],[0,-3],[1,-2],[4,-1],[0,8],[5,0],[-4,-15],[4,-10],[7,1],[4,16],[10,1],[13,15],[15,12],[19,-7],[-12,0],[0,-7],[12,-6],[2,4],[5,4],[4,5],[12,-7],[0,-6],[-4,-5],[-1,-3],[-1,-14],[9,4],[2,3],[-1,-9],[-2,-6],[-3,-4],[-5,-2],[0,-7],[5,-9],[0,-11],[-17,-16],[0,-7],[9,0],[7,2],[5,5],[2,7],[5,0],[1,-11],[1,-2]],[[5372,9433],[13,8],[7,6],[9,5],[8,1],[5,2],[-3,10],[-14,14],[-5,8],[-1,10],[8,23],[3,17],[-1,30],[-2,18],[-1,18],[2,45],[0,33],[-8,62],[-2,10],[-4,10],[-11,14],[-4,5],[-2,9],[1,9],[2,9],[3,6],[20,18],[60,35]],[[5455,9868],[23,-12],[34,-28],[85,-43],[27,-7],[12,1]],[[6478,9383],[0,-1],[2,-90]],[[6223,9496],[2,-1],[4,31],[0,14],[-4,18],[-14,19],[-2,9],[10,8],[-12,8],[-10,3]],[[6197,9619],[36,-8],[11,-9],[5,0],[10,-1],[2,-18],[8,-13],[12,-9],[26,-7],[9,-10],[15,-21],[35,-37],[15,-12],[23,-44],[22,-21],[24,-16],[28,-10]],[[6055,9691],[-5,2],[-17,2],[-4,4],[-2,5],[-4,4],[-22,13],[-8,8],[-4,-1],[-6,0],[-2,14],[-5,13],[-7,10],[-8,6],[11,0],[10,2],[-41,55],[-9,17],[-12,17],[-9,6],[-1,-5],[-13,7],[-6,-3],[-3,-11],[-11,7],[0,-3],[0,-7],[0,-3],[-3,2],[-6,2],[-3,2],[1,-8],[-2,-6],[-4,-7],[17,0],[-5,-12],[13,-24],[-2,-14],[5,0],[0,-7],[-5,0],[1,-4],[3,-5],[1,-5],[-5,0],[-3,12],[-6,10],[-8,6],[-11,1],[3,7],[-4,1],[-6,-7],[-5,-16],[5,0],[3,1],[4,6],[5,-5],[5,-2],[6,0],[0,-7],[-6,0],[0,-7],[3,-6],[5,-5],[7,-2],[8,-1],[-6,-6],[-8,-3],[-8,3],[-6,6],[-5,0],[0,-5],[-1,-1],[-3,0],[-3,-1],[4,-3],[3,-4],[5,-8],[-11,-15],[-3,-12],[8,-7],[17,0],[0,-8],[-11,2],[-9,4],[-7,1],[-7,-7],[-5,0],[-5,6],[-6,0],[-4,-6],[-2,-11],[4,-5],[6,-4],[1,-4],[-11,-4],[0,-7],[5,-10],[-6,-3],[-9,-3],[-7,-6],[-2,-15],[6,-9],[9,-2],[8,4]],[[5636,9779],[22,1],[123,38],[74,45],[29,11],[32,-1],[26,-14],[12,-28],[4,-12],[26,-38],[11,-30],[13,-17],[26,-26],[9,-4],[20,-5],[1,-1]],[[4020,9329],[22,-695]],[[4042,8634],[39,-88],[538,-367]],[[4619,8179],[-637,-429],[-532,-594],[-166,-139],[-649,-188],[-61,-28],[-39,-47],[-22,-39],[-354,-844]],[[2159,5871],[-1904,-1],[-15,0]],[[240,5870],[0,364],[0,81],[0,409],[0,412],[0,174],[0,128],[-6,59],[-14,56],[-68,182],[-8,35],[-2,40],[7,75],[0,26],[-12,42],[-42,78],[-5,43],[14,54],[1,21],[-4,23],[-71,194],[-23,46],[-7,22],[0,40],[13,36],[34,67],[14,36],[8,14],[22,31],[25,28],[48,79],[16,36],[7,35],[3,20],[25,72],[8,57],[11,41],[12,36],[5,35],[-11,42],[-36,83],[-11,53],[-28,64],[-6,21],[-19,111],[-1,84],[-8,88],[1,37],[10,33],[133,118],[30,88],[23,36],[51,44],[-1,-8],[10,-67],[9,-34],[15,-20],[17,-6],[42,-2],[32,-18],[17,0],[37,6],[8,-3],[9,-5],[10,-2],[15,10],[20,5],[24,3],[133,42],[154,56],[37,6],[80,-4],[324,-98],[236,-35],[13,-8],[13,-5],[41,4],[17,-2],[58,-31],[34,-11],[38,-1],[29,12],[15,2],[14,-10],[11,-12],[8,-4],[8,0],[9,-2],[22,-14],[52,-19],[55,-7],[21,-6],[13,-11],[5,5],[8,5],[3,4],[10,-1],[52,1],[5,-2],[6,-4],[6,-7],[0,-4],[-2,-4],[2,-7],[6,-13],[4,-6],[4,-2],[3,-3],[1,-16],[2,-6],[6,-12],[8,-31],[8,-14],[20,-18],[23,-14],[26,-10],[52,-8],[20,-10],[18,-4],[18,11],[42,-24],[48,10],[95,50],[14,2],[9,-7],[4,-14],[1,-21],[3,-8],[14,-38],[3,-33],[3,-9],[24,-16],[39,-6],[147,0],[10,-2],[7,-6],[7,-7],[7,-5],[10,-3],[24,3],[19,-3],[35,-9],[15,-2],[17,4],[36,19],[18,4],[16,-3],[15,-7],[13,-10],[9,-11],[8,-5],[29,1],[11,-3],[9,-3],[13,-8],[146,-57],[29,-18],[16,-7],[20,-3],[5,-6],[5,-28],[4,-9],[5,-5],[15,-5],[143,-81],[132,6],[24,5],[112,59],[121,64],[43,35],[34,19]],[[4676,9779],[14,-3],[7,-12],[2,-20],[-1,-26],[4,-3],[7,-3],[8,-4],[3,-11],[1,-10],[4,-7],[5,-5],[8,-4],[0,4],[3,7],[4,5],[7,-4],[3,-4],[7,-5],[3,-3],[5,-5],[4,-7],[2,-8],[1,-11],[-1,-21],[-5,-20],[-7,-16],[-10,-11],[0,-6],[4,-2],[0,-1],[1,-2],[1,-3],[5,0],[0,8],[6,0],[4,-9],[5,-28],[0,-6],[14,-1],[0,1],[4,1],[3,3],[3,2],[6,1],[6,-4],[9,-14],[5,-3],[9,-3],[7,-7],[37,-61],[39,-23],[6,-9],[2,-5],[12,-17],[3,-10],[1,-11],[-3,-15],[2,-9],[7,-6],[14,-15],[9,-15]],[[5032,8630],[-380,-375],[-33,-76]],[[4042,8634],[49,129],[36,42],[134,69],[30,22],[26,32],[21,34],[22,45],[-11,39],[-12,26],[-38,50],[-52,93],[-6,18],[-3,24],[12,25],[15,19],[10,18],[1,6],[-8,27],[-16,11],[-5,10],[-3,5],[-1,4],[-1,3],[-1,9],[0,4],[1,3],[1,2],[4,4],[47,23],[56,35],[9,9],[22,33],[47,101],[2,6]],[[4430,9614],[31,-10],[30,-3],[-7,-5],[-9,-12],[-7,-4],[-1,-5],[2,-2],[2,0],[3,-1],[-10,-7],[3,-8],[9,-7],[9,-6],[34,22],[-4,-12],[4,-6],[7,-1],[4,1],[3,6],[25,26],[2,-5],[1,0],[3,-3],[2,6],[1,4],[2,4],[1,8],[5,0],[-1,-11],[2,-8],[4,-6],[6,-3],[3,7],[9,28],[-13,7],[-12,-3],[-12,-7],[-14,-4],[0,7],[2,0],[6,-1],[3,1],[0,7],[-13,-5],[-49,-2],[0,7],[31,8],[29,18],[50,48],[17,32],[12,42],[3,43],[-7,36],[6,0],[4,-20],[7,-19],[11,-14],[17,-4],[0,1]],[[5252,7664],[-33,-36],[-32,-69],[-33,-41],[-15,-32],[-26,-44],[-56,-67],[-69,-40],[-341,-106],[-38,-4],[-55,44],[-356,72]],[[4198,7341],[382,411],[60,53],[149,97],[171,87],[172,24],[38,-33],[23,-26],[59,-290]],[[4020,9329],[5,3],[6,10],[6,8],[121,95],[13,28],[22,-6],[24,12],[38,37],[-7,12],[-3,-1],[-7,-4],[4,10],[7,8],[6,0],[5,-11],[6,0],[10,11],[38,37],[11,8],[11,6],[16,25],[7,5],[11,3],[7,5],[5,7],[8,7],[-3,1],[-2,0],[-1,1],[0,5],[23,14],[-3,-30],[23,-20],[3,-1]],[[5880,7217],[-301,101],[-16,8],[-24,17],[-16,14],[-32,37],[-10,14],[-4,7],[-11,29],[-6,10],[-5,7],[-18,16],[-60,82]],[[5377,7559],[3,12],[0,8],[0,12],[-2,10],[-4,10],[-8,15],[-5,8],[-7,7],[-8,6],[-12,6],[-24,9],[-21,3],[-37,-1]],[[4198,7341],[-33,-261],[-21,-79]],[[4144,7001],[-133,-388],[-104,-154],[-124,-103],[-378,-223],[-59,-49],[-41,-69],[-58,-144]],[[3247,5871],[-1088,0]],[[5123,6956],[-26,-253],[-5,-21],[-4,-12],[-40,-76],[-24,-69],[-5,-24],[-2,-18],[1,-11],[9,-47],[3,-45],[2,-12],[4,-12],[44,-97],[13,-41],[4,-28],[7,-98],[4,-23],[19,-56],[4,-20],[4,-31],[1,-25],[-1,-16],[-15,-99]],[[5120,5822],[-87,-12],[-9,2],[-48,21],[-5,0],[-8,-1],[-26,-6],[-16,0],[-22,10]],[[4899,5836],[4,13],[10,22],[-1666,0]],[[4144,7001],[835,22],[15,-17],[129,-50]],[[5377,7559],[-3,-44],[3,-41],[-1,-14],[-6,-19],[-9,-22],[-15,-43],[-10,-22],[-12,-19],[-36,-44],[-23,-34],[-47,-85],[-55,-81],[-18,-36],[-15,-48],[-6,-30],[-1,-21]],[[4676,9779],[-23,18],[-12,31],[5,18],[30,-18],[22,-18],[25,-12],[30,-3],[35,5],[116,33],[243,94],[0,-7],[-12,-2],[-76,-31],[-63,-39],[-44,-23],[-35,-25],[-4,-3],[-11,-2],[-7,-2],[-31,-24],[-14,-5],[-33,-3],[-7,-4],[-4,0],[-12,-21],[0,-8],[17,-5],[6,0],[5,5],[5,0],[13,-8],[23,2],[22,7],[10,10],[7,17],[17,-5],[17,-15],[9,-15],[6,0],[5,18],[13,18],[15,15],[12,6],[7,4],[9,-5],[11,-7],[12,-6],[8,1],[11,3],[11,1],[10,-5],[-3,-1],[-2,0],[-1,-1],[0,-5],[11,-4],[14,5],[14,10],[11,10],[-2,2],[-2,-1],[-1,1],[0,5],[3,2],[0,1],[0,1],[2,4],[28,-14],[6,-8],[7,7],[6,8],[9,21],[-5,9],[3,7],[13,12],[3,6],[-1,6],[-1,4],[5,5],[5,1],[30,-2],[8,-3],[13,-10],[2,-4],[0,-5],[2,-4],[7,-1],[7,2],[5,5],[3,7],[-15,8],[6,4],[5,2],[5,-1],[-16,23],[-33,27],[-39,18],[-37,1],[8,5],[21,8],[69,12],[26,-3],[75,-26],[106,-52]],[[5573,1],[-48,0],[26,92],[19,66],[1,26],[-7,23],[-18,21],[-15,9],[-16,3],[-16,-4],[-15,-9],[-21,-28],[-37,-88]],[[5426,112],[-2,3],[-6,11],[-8,11],[-36,31],[-8,9],[-7,10],[-5,12],[-1,11],[2,14],[6,15],[13,22],[11,13],[11,10],[20,12],[20,7],[21,4],[41,2],[20,4],[20,8],[20,11],[13,9],[29,26],[58,86],[6,17],[6,16],[6,33],[0,7],[-5,56],[-13,61],[-4,23],[0,11],[4,15],[6,17],[14,26],[12,15],[12,12],[11,6],[11,4],[10,3],[10,1],[19,-1],[70,-22],[9,-1],[9,2],[261,145],[23,8],[11,1],[9,-1],[10,-4],[18,-14],[38,-36],[9,-5],[11,-3],[11,0],[23,5],[10,0],[9,-2],[9,-6],[7,-9],[10,-20],[7,-9],[8,-3],[9,4],[8,11],[16,40],[6,10],[7,10],[9,20],[8,28],[9,58],[9,29],[8,20],[8,11],[2,6],[8,19],[24,93],[40,104],[21,33],[72,90],[7,14],[5,14],[3,19],[0,17],[-6,18],[-8,6],[-10,1],[-111,-19],[-81,4],[-34,7],[-9,4],[-9,6],[-7,11],[-3,16],[5,26],[4,14],[7,19],[6,27],[11,78],[10,46],[5,10],[20,34],[15,21],[18,20],[10,7],[9,6],[10,5],[21,6],[100,16],[11,5],[9,6],[5,12],[0,13],[-7,19],[-8,11],[-9,7],[-19,11],[-37,25],[-9,9],[-7,10],[-4,14],[-2,18],[3,29],[5,32],[6,14],[2,4],[4,6],[8,7],[8,5],[10,4],[19,3],[53,-2],[20,4],[10,3],[10,6],[9,7],[9,9],[7,11],[2,8],[8,9],[1,10],[9,37],[0,19],[-11,43],[-2,14],[2,33],[2,12],[0,24],[6,52],[0,12],[-7,72],[2,57],[2,22],[0,14],[-1,3],[5,41],[30,84],[8,39],[-3,14],[0,6],[-7,39],[-15,55],[-35,84],[-6,18],[-3,14],[-9,106],[-12,39],[-10,23],[-14,24],[-17,23],[-29,25],[-66,44]],[[6523,3261],[14,14],[7,4],[8,7],[3,10],[3,15],[0,55],[6,24]],[[6564,3390],[166,-146],[31,-45],[28,-56],[11,-31],[6,-29],[8,-62],[2,-139],[5,-36],[4,-15],[89,-213],[1,-9],[-1,-19],[-6,-26],[-3,-9],[-10,-23],[-13,-22],[-67,-102],[-7,-19],[-17,-82],[-8,-70],[23,-177],[8,-24],[19,-41],[22,-71],[7,-18],[13,-20],[16,-16],[17,-14],[9,-9],[9,-12],[10,-22],[3,-16],[1,-13],[-1,-16],[0,-20],[5,-54],[-1,-17],[-4,-11],[-16,-32],[-3,-17],[1,-26],[18,-97],[5,-16],[23,-42],[10,-24],[3,-16],[0,-14],[-1,-11],[-6,-26],[-29,-88],[-5,-11],[-6,-9],[-25,-23],[-8,-11],[-5,-12],[-12,-35],[-4,-11],[-6,-10],[-16,-21],[-5,-14],[2,-13],[5,-11],[9,-9],[56,-40],[49,-21],[9,-6],[8,-9],[7,-10],[11,-23],[7,-10],[16,-17],[7,-10],[5,-11],[35,-135],[1,-27],[-3,-11],[-7,-6],[-8,1],[-9,3],[-8,5],[-53,46],[-66,79],[-19,14],[-19,8],[-21,2],[-67,-13],[-8,0],[-9,2],[-9,3],[-9,4],[-19,18],[-36,45],[-9,10],[-10,7],[-9,2],[-8,-1],[-6,-8],[-5,-9],[-8,-31],[-6,-10],[-16,-18],[-6,-15],[-1,-14],[6,-44],[-1,-30],[-3,-19],[-5,-14],[-11,-21],[-21,-33],[-106,-112],[-27,-34],[-30,-31],[-14,-11],[-16,-10],[-37,-14],[-39,-8],[-46,1],[-11,2],[-21,8],[-20,11],[-8,7],[-8,7],[-34,46],[-37,36],[-9,6],[-10,5],[-9,1],[-9,-3],[-8,-8],[-5,-10],[-9,-22],[-54,-176],[-13,-26],[-15,-22],[-11,-14],[-33,-29],[-9,-6],[-10,-4],[-10,-2],[-28,-1],[-10,-2],[-11,-5],[-9,-10],[-7,-11],[-11,-23],[-14,-21],[-10,-9],[-169,-93],[-18,-13],[-19,-17],[-18,-25],[-23,-52],[-1,-5],[-1,0]],[[5120,5822],[-3,-92],[2,-30],[2,-14],[8,-29],[5,-13],[6,-12],[7,-11],[8,-8],[72,-47],[83,-39],[52,-19],[12,-7],[12,-9],[19,-19],[10,-14],[7,-15],[13,-42],[6,-16],[6,-9],[6,-6],[19,-13],[34,-32],[51,-60],[12,-16],[19,-36],[87,-206]],[[5675,5008],[-33,-5],[-9,3],[-12,6],[-9,9],[-8,11],[-7,12],[-13,33],[-6,12],[-7,9],[-14,15],[-10,5],[-9,0],[-5,-4],[-7,-7],[-8,-12],[-5,-11],[-6,-8],[-8,-9],[-9,-8],[-76,-47]],[[5414,5012],[-103,235],[-10,16],[-38,47],[-16,15],[-13,10],[-75,35],[-40,26],[-109,116],[-13,17],[-14,24],[-76,182],[-9,33],[-2,28],[3,40]],[[5414,5012],[114,-159],[78,-76],[342,-487]],[[5948,4290],[130,-139],[8,-7],[15,-10],[20,-11],[12,-4],[15,-3],[23,-2],[39,8],[73,23],[189,101],[22,7],[37,5],[14,-1],[12,-2],[9,-5],[9,-7],[8,-8],[7,-10],[5,-11],[4,-11],[3,-21],[0,-22],[-2,-14],[-3,-10],[-8,-21],[-35,-67],[-4,-12],[-3,-12],[-7,-49],[-5,-23],[-4,-11],[-5,-10],[-6,-10],[-15,-21],[-113,-102],[-24,-28],[-12,-20],[-4,-11],[-2,-11],[-1,-21],[1,-16],[28,-125],[22,-149],[13,-37],[7,-16],[8,-13],[17,-21],[78,-69]],[[5426,112],[-3,-7],[-40,-97],[-11,-8],[-32,0],[-79,0],[-80,0],[-80,0],[-79,0],[-80,0],[-80,0],[-79,0],[-80,0],[-80,0],[-79,0],[-80,0],[-80,0],[-80,0],[-79,0],[-80,0],[-80,0],[-79,0],[-80,0],[-80,0],[-79,0],[-80,0],[-80,0],[-80,0],[-79,0],[-80,0],[-80,0],[-79,0],[-80,0],[-80,0],[-79,0],[-80,0],[-80,0],[-80,0],[-79,1],[-80,0],[-80,0],[-79,0],[-80,0],[-80,0],[-80,0],[-79,0],[-80,0],[-80,0],[-79,0],[-80,0],[-80,0],[-79,0],[-80,0],[-80,0],[-79,0],[-80,0],[-80,0],[-79,0],[-80,0],[-80,0],[-80,0],[-79,0],[-80,0],[-80,0],[-79,0],[-80,0],[-80,0],[-80,0],[-79,0],[0,302],[0,302],[0,302],[0,302],[0,302],[0,302],[0,302],[0,302],[0,302],[0,302],[0,302],[0,302],[0,302],[0,302],[0,302],[0,302],[0,202],[0,196],[0,92],[0,349],[0,158],[0,40]],[[5948,4290],[32,34],[9,7],[9,5],[47,7],[12,4],[10,7],[19,28],[5,4],[9,4],[9,-2],[11,-11],[24,-46],[16,-21],[18,-16],[19,-12],[11,-1],[9,1],[22,27]],[[6239,4309],[25,6],[165,91],[43,9],[24,2],[52,-4],[64,-21],[15,-10],[21,-16],[28,-30],[32,-49],[12,-24],[8,-23],[12,-49],[9,-75],[1,-37],[-2,-25],[-4,-28],[-7,-27],[-42,-99],[-16,-24],[-18,-24],[-79,-81],[-54,-69],[-12,-20],[-9,-21],[-10,-34],[-1,-15],[1,-55],[14,-78],[10,-29],[10,-22],[7,-10],[26,-28]],[[6519,3866],[-20,-44],[10,-3],[12,-2],[5,17],[9,14],[0,9],[-16,9]],[[5675,5008],[138,-109],[36,-40],[13,-34],[19,-37],[21,-33],[9,-19],[4,-16],[4,-46],[2,-12],[13,-28],[20,-34],[12,-19],[12,-14],[15,-12],[21,-12],[24,-11],[53,-13],[11,-5],[12,-10],[9,-11],[7,-13],[22,-47],[87,-124]],[[7627,4902],[1,-24],[-12,13],[-5,14],[-23,58],[13,1],[4,-1],[16,-40],[6,-21]],[[7630,5707],[18,-7],[6,-18],[2,-19],[11,-12],[0,-7],[-6,1],[-11,2],[-14,20],[-5,6],[-18,6],[-8,6],[-7,10],[-9,7],[-18,-10],[-8,7],[-6,12],[-3,11],[5,7],[5,4],[6,2],[7,1],[19,-3],[6,-5],[7,-5],[7,-7],[4,-4],[10,-5]],[[6525,7375],[2,-10],[0,-23],[-4,-8],[-8,-9],[-5,-12],[-8,-4],[-3,-9],[6,-11],[-4,-31],[-2,-36],[6,-12],[25,-28],[9,-13],[2,-11],[1,-21],[3,-11],[18,-22],[4,-3],[34,-53],[29,-6],[18,-22],[11,-31],[37,-154],[3,-21],[8,-3],[40,-25],[19,-21],[10,-14],[8,-19],[8,-3],[9,-3],[8,-4],[2,-7],[6,-21],[23,-50],[8,-8],[0,-4],[-1,-2],[-3,0],[-2,0],[36,-34],[15,-22],[-1,-22],[7,-6],[5,-11],[4,-13],[2,-9],[3,-4],[18,-29],[39,-46],[10,-22],[8,-6],[9,-4],[7,-6],[4,-14],[0,-11],[2,-8],[14,-3],[14,-8],[27,-37],[18,-12],[-1,-6],[1,-8],[0,-7],[-2,-8],[6,-7],[10,-2],[9,2],[7,-15],[18,-9],[37,-11],[58,-59],[19,-44],[9,-11],[6,-10],[18,-48],[2,-12],[0,-7],[4,-8],[3,-20],[4,-8],[0,-6],[-6,0],[-11,0],[-9,23],[-20,13],[-21,9],[-18,12],[-5,0],[-5,-15],[-2,-9],[1,-8],[6,-11],[16,-18],[8,-13],[4,-15],[5,-9],[12,4],[12,6],[5,-1],[-1,-15],[-3,-14],[-6,-14],[-7,-11],[3,-4],[4,-6],[4,-4],[15,-12],[5,-2],[2,-4],[8,-19],[4,-6],[0,-7],[-9,8],[-19,28],[-6,0],[0,-7],[3,-6],[3,-9],[-6,0],[-5,20],[-15,-2],[-16,-14],[-8,-18],[19,-11],[13,-20],[24,-46],[-4,-7],[-2,-8],[-1,-10],[1,-11],[14,-12],[35,-18],[12,-13],[3,-9],[1,-23],[3,-10],[5,-9],[14,-17],[6,-10],[5,-21],[6,-46],[5,-14],[28,-29],[31,-24],[35,-19],[16,-13],[11,-18],[1,-11],[-1,-39],[-2,-3],[-8,-7],[-2,-4],[1,-6],[4,-9],[1,-6],[1,-23],[3,-18],[9,-14],[15,-12],[14,-15],[15,-23],[6,-17],[-12,2],[0,-17],[6,-14],[16,-26],[7,-16],[11,-30],[7,-14],[11,-10],[12,-7],[10,-8],[4,-11],[5,-33],[1,-16],[-6,-12],[-14,0],[-9,9],[-7,4],[-9,-20],[-2,-13],[0,-19],[1,-18],[3,-14],[1,-26],[-17,-63],[8,-30],[11,-11],[27,-9],[13,-9],[8,-15],[9,-32],[26,-39],[12,-29],[28,-91],[12,-27],[17,-29],[11,-26],[19,-34],[69,-181],[32,-54],[31,-89],[65,-102],[6,-13],[8,-30],[55,-93],[30,-37],[7,-11],[71,-161],[11,-49],[20,-44],[8,-53],[15,-29],[36,-51],[5,-13],[7,-30],[5,-14],[25,-43],[10,-45],[38,-75],[70,-140],[3,-33],[9,-28],[13,-19],[16,-22],[3,-19],[1,-39],[2,-19],[5,-15],[6,-12],[10,-10],[13,-9],[21,-23],[14,-29],[19,-82],[5,-13],[14,-27],[15,-33],[12,-12],[0,-16],[-13,-32],[0,-29],[34,-15],[41,-88],[110,-98],[18,-24],[30,-100],[22,-28],[31,-52],[14,3],[-6,14],[-8,14],[8,2],[17,-20],[23,-11],[30,-36],[11,-29],[2,-30],[25,-18],[26,6],[20,-6],[21,-8],[18,-11],[12,-15],[17,-46],[15,-23],[-6,-9],[-12,20],[-17,21],[-11,0],[-30,-15],[-13,-8],[-16,8],[-15,8],[-16,3],[-11,-2],[-12,3],[-15,7],[-6,8],[-9,13],[-9,4],[0,5],[-13,6],[-17,6],[-8,-6],[-11,-25],[-6,-31],[6,-49],[-8,-43],[-5,-32],[7,-26],[15,-4],[7,-13],[-1,-15],[-3,-7],[2,-17],[0,-12],[2,-24],[-4,-42],[-2,-90],[-2,-17],[-8,-28],[-1,-16],[3,-15],[7,-16],[18,-29],[14,-30],[5,-17],[3,-17],[-1,-49],[7,-49],[7,-38],[6,-34],[38,-76],[12,-30],[16,-38],[11,-94],[6,-17],[16,-36],[34,-49],[22,-14],[-10,16],[-23,47],[16,0],[11,-10],[7,-15],[5,-18],[9,-51],[3,-8],[13,-11],[7,-12],[6,-12],[10,-15],[15,-23],[31,-28],[30,-14],[15,-6],[2,-4],[11,-8],[11,-7],[12,-4],[45,-4],[66,-15],[64,-25],[23,-17],[40,-44],[13,-25],[4,-48],[14,-31],[25,-26],[25,-22],[13,-7],[12,-6],[-2,16],[4,0],[17,-23],[-4,-30],[14,-42],[55,-30],[27,-18],[19,-14],[49,-49],[74,-83],[16,-10],[12,1],[3,7],[2,6],[2,4],[7,-2],[14,-11],[7,-7],[4,-7],[12,-31],[7,-13],[12,-13],[32,-22],[19,-9],[3,-37],[-1,-13],[-5,-11],[-7,-11],[0,-1],[-191,0],[-191,0],[-190,0],[-191,0],[-190,0],[-191,0],[-190,0],[-191,0],[-190,0],[-191,0],[-190,0],[-191,0],[-5,0],[-186,0],[-190,0],[-191,0],[-173,0],[-17,0],[-84,0],[-84,0],[-84,0],[-83,0],[-84,0],[-84,0],[-17,0],[-67,0],[-84,0],[-84,0],[-83,0],[-84,0],[-84,0],[-84,0],[-84,0],[-84,0],[-83,0],[-23,0]],[[8225,6131],[-23,-11],[-19,7],[-16,16],[16,29],[41,-1],[1,-40]],[[8071,6211],[-22,-5],[-9,-5],[-3,-11],[4,-5],[3,-4],[14,-1],[24,4],[10,4],[2,-2],[2,0],[4,-7],[3,-7],[1,-3],[13,-13],[16,-16],[0,-7],[-31,-3],[-29,2],[-24,11],[-16,24],[-2,2],[2,14],[-3,20],[-4,8],[3,5],[1,1],[1,-6],[3,8],[4,6],[5,5],[6,2],[14,-8],[5,-6],[3,-7]],[[6687,8196],[226,11],[522,-101],[210,-124],[166,-69],[95,-57],[102,-41],[342,-59]],[[8350,7756],[-8,-4],[-7,-6],[-6,-7],[-6,-10],[-4,-12],[-3,-11],[-5,-8],[-10,-5],[3,0],[2,-1],[1,-1],[0,-5],[-7,-4],[-5,-6],[-2,-6],[3,-5],[-8,-2],[-4,-3],[1,-4],[5,-5],[-9,-10],[-19,-33],[-4,-4],[-9,-5],[-4,-4],[-3,-7],[-3,-6],[-4,-5],[-7,-5],[0,-6],[7,-15],[-2,-14],[-7,-15],[-4,-13],[0,-53],[-4,-13],[-10,-9],[-10,-8],[-4,-6],[-1,-14],[-3,-17],[-5,-16],[-8,-13],[2,-12],[-2,-62],[2,-10],[8,-13],[2,-13],[-3,-12],[-6,-6],[-7,-3],[-18,-13],[-3,-5],[-3,-14],[1,-6],[4,-21],[1,-62],[-22,-18],[0,-6],[2,-9],[3,-15],[0,-15],[-5,-12],[3,-3],[3,-5],[5,-12],[-8,-6],[-1,-6],[2,-6],[1,-7],[-2,-11],[-3,-7],[-4,-6],[-2,-5],[-4,-18],[-20,-30],[-11,-48],[-33,-55],[-10,-30],[-1,-3],[0,-2],[-1,-2],[-4,1],[11,-32],[-10,-20],[-19,-16],[-16,-18],[2,-2],[1,0],[2,-5],[-11,-7],[-6,-13],[-8,-46],[-3,-11],[-9,-18],[-2,0],[-3,-12],[-11,-26],[-3,-12],[1,-18],[2,-13],[4,-12],[4,-11],[0,-6],[-6,-18],[7,-15],[11,-14],[7,-17],[7,-8],[3,-6],[0,-8],[-2,-4],[-3,-3],[-1,-3],[0,-13],[-8,-37],[-10,-29],[15,-29],[-14,-72],[6,-8],[-21,-4],[-7,-3],[-3,-6],[-2,-10],[-4,-9],[-10,-7],[-5,-15],[-7,-3],[-6,-1],[-12,-4],[-8,-2],[2,-4],[0,-1],[1,0],[3,-3],[-6,-15],[-8,-32],[-8,-9],[-6,0],[-2,5],[-7,3],[-6,5],[-5,-7],[-6,-23],[-7,-11],[6,-13],[-10,-11],[-16,-8],[-11,-3],[-7,1],[-3,-1],[4,-16],[2,-6],[30,0],[0,-7],[-6,0],[0,-7],[4,-4],[3,-5],[4,-12],[-8,4],[-3,3],[1,-4],[0,-2],[1,-1],[4,0],[0,-8],[-6,0],[-4,9],[-15,22],[-15,18],[-7,7],[-9,4],[-12,5],[-79,10],[-19,14],[-55,75],[-4,3],[-7,-1],[-47,49],[-11,6],[-10,1],[-10,-9],[-11,28],[-6,-6],[-7,10],[-28,27],[-7,3],[-2,2],[-3,5],[-3,8],[-3,5],[-6,5],[-6,3],[-13,3],[1,26],[-40,27],[0,18],[-12,11],[-14,22],[-9,22],[1,15],[-3,3],[-4,3],[-2,3],[-2,6],[-5,0],[0,-8],[-6,0],[-3,5],[-7,10],[-2,3],[-12,50],[-4,8],[-6,-4],[-6,13],[-20,33],[-7,16],[-108,72],[-5,11],[-3,1],[-19,38],[-16,16],[-10,13],[0,6],[-52,43],[-9,10],[-3,8],[-3,8],[-7,13],[-9,12],[-9,5],[5,8],[0,-8],[6,0],[-6,34],[-13,3],[-7,-14],[15,-15],[-14,5],[-9,13],[-4,19],[-4,42],[-5,18],[-14,31],[8,20],[10,48],[9,24],[-10,13],[-5,8],[-4,21],[-6,5],[-7,3],[-7,6],[-5,19],[-3,46],[-3,13],[0,7],[7,9],[2,9],[-4,24],[-1,6],[-4,15],[-1,15],[4,7],[6,7],[-6,14],[-10,11],[-5,0],[-1,11],[-5,8],[-7,3],[-8,-4],[-9,13],[-22,13],[-9,9],[-10,26],[-1,6],[-3,6],[-12,10],[-2,5],[-3,2],[-14,23],[-2,2],[-7,4],[-2,1],[-2,3],[-2,9],[-1,3],[-37,42],[-13,5],[-19,11],[-17,14],[-11,12],[-4,17],[-4,21],[-6,19],[-10,8],[-8,3],[-5,8],[-17,44],[-1,1],[3,39],[-4,17],[-22,12],[-40,32],[7,0],[-3,7],[-4,4],[-4,2],[-6,1],[2,2],[2,2],[1,4],[0,7],[-5,0],[-4,-9],[-2,-8],[1,-7],[5,-5],[-11,0],[6,38],[1,48],[-9,43],[-26,20],[0,6],[5,13],[-1,14],[-3,16],[-1,14],[2,16],[7,21],[1,10],[0,17],[-2,11],[-3,9],[-5,9],[-20,27],[-3,12],[-1,1]],[[6795,9406],[2,-10],[-8,8],[-3,5],[-5,0],[6,5],[5,-1],[3,-7]],[[7161,9498],[35,-32],[-18,14],[-127,60],[-24,4],[26,-1],[42,-22],[19,-5],[25,-5],[22,-13]],[[6892,9568],[129,-17],[-5,-4],[-10,0],[-26,5],[-24,4],[-25,3],[-27,-8],[-14,3],[-21,-8],[-99,-58],[-17,-15],[9,16],[19,10],[16,9],[10,7],[11,8],[43,22],[9,10],[22,13]],[[6478,9383],[2,0],[36,-1],[34,4],[61,18],[73,39],[14,11],[34,19],[9,7],[6,0],[0,-7],[-27,-11],[-45,-38],[-27,-8],[-45,-23],[-70,-19],[40,0],[0,-7],[-12,-7],[25,0],[10,4],[5,10],[5,0],[0,-6],[3,-1],[4,1],[4,-1],[51,35],[42,14],[9,8],[5,0],[3,-6],[12,-3],[-3,-5],[-6,-1],[0,-7],[8,3],[20,11],[0,8],[-23,0],[0,6],[11,5],[14,-4],[13,-9],[8,-13],[2,-6],[1,-10],[2,-5],[-12,0],[28,-11],[12,1],[11,10],[0,8],[-7,5],[-4,1],[0,7],[31,9],[8,6],[-4,8],[2,7],[4,9],[4,11],[-6,0],[-5,-7],[-17,-14],[-3,-4],[-2,-3],[0,-3],[5,-4],[-11,-3],[-19,1],[-19,3],[-13,5],[25,3],[14,16],[10,21],[13,17],[10,6],[20,4],[9,5],[16,16],[10,5],[14,0],[0,-7],[-23,0],[0,-7],[10,-8],[29,-42],[9,-17],[-3,-6],[-10,-3],[-12,-9],[-1,2],[0,3],[-1,2],[-4,-1],[0,-6],[13,-10],[8,-14],[-1,-16],[-9,-17],[30,13],[15,3],[11,-1],[5,1],[4,0],[7,-1],[0,6],[-11,8],[-5,0],[0,-8],[-5,0],[0,8],[43,18],[12,10],[6,0],[-6,-8],[6,-7],[6,6],[7,1],[6,-5],[3,-9],[6,0],[1,9],[-1,10],[-1,2],[12,1],[-8,4],[-8,-1],[-7,1],[-10,2],[90,8],[-8,19],[11,4],[13,1],[0,18],[9,-4],[3,-3],[5,0],[11,3],[33,-18],[15,-6],[60,-7],[16,-7],[0,7],[19,-6],[27,2],[169,48],[158,68],[124,87],[1,1],[20,-40],[5,-17],[14,-50],[9,-28],[32,-109],[26,-87],[31,-90],[42,-120],[50,-145],[18,-83],[2,-42],[5,-18],[13,-19],[8,-13],[0,-14],[-8,-31],[-1,-18],[1,-12],[6,-10],[45,-43],[9,-15],[27,-85],[48,-153],[32,-99],[2,-6],[2,-6],[0,-7],[0,-6],[5,-56],[36,-108],[32,-98],[21,-106],[-1,-72],[5,-24],[19,-43],[7,-15],[-1,-1]]],"transform":{"scale":[0.001221205900890092,0.0009663077315731498],"translate":[24.688342732000137,21.994369202000115]},"bbox":[24.688342732000137,21.994369202000115,36.89918053500017,31.65648021000004]}