{"type":"Topology","objects":{"subunits":{"type":"GeometryCollection","geometries":[{"type":"MultiPolygon","arcs":[[[0]],[[1]],[[2]],[[3]],[[4]],[[5]]]},{"type":"Polygon","id":"Álava","arcs":[[6,7,8,9,10],[11]]},{"type":"Polygon","id":"Albacete","arcs":[[12,13,14,15,16,17,18]]},{"type":"Polygon","id":"Alicante","arcs":[[19,-13,20,21]]},{"type":"Polygon","id":"Almería","arcs":[[22,23,24]]},{"type":"Polygon","id":"Asturias","arcs":[[25,26,27,28]]},{"type":"Polygon","id":"Ávila","arcs":[[29,30,31,32,33,34,35,36]]},{"type":"Polygon","id":"Badajoz","arcs":[[37,38,39,40,41,42,43,44]]},{"type":"MultiPolygon","id":"Baleares","arcs":[[[45]],[[46]],[[47]],[[48]],[[49]]]},{"type":"Polygon","id":"Barcelona","arcs":[[50,51,52,53]]},{"type":"MultiPolygon","id":"Burgos","arcs":[[[-12]],[[54,55,56,57,58,59,60,-10],[61]]]},{"type":"Polygon","id":"Cáceres","arcs":[[-35,62,-42,63,64]]},{"type":"Polygon","id":"Cádiz","arcs":[[65,66,67]]},{"type":"MultiPolygon","id":"Cantabria","arcs":[[[68]],[[69,-60,70,71,-26,72]]]},{"type":"Polygon","id":"Castellón","arcs":[[73,74,75,76]]},{"type":"Polygon","id":"Ceuta","arcs":[[77]]},{"type":"MultiPolygon","id":"Ciudad Real","arcs":[[[78,-43]],[[79,-17,80,81,-45,82]]]},{"type":"Polygon","id":"Córdoba","arcs":[[83,84,85,86,-38,-82]]},{"type":"Polygon","id":"Cuenca","arcs":[[87,88,89,90,-18,-80,91,92,93]]},{"type":"MultiPolygon","id":"Gerona","arcs":[[[94]],[[-54,95,96]]]},{"type":"Polygon","id":"Granada","arcs":[[97,-24,98,99,-85,100,-15]]},{"type":"Polygon","id":"Guadalajara","arcs":[[101,102,-94,103,104,105]]},{"type":"Polygon","id":"Gipuzkoa","arcs":[[106,-7,107,108]]},{"type":"Polygon","id":"Huelva","arcs":[[109,110,-40]]},{"type":"Polygon","id":"Huesca","arcs":[[111,112,113,114]]},{"type":"Polygon","id":"Jaén","arcs":[[-101,-84,-81,-16]]},{"type":"Polygon","id":"La Coruña","arcs":[[115,116,117]]},{"type":"Polygon","id":"La Rioja","arcs":[[118,119,120,-55,-9]]},{"type":"MultiPolygon","id":"Las Palmas","arcs":[[[121]],[[122]],[[123]],[[124]]]},{"type":"Polygon","id":"León","arcs":[[-72,125,126,127,128,129,130,131,-27],[132]]},{"type":"Polygon","id":"Lérida","arcs":[[-96,-53,133,134,-112,135]]},{"type":"Polygon","id":"Lugo","arcs":[[-28,-132,136,137,-116,138]]},{"type":"MultiPolygon","id":"Madrid","arcs":[[[139,-31]],[[-93,140,-33,141,-104]]]},{"type":"Polygon","id":"Málaga","arcs":[[-100,142,-66,143,-86]]},{"type":"Polygon","id":"Melilla","arcs":[[144]]},{"type":"MultiPolygon","id":"Murcia","arcs":[[[145]],[[-20,146,-25,-98,-14]]]},{"type":"MultiPolygon","id":"Navarra","arcs":[[[147]],[[148]],[[-114,149,-119,-8,-107,150]]]},{"type":"Polygon","id":"Orense","arcs":[[-131,151,152,153,-137]]},{"type":"MultiPolygon","id":"Palencia","arcs":[[[-62]],[[-59,154,-126,-71]]]},{"type":"Polygon","id":"Pontevedra","arcs":[[-138,-154,155,-117]]},{"type":"Polygon","id":"Salamanca","arcs":[[156,-36,-65,157,158]]},{"type":"MultiPolygon","id":"Santa Cruz de Tenerife","arcs":[[[159]],[[160]],[[161]],[[162]]]},{"type":"Polygon","id":"Segovia","arcs":[[163,-105,-142,-32,-140,-30,164,-57]]},{"type":"Polygon","id":"Sevilla","arcs":[[-87,-144,-68,165,-110,-39]]},{"type":"Polygon","id":"Soria","arcs":[[166,-106,-164,-56,-121]]},{"type":"Polygon","id":"Tarragona","arcs":[[167,-74,168,169,-134,-52]]},{"type":"Polygon","id":"Teruel","arcs":[[-169,-77,170,-90,171,-88,-103,172]]},{"type":"Polygon","id":"Toledo","arcs":[[-92,-83,-44,-79,-63,-34,-141]]},{"type":"MultiPolygon","id":"Valencia","arcs":[[[-76,173,-21,-19,-91,-171]],[[-89,-172]]]},{"type":"MultiPolygon","id":"Valladolid","arcs":[[[174,-129]],[[-133]],[[-155,-58,-165,-37,-157,175,-127]]]},{"type":"Polygon","id":"Bizkaia","arcs":[[-108,-11,-61,-70,176],[-69]]},{"type":"Polygon","id":"Zamora","arcs":[[-175,-128,-176,-159,177,-152,-130]]},{"type":"Polygon","id":"Zaragoza","arcs":[[-135,-170,-173,-102,-167,-120,-150,-113],[-148],[-149]]}]}},"arcs":[[[6163,4662],[-1,-1],[-1,1],[1,0],[1,0]],[[6988,4666],[-1,-2],[-2,1],[1,1],[1,1],[1,-1]],[[6998,4666],[-2,-2],[-1,2],[1,2],[2,-2]],[[6994,4668],[-2,-2],[-2,1],[0,3],[3,0],[1,-2]],[[5666,5121],[-1,-2],[-1,0],[-1,2],[1,1],[2,-1]],[[6723,5140],[-1,-1],[-1,0],[1,1],[1,0]],[[6941,9562],[6,-25],[-1,-8],[-3,-5],[-21,-10],[-3,-4],[-3,-13],[19,-12],[2,0],[2,1],[5,5],[2,0],[2,-2],[12,-6],[66,-6],[20,-13],[8,-14],[4,-4],[13,0]],[[7071,9446],[6,-26],[0,-5],[-1,-7],[-10,-16],[-5,-14],[-1,-9],[0,-10],[-1,-5],[-2,-4],[-12,-5],[-4,-5],[0,-5],[4,-24],[2,-1],[5,-2],[1,-3],[0,-6],[-2,-3],[-14,-9],[-4,-2],[-4,-1],[-8,0],[-3,2],[-4,7],[-2,2],[-2,1],[-4,1],[-4,0],[-4,-1],[-9,-8],[-6,-6],[-9,-8],[-3,-2],[-7,-6],[0,-5],[0,-4],[2,-3],[3,-3],[4,0],[7,-4],[3,-2],[4,2],[9,12],[4,0],[3,-1],[2,-4],[1,-4],[2,-12],[-4,-32],[-1,-10]],[[7003,9196],[-9,2],[-16,5],[-13,8],[-4,11],[-5,-2],[-3,-3],[-2,-3],[-3,-5],[1,-1],[1,-1],[0,-1],[1,-1],[-8,1],[-7,-1],[-7,-3],[-5,-6],[-1,10],[-4,3],[-5,0],[-2,-2],[-3,-4],[-7,3],[-15,13],[-4,2],[-4,1],[-1,9],[0,9],[1,5],[0,4],[-2,5],[-4,5],[-16,11],[-6,2],[-6,-3],[-4,-3],[-1,-5],[-3,-10],[-6,1],[-6,-3],[-3,-1],[-3,2],[-3,4],[0,4],[5,6],[1,3],[-1,6],[-6,-4],[-3,4],[-1,8],[0,6]],[[6811,9287],[-2,8],[-4,6],[-30,25],[-11,5],[-11,14],[-7,4],[-8,6],[-13,12],[-14,8],[-14,-7],[-11,-3],[-2,0],[-6,0],[2,5],[2,5],[-3,5],[-3,3],[-3,3],[-1,4],[0,5],[1,5],[3,5],[5,7],[5,8],[3,6],[1,7],[-2,5],[-3,2],[-4,-1],[-6,-9],[-3,-4],[-4,-2],[-8,0],[-4,-1],[-4,-2],[-3,-3],[-2,-4],[-2,-3],[1,-4],[-1,-3],[-3,-2],[-3,2],[-3,2],[-13,18],[-7,6],[-1,4],[0,4],[2,4],[2,4],[6,7],[5,8],[2,4],[3,5],[4,3],[16,2],[6,-1],[4,-2],[4,-2],[3,-3],[2,-8],[2,-3],[4,-2],[4,-1],[9,-2],[4,-1],[4,-1],[5,0],[7,2],[9,0],[4,1],[3,3],[6,5],[4,0],[6,2],[2,2],[1,3],[1,3],[0,3],[-3,4],[-12,5],[-6,4],[-4,5],[-3,3],[1,6],[5,-1],[8,2],[3,0],[1,0],[1,1],[2,2],[2,4],[1,5],[-1,4],[-4,4],[-8,3],[-3,3],[0,4],[0,3],[-3,3],[-3,2],[-9,-5],[-8,-18],[-5,-2],[-3,1],[-13,1],[-14,4],[-3,2],[-2,2],[2,4],[2,4],[3,7],[0,15],[3,11],[0,7],[-3,5],[-7,3],[-3,4],[-1,5],[4,10],[2,5],[8,6]],[[6676,9610],[11,-9],[6,-3],[27,6],[5,3],[3,6],[1,13],[3,6],[7,3],[7,-2],[6,-6],[9,-12],[7,-16],[-1,-7],[-8,-17],[-1,-8],[4,-7],[24,-23],[14,1],[5,-1],[10,-6],[21,-7],[19,4],[18,-7],[5,0],[9,4],[12,-3],[1,0],[2,1],[2,7],[-3,7],[-10,14],[0,2],[0,2],[9,6],[7,1],[10,-4],[24,4]],[[6944,9287],[6,1],[4,3],[1,2],[0,8],[-2,5],[0,4],[-2,4],[-1,2],[-3,-1],[-3,-2],[-4,-5],[-2,-1],[-3,-1],[-3,0],[-3,2],[-4,7],[-2,2],[-3,3],[-2,2],[-2,3],[1,3],[1,2],[2,2],[5,2],[3,1],[2,3],[4,8],[0,3],[2,3],[0,5],[-1,2],[-5,0],[-4,1],[-3,2],[-3,3],[-2,3],[-2,1],[-3,0],[-4,-1],[-4,-1],[-6,1],[-27,9],[-6,3],[-5,1],[-12,1],[-28,-2],[-5,-1],[-3,-3],[-9,-14],[-6,-8],[-1,-4],[2,-5],[11,-12],[12,-9],[27,-13],[30,-7],[23,-10],[34,-1],[3,-1],[2,-1],[1,-2],[2,-2]],[[7658,6899],[-4,-4],[-4,-1],[-1,-5],[-1,-4],[2,-12],[3,-8],[4,-7],[3,-3],[5,-8],[3,-4],[3,-4],[0,-3],[-3,-2],[-13,-11],[-8,-3],[-9,-1],[-11,0],[-2,1],[-7,-2]],[[7618,6818],[-25,20],[-12,12],[-2,4],[-1,4],[0,5],[-1,4],[-3,4],[-3,2],[-16,5],[-5,1],[-26,-7],[-4,-3],[-5,-4],[-11,-12],[-25,-15],[-5,-1],[-3,3],[-2,3],[-3,4],[-3,0],[-7,-3],[-7,-8],[-14,-18],[-7,-17],[-2,-10],[0,-4],[0,-10],[-2,-4],[-3,-4],[-5,-4],[-4,-4],[-5,-11],[-1,-3],[-1,-3],[0,-4],[0,-4],[1,-2],[2,-4],[2,-8],[2,-10],[1,-20],[0,-10],[2,-15],[0,-5],[0,-5],[-1,-4],[-2,-5],[-4,-5],[-32,-29],[-27,-9],[-4,0],[-4,1],[-4,1],[-6,3],[-3,2],[-2,3],[-1,3],[-1,3],[-1,3],[1,3],[1,4],[0,3],[-1,3],[-1,2],[-2,3],[-3,1],[-3,1],[-7,-2],[-2,2],[-6,3],[-3,1],[-3,0],[-4,-2],[-3,-1],[-3,-4],[-6,-1],[-2,0],[-1,-2],[0,-3],[-1,-4],[-23,-15],[-17,-14],[-11,-7],[-7,-2],[-14,-3],[-12,-5],[-3,0],[-3,2],[-8,8],[-3,2],[-4,1],[-5,-1],[-7,-5],[-11,-15],[-19,-19],[-5,-3],[-9,-2],[-5,-2],[-6,-4],[-13,-13],[-4,-8],[-13,-29],[-13,-21],[-17,-21],[-3,-4],[-6,-22]],[[7033,6429],[-6,-2],[-4,0],[-47,16],[-36,19]],[[6940,6462],[5,8],[6,7],[3,5],[4,8],[28,39],[1,5],[-1,5],[-2,8],[0,3],[1,2],[2,2],[2,3],[1,3],[1,4],[0,5],[1,4],[0,4],[-1,4],[-3,6],[-14,10],[-3,6],[-1,6],[0,5],[0,10],[-1,9],[-1,5],[-1,4],[-1,5],[1,9],[-1,3],[-30,10],[-5,5],[-2,3],[-1,4],[1,5],[1,4],[0,9],[-1,4],[-1,9],[2,7],[0,2],[-1,1],[-1,1],[-3,2],[-8,3],[-12,1],[-7,-1],[-6,-2],[-9,-4],[-19,9],[-17,11]],[[6847,6742],[4,9],[-8,17],[7,19],[4,7],[6,5],[22,7],[4,8],[11,36],[0,12],[-3,10],[-14,21],[-22,9],[-8,13],[-5,43],[-17,16],[-21,-1],[-10,4],[-6,12],[1,9],[33,67],[0,9],[-1,10],[-15,31],[53,83],[-8,30]],[[6854,7228],[35,3],[19,11],[23,-8],[17,0],[8,9],[61,-67],[11,28],[13,3],[14,-35],[54,33],[53,-8],[-19,57],[31,-5],[-4,-8],[18,-28],[46,7],[18,-11],[34,-4],[13,25],[106,63]],[[7405,7293],[6,-2],[1,-2],[2,-4],[2,-2],[3,-1],[1,-2],[1,-3],[4,-1],[2,-3],[0,-3],[1,-4],[0,-3],[2,-4],[2,-1],[2,1],[4,-1],[3,1],[2,2],[4,0],[10,-4],[20,-14],[4,-2],[4,0],[5,-1],[59,-20],[2,-5],[1,-5],[-2,-5],[-1,-4],[-1,-10],[1,-5],[0,-4],[0,-5],[-1,-9],[-1,-5],[-1,-3],[-1,-4],[-2,-6],[-1,-4],[-4,-9],[-3,-4],[-3,-3],[-5,-8],[-2,-4],[-3,-9],[-2,-5],[-4,-9],[-2,-4],[0,-4],[-2,-5],[-1,-5],[1,-6],[2,-10],[3,-6],[43,-55],[8,-7],[6,-3],[12,0],[12,3],[13,0],[8,2],[7,5],[2,1],[4,0],[4,-1],[5,-2],[5,-4],[14,-27],[3,-6],[0,-5],[-3,-9],[0,-5],[6,-19],[1,-3],[-2,-4],[-1,-3],[-1,-10],[-5,-4]],[[7734,6317],[-8,-2],[-4,1],[-2,1],[-2,3],[-3,3],[-4,3],[-8,2],[-4,3],[-18,21],[-4,3],[-12,16],[-3,5],[-5,12],[-6,10],[-3,5],[-5,9],[0,1],[-7,16],[-10,16],[-1,3],[-3,3],[-3,4],[-3,6],[-2,11],[-1,13],[2,11],[3,7],[12,21],[4,9],[1,5],[3,19],[1,5],[2,11],[0,7],[-6,25],[-5,9],[-2,2],[-6,4],[-16,6],[-9,1],[-3,2],[-2,6],[-2,9],[0,26],[1,9],[3,7],[3,5],[17,17],[3,4],[2,4],[1,5],[-1,14],[2,10],[4,17],[0,16],[-7,40]],[[7658,6899],[7,-8],[3,-2],[5,0],[9,3],[5,0],[4,-3],[12,-15],[6,-3],[31,8],[8,-1],[35,-21],[7,-10],[9,-5],[48,30],[-6,9],[-6,3],[-6,0],[-8,-4],[-14,25],[80,15],[47,38],[36,-17],[88,18]],[[8058,6959],[10,-8],[12,-4],[20,-2],[21,-6],[19,-12],[14,-17],[-2,-1],[-4,-4],[5,-2],[4,-5],[12,-10],[4,1],[3,-7],[0,-10],[-3,-5],[-8,0],[-8,-2],[-6,-4],[-7,-7],[-5,-13],[-1,-2],[-2,-2],[-8,0],[-3,-2],[-6,-6],[-5,-3],[-5,-4],[-5,-10],[4,-9],[-9,2],[-6,-1],[-6,-3],[-8,-2],[-14,0],[-6,-2],[-6,-6],[-5,-10],[-1,-9],[1,-9],[-3,-8],[-7,-8],[-6,-3],[-19,0],[-20,-5],[-11,-5],[-14,-11],[-42,-20],[-7,-5],[-3,-7],[-3,-3],[-17,-19],[-4,-10],[-2,-12],[0,-6],[-2,-3],[-14,-1],[-6,-2],[-5,-5],[-2,-9],[-16,1],[-4,-25],[7,-56],[-5,-8],[-8,-2],[-16,2],[-10,-3],[-8,-7],[-6,-10],[-5,-10],[-3,-9],[-2,-10],[-1,-26],[-2,-41],[-1,-11],[-4,-6],[-12,-5],[-8,-10],[-4,-8],[-18,-49],[-1,-10],[0,-1]],[[7343,6029],[-2,-7],[-3,-5],[-8,1],[-5,-5],[-2,-11],[-6,-13],[-13,-21],[-26,-29],[-11,-18],[-8,-25],[-4,-21],[-5,-17],[-2,-17],[-14,-38],[-9,-17],[0,-8],[1,-6],[2,-4],[0,-6],[0,-5],[-3,-3],[-3,-2],[-10,-1],[-3,-1],[-5,-6],[-16,-12],[-6,-9],[-4,-25],[-6,-8],[-7,-5],[-7,-9],[-2,-5],[-2,-12],[-2,-5],[-4,-3],[-5,-1],[-4,-2],[-5,-12],[-7,-6],[-9,-4],[-8,-1],[-17,6],[-13,14],[-10,17],[-12,14],[-16,11],[-9,4],[-10,1],[-9,-2],[-14,-8],[-9,-2],[-4,1],[-12,6],[-6,1],[-35,-7],[-7,-5],[-9,-23],[-9,-28],[-11,-13],[-2,-2],[-5,-6],[-12,-5],[-15,-3],[-8,4],[-9,-5],[-12,9],[-8,8],[-8,4],[-4,-1],[-4,-6],[-5,-1],[-4,3],[-12,18],[-13,10],[-8,1],[-25,-9],[-39,7],[-23,-2]],[[6682,5636],[-5,26],[49,35],[-6,21],[-4,6],[-6,4],[-3,5],[2,7],[31,35],[3,10],[-1,8],[-7,23],[-3,20],[2,10],[6,6],[16,1],[4,3],[4,7],[3,19],[4,9],[5,3],[10,5],[4,5],[11,51],[3,4],[3,2],[5,1],[14,-2],[4,-4],[11,-15],[6,-4],[21,-2],[22,-10],[-2,44],[0,4],[4,9],[1,5],[2,35],[3,9],[68,65],[58,21],[-8,55],[27,6],[-3,47],[4,11],[11,19],[3,11],[-4,35],[2,28],[3,6],[4,4],[27,21]],[[7090,6360],[17,-12],[21,2],[5,-2],[16,-9],[42,-7],[3,-3],[0,-3],[-5,-8],[-2,-4],[-1,-5],[0,-11],[0,-3],[-3,-10],[-1,-4],[1,-22],[2,-6],[0,-4],[-1,-9],[-2,-6],[-1,-5],[0,-9],[0,-5],[0,-11],[2,-6],[2,-4],[4,-5],[66,-114],[5,-6],[4,-2],[3,-2],[3,-1],[1,2],[0,4],[2,2],[2,0],[23,-6],[4,-1],[41,-36]],[[6066,9757],[0,-4],[1,-7],[-4,-9],[-6,-10],[-1,-4],[1,-3],[2,-3],[4,-11],[1,-9],[0,-6],[-2,-5],[-3,-4],[-3,-3],[-4,0],[-2,2],[-3,7],[-3,2],[-8,2],[-5,0],[-4,0],[-7,-5],[-3,-3],[-2,-4],[-2,-2],[-4,-2],[-9,-1],[-5,1],[-4,0],[-4,0],[-5,-1],[-5,-3],[-3,-4],[-1,-4],[1,-9],[-1,-4],[0,-4],[-1,-5],[-1,-6],[-3,-6],[-3,-3],[-4,0],[-9,1],[-4,0],[-4,-2],[-14,-2],[-5,1]],[[5925,9625],[-12,21],[-9,7],[-4,2],[-4,0],[-5,0],[-23,-13],[-7,-7],[-14,-8],[-17,-5],[-8,-4],[-4,-3],[-4,-9],[-2,-4],[-1,-5],[-3,-10],[-3,-5],[-7,-7],[-5,-1],[-5,2],[-4,2],[-4,0],[-24,-12],[-42,-5],[-24,3],[-6,-1],[-4,-2],[-3,-14],[-4,-4],[-4,-2],[-5,-1],[-24,-1],[-2,-3],[-1,-4],[-2,-3],[-3,-3],[-3,-1],[-8,1],[-11,-5],[-5,0],[-4,1],[-4,2],[-4,3],[-10,2],[-6,0],[-10,2],[-12,7],[-7,1],[-11,-1],[-6,-2],[-5,-3],[-2,-4],[-2,-4],[-2,-4],[-3,-3],[-2,-4],[-1,-4],[-1,-1],[0,-2],[-1,-3],[-2,-4],[-2,-4],[-4,-4],[-4,-1],[-7,-1],[-18,0],[-4,2],[-4,2],[-12,5],[-2,3],[-5,1],[-6,4],[-5,5],[-11,7],[-2,3],[-2,4],[-2,5],[-1,9],[-2,4],[-5,2],[-13,-3],[-6,1],[-22,4],[-4,-2],[-1,-3],[-1,-5],[-1,-4],[-3,-5],[-9,-4],[-6,0],[-6,1],[-12,5],[-11,2],[-5,-1],[-3,-3],[-1,-9],[-2,-3],[-4,0],[-9,2],[-19,10],[-6,0],[-8,2],[-4,4],[-4,3],[-8,2],[-12,-6],[-3,-4],[-1,-4],[-4,-4],[-2,-4],[0,-4],[0,-3],[-2,-3],[-3,-2],[-9,-3],[-13,0],[-2,-3],[-1,-3],[2,-4],[4,-2],[8,-3],[3,-2],[-1,-4],[-1,-4],[-24,-14],[-6,0],[-16,-7],[-5,-1],[-20,2],[-3,2],[-4,2],[-5,1],[-21,0],[-8,-2],[-9,-3],[-4,-3],[-4,-3],[-3,-4],[-3,-4],[-5,-3],[-3,1],[-3,6],[-8,5],[-15,2]],[[5038,9455],[-2,23],[-2,7],[-4,5],[-10,11],[-4,1],[-8,0],[-4,1],[-4,2],[-4,3],[-1,1],[-9,14],[-3,0],[-1,0],[0,-12],[0,-2],[-1,-1],[0,-1],[-2,-2],[-2,-1],[-4,3],[-4,6],[-2,7],[1,7],[3,3],[4,2],[3,2],[2,5],[2,6],[1,4],[1,3],[2,3],[3,2],[3,1],[4,-1],[4,1],[16,7],[4,2],[17,15],[0,6],[-1,6],[-7,12],[-4,7],[-4,3],[-3,0],[-3,-3],[-2,-3],[-1,-4],[-2,-3],[-3,-3],[-4,-2],[-9,-5],[-7,-3],[-4,1],[-3,3],[-3,3],[-2,5],[-2,4],[1,6],[3,9],[0,4],[0,4],[-3,2],[-3,1],[-7,3],[-5,7],[-3,0],[-4,1],[-10,8],[-3,4],[-2,4],[-3,7],[-4,26],[-3,3],[-4,3],[-3,1],[-6,6],[-3,5],[-3,6],[-2,7],[0,6],[0,5],[0,5],[-2,3],[-3,2],[-7,0],[-6,3],[-2,3],[0,3],[1,13],[1,4],[2,3],[6,2],[5,0],[4,-2],[3,0],[4,1],[3,2],[5,4],[6,10],[13,13],[1,1],[1,3]],[[4941,9807],[1,-3],[3,0],[2,11],[2,10],[2,8],[6,5],[4,14],[26,6],[43,2],[7,-2],[27,2],[18,-6],[11,-1],[25,13],[23,-2],[22,-8],[16,-9],[5,3],[5,1],[11,0],[0,3],[-2,7],[0,3],[6,-1],[10,-6],[7,-2],[22,5],[23,0],[7,1],[11,6],[11,2],[3,4],[3,3],[6,1],[14,-11],[6,-2],[34,-4],[7,4],[7,-4],[7,4],[7,5],[7,3],[51,0],[3,6],[-3,4],[-2,5],[5,7],[-1,2],[-1,4],[-1,2],[15,0],[5,3],[2,7],[3,6],[7,0],[14,-7],[10,-9],[24,-29],[8,-13],[4,0],[2,9],[3,-3],[5,-11],[23,-4],[90,4],[13,-3],[2,-9],[-6,-10],[-8,-7],[3,-5],[5,3],[9,3],[5,3],[3,4],[1,4],[3,3],[6,1],[19,-1],[7,-3],[32,-22],[15,-5],[39,-2],[10,-3],[5,-8],[5,3],[31,-9],[4,1],[6,6],[6,1],[4,-2],[10,-5],[32,-7],[36,-17],[9,-3],[98,-9]],[[5983,8366],[-5,-40],[6,-14],[25,-24],[5,-8],[9,-25],[4,-5],[5,-4],[7,-3],[3,-2],[2,-5],[2,-19],[6,-24],[-1,-8],[-6,-14],[1,-6],[6,-4],[16,5],[7,-1],[3,-4],[2,-5],[1,-12],[3,-9],[9,-12],[4,-7],[11,-73],[34,8],[10,7]],[[6152,8058],[28,2],[-8,19]],[[6172,8079],[7,4],[6,1],[27,-3],[11,-5]],[[6223,8076],[-3,-12],[0,-4],[-1,-10],[0,-10],[-2,-4],[-4,-4],[-5,-2],[-5,-1],[-7,-4],[-9,-1],[-4,1],[-4,1],[-3,3],[-3,7],[-2,3],[-3,0],[-2,-4],[0,-5],[1,-5],[1,-4],[1,-5],[-1,-4],[-2,-7],[0,-2],[-2,-2],[-1,-2],[-4,-2],[-3,-4],[-3,-6],[0,-6],[0,-5],[0,-9],[1,-4],[0,-3],[-1,-3],[0,-8],[1,-4],[1,-4],[-1,-4],[-2,-5],[-3,-14],[2,-8],[-1,-4],[-4,-2],[-13,-1],[-3,-2],[-2,0],[-2,1],[-3,1],[-4,1],[-3,0],[-2,-1],[-3,-1],[-2,-2],[-4,-5],[-2,-3],[-1,-11],[-1,-3],[0,-5],[-2,-6],[-4,-9],[-4,-6],[-5,-3],[-4,-2],[-8,-1],[-2,1],[-3,3],[-4,8],[-4,2],[-3,0],[-2,-3],[0,-5],[0,-5],[3,-8],[0,-5],[0,-4],[-3,-4],[-6,-13],[-3,-21],[-6,-10]],[[6041,7782],[-14,-6],[-10,-3],[-6,0],[-6,1],[-9,5],[-3,2],[-2,4],[-1,4],[-2,15],[-2,4],[0,5],[0,4],[-2,4],[-5,0],[-10,-3],[-21,-3],[-9,0],[-3,-3],[-2,-9],[0,-4],[-1,-6],[-6,-8],[-7,-7],[-10,-6],[-4,-4],[-8,-5],[-5,-5],[-4,-7],[0,-5],[-2,-5],[-2,-4],[-3,-3],[-10,-7],[-7,-3],[-10,-3],[-6,2],[-2,3],[-3,18],[-3,3],[-5,-1],[-11,-3],[-6,-4],[-3,-3],[-4,-5],[-2,-2],[-18,-15],[-2,-2],[-2,-3],[-5,-2],[-7,-1],[-10,0],[-5,4],[-13,6],[-43,6]],[[5705,7722],[-8,14],[-2,4],[-2,4],[-3,9],[-2,27],[1,5],[1,5],[5,12],[0,4],[-2,3],[-8,-1],[-23,-7],[-15,-14],[-3,-3],[-6,-7],[-4,-2],[-3,-1],[-3,-1],[-17,0],[-17,6],[-12,7],[-10,16],[-14,13],[-13,10],[-18,8]],[[5527,7833],[21,33],[2,7],[1,7],[-3,9],[-5,12],[-1,6],[3,6],[31,27],[12,4],[5,-1],[2,-3],[1,-12],[10,-13],[7,-5],[6,0],[5,6],[-3,17],[17,2],[5,6],[3,7],[10,42],[-33,0],[-2,21],[2,0],[29,3],[15,8],[12,12],[10,34],[53,41],[12,20],[17,12],[8,16],[1,7],[-2,24],[23,29],[-7,24],[10,12],[3,8],[1,10],[-2,11],[-2,5],[-3,4],[-3,2],[-9,2],[-3,3],[-1,3],[-2,20],[3,11],[9,19]],[[5795,8351],[8,6],[6,2],[15,-4],[18,13],[9,1],[11,-3],[39,-31],[13,-5],[9,4],[19,20],[41,12]],[[5834,6863],[-12,-2],[-7,-3],[-35,-1],[-5,-3],[-1,-3],[1,-5],[1,-4],[-2,-7],[-1,-4],[-1,-3],[-2,-3],[-13,-5],[-20,-15],[-15,-13],[-2,-4],[-2,-2],[-1,-3],[-1,-3],[0,-2],[-2,-3],[-2,-1],[-2,0],[-6,1],[-9,0],[-6,-1],[-7,-8],[-3,-3],[-4,-7],[-2,-4],[-2,-3],[-1,-4],[-1,-3],[-1,-5],[-4,-5],[-13,-10],[-1,0],[-6,-7],[-3,-4],[-4,-8],[-4,-3],[-7,-3],[-20,-12],[-5,-5],[-4,-4],[-2,-13],[-1,-3],[1,-4],[1,-2],[4,-5],[1,-3],[1,-3],[-1,-3],[-1,-7],[-1,-3],[-1,-7],[0,-2],[2,-3],[2,-2],[2,-3],[2,-2],[1,-3],[1,-3],[2,-7],[1,-3],[2,-3],[1,-3],[4,-9],[1,-2],[-1,-5],[1,-5],[1,-4],[0,-5],[1,-4],[0,-5],[-2,-8],[-3,-5],[-1,-4],[-2,-9],[0,-4],[0,-4],[-2,-3],[-19,-17]],[[5592,6496],[-19,1],[-8,-6],[-3,-4],[-10,-10],[-10,-8],[-7,-2],[-5,1],[-3,3],[-3,13],[0,5],[0,4],[3,3],[3,2],[4,2],[7,4],[2,4],[-1,3],[-2,4],[-7,9],[-6,5],[-6,1],[-29,-4],[-14,-6],[-4,-3],[-3,-4],[-3,-8],[-3,-3],[-3,-3],[-12,-8],[-4,-4],[-2,-4],[-2,-5],[-2,-4],[0,-4],[2,-4],[2,-4],[2,-4],[0,-4],[-2,-5],[-7,-11],[-2,-3],[0,-3],[-1,-4],[-2,-4],[-5,-7],[-4,-3],[-6,-2],[-19,-5],[-9,-1],[-34,-7],[-11,-6],[-13,-12],[-6,-6]],[[5325,6375],[-8,8],[-58,26],[-11,3],[0,1],[-2,3],[0,5],[-2,4],[-3,7],[-18,14],[-5,2],[-5,0],[-4,-1],[-3,-3],[-1,-3],[-3,-4],[-6,-6],[-3,-3],[-1,-4],[-1,-1],[-7,-1],[-11,4],[-21,1],[-3,3],[-1,4],[1,5],[-1,4],[-2,5],[-8,12],[-6,6],[-6,3],[-6,1],[-15,2],[-11,-2],[-21,0],[-12,5],[-5,3],[-6,2],[-4,2],[-1,4],[0,4],[3,9],[2,3],[3,4],[1,4],[0,5],[-2,4],[-61,23],[-7,-7]],[[4984,6535],[-6,5],[-13,-1],[-11,-4],[-2,0],[-2,1],[-5,-8],[-11,-6],[-11,-2],[-7,0],[-6,6],[-5,5],[-18,50],[-2,3],[-7,6],[-3,3],[-2,4],[-3,8],[-2,4],[-47,66],[-13,10],[-6,4],[7,7],[4,7],[0,7],[-5,8],[5,8],[8,31],[18,29],[3,9],[-2,5],[-2,2],[-3,2],[-3,3],[0,5],[0,7],[0,14],[4,21],[1,4],[4,9],[1,2],[19,18],[7,5],[6,3],[8,7],[6,8],[2,6],[5,4],[20,4],[7,4],[6,6],[5,5],[4,3],[-1,9],[3,9],[-7,12],[10,9],[10,15],[15,32],[4,6],[3,6],[-1,6],[-5,4],[3,11],[-3,12],[-6,11],[-7,7],[-10,8],[-12,4],[-12,-2],[-10,-7],[-6,-2],[-7,1],[-6,4],[-5,5],[0,5],[5,12],[1,6],[-6,12],[-10,5],[-13,4],[-11,7],[-6,9],[-3,13],[0,13],[6,11]],[[4850,7199],[21,-3],[21,30],[1,3],[-1,4],[-5,6],[-1,5],[1,2],[2,7],[1,2],[19,12],[10,2],[10,-2],[-2,-28],[2,-12],[9,-3],[4,2],[2,4],[8,33],[0,5],[-1,4],[-2,4],[-3,3],[-14,9],[8,14],[71,-33],[8,-1],[17,4],[8,0],[7,-7],[8,-22],[9,-8],[4,-16],[-5,-15],[-17,-24],[10,-25],[4,-6],[39,-8],[10,14],[33,-11],[2,-2],[1,-2],[1,-5],[1,-3],[2,-2],[2,-2],[5,-1],[4,1],[4,8],[3,3],[70,-7],[23,14],[1,-34],[2,-9],[9,-9],[19,-1],[9,-6],[8,-14],[3,-4],[4,-1],[10,1],[2,-1],[12,-17],[23,33],[31,26],[4,-36],[1,-2],[3,-1],[7,1],[20,27],[8,-16],[29,12],[13,10],[8,16],[19,-5],[35,-33],[19,12],[14,-1],[6,3],[5,7],[6,13],[0,6],[-13,23],[-3,2],[21,13],[11,3],[10,-3],[22,-24],[11,-7],[15,3],[6,5],[11,14],[11,21],[1,5],[-1,4],[-3,8],[0,4],[2,24],[4,14],[9,3],[33,-12],[30,0],[17,11],[8,8],[2,5],[1,5],[0,13],[1,6],[7,7],[6,-4],[12,-18],[29,5],[21,13]],[[5875,7274],[29,-15],[11,7],[2,0],[3,1],[3,2],[10,5],[16,5],[5,3],[6,8]],[[5960,7290],[22,13],[5,7]],[[5987,7310],[7,-20],[-2,-11],[-7,-13],[-6,-22],[-4,-5],[-5,-4],[-4,-1],[-4,-2],[-4,-5],[1,-6],[1,-5],[8,-23],[8,-15],[1,-3],[2,-4],[5,-5],[13,-16],[5,-11],[-6,0],[-2,1],[-15,8],[-4,3],[-3,2],[-8,2],[-8,-3],[-4,0],[-4,0],[-8,3],[-4,0],[-3,-3],[-2,-4],[-3,-4],[-6,-7],[-4,-3],[-1,-4],[-2,-7],[-6,-26],[0,-9],[2,-6],[3,-3],[7,-5],[3,-4],[1,-5],[-1,-4],[-11,-7],[-4,-2],[-4,0],[-8,3],[-11,7],[-4,1],[-4,1],[-4,-1],[-3,-3],[0,-4],[1,-5],[2,-4],[0,-5],[1,-5],[2,-3],[3,-2],[1,0],[0,-1],[1,-5],[0,-4],[0,-5],[2,-4],[2,-4],[3,-3],[15,-4],[3,-2],[12,-2],[2,-4],[2,-7],[-2,-9],[-2,-13],[-2,-4],[-4,0],[-12,2],[-4,-1],[-4,-1],[-4,-2],[-3,-4],[-3,-4],[-7,-13],[-2,-6],[-11,-43],[-4,-13],[-5,-6],[-3,-2],[-2,-1],[-3,1],[-5,-1],[-7,-4]],[[8711,6876],[21,-34],[18,-10],[18,8],[7,-10],[0,-13],[-11,-3],[-15,0],[-22,16],[-7,4],[-9,-7],[-4,-3],[-7,-11],[-7,-5],[-7,2],[2,12],[-1,5],[0,7],[2,4],[2,5],[0,5],[-3,2],[-2,3],[3,5],[5,6],[4,-3],[4,2],[4,7],[2,10],[2,0],[0,-1],[0,-1],[1,-2]],[[8773,7096],[5,-1],[4,-3],[4,-4],[-3,-6],[3,-12],[7,-20],[-7,-1],[-6,-5],[-4,-8],[-1,-10],[-3,-3],[-15,-12],[-14,-23],[-6,-5],[-12,-7],[-5,-6],[-2,2],[-2,3],[-2,3],[-7,-11],[-6,-3],[-5,-21],[-1,-15],[-14,-1],[-4,13],[-8,6],[-7,-3],[-3,0],[-1,1],[-1,1],[-4,-2],[-3,8],[-8,3],[-7,-3],[-3,-8],[-14,11],[-5,6],[-2,12],[5,14],[1,10],[-4,7],[4,4],[5,3],[5,1],[5,-4],[3,3],[4,2],[11,-1],[-4,27],[0,14],[6,6],[5,3],[7,6],[11,13],[3,0],[4,-4],[8,7],[5,-3],[9,8],[13,6],[12,4],[9,-2],[4,6],[7,3],[6,0],[7,-7],[3,-1],[8,-1]],[[9397,7118],[-9,-15],[-14,2],[-7,21],[11,12],[18,8],[2,-12],[-1,-16]],[[9485,7631],[6,-8],[2,2],[1,1],[6,-3],[-5,-4],[-15,-8],[-6,-1],[-6,-4],[-6,-7],[-6,-5],[-5,3],[-3,0],[-1,-20],[16,-3],[34,10],[0,-4],[-5,-3],[0,-4],[0,-5],[-1,-4],[-3,-4],[-2,-1],[-8,-4],[-14,-4],[-3,-5],[-1,-12],[6,-14],[11,-12],[14,-9],[13,-3],[31,0],[8,3],[13,15],[6,3],[13,-4],[25,-16],[16,-1],[-3,-7],[0,-5],[2,-5],[1,-5],[-2,-3],[-3,-2],[-1,-4],[3,-8],[-6,-17],[-5,-9],[-6,-3],[-8,-3],[-5,-8],[-1,-9],[3,-10],[-18,-18],[-18,-24],[-14,-30],[-5,-34],[-4,2],[-2,2],[-7,-25],[-14,-17],[-41,-27],[-17,-16],[-3,-6],[-2,-2],[-4,-3],[-4,-2],[-2,2],[-12,20],[-3,2],[-7,4],[-2,2],[-3,6],[0,7],[-2,5],[-3,3],[-4,1],[-7,6],[-4,2],[-6,-1],[-7,-3],[-4,-1],[-39,4],[-17,7],[-11,15],[-5,34],[-6,5],[1,10],[7,15],[-5,12],[-13,13],[-15,9],[-11,4],[-10,-3],[-29,-17],[-6,-8],[-4,-16],[-11,-13],[-12,-1],[-9,15],[-1,2],[-1,5],[1,4],[4,2],[-12,13],[-3,-5],[-4,-2],[-3,1],[-2,6],[-12,-8],[-3,0],[-5,3],[-3,11],[-8,7],[-3,11],[1,13],[3,9],[31,22],[10,2],[8,6],[22,25],[6,4],[9,1],[8,3],[7,7],[14,16],[2,3],[3,7],[1,2],[2,1],[5,-1],[2,0],[11,12],[1,3],[2,1],[9,11],[3,3],[4,1],[13,7],[6,6],[5,5],[5,5],[7,2],[1,1],[3,5],[2,2],[9,-1],[4,1],[14,6],[26,20],[14,4],[25,2],[25,7],[46,20]],[[9901,7687],[10,-8],[-1,-2],[-1,-4],[0,-5],[3,-2],[3,2],[4,4],[4,7],[-1,9],[3,3],[3,-4],[-2,-8],[3,-4],[12,-9],[3,-5],[2,-3],[4,-4],[3,-2],[6,-1],[3,-2],[5,-7],[4,-10],[-1,-9],[-8,-4],[7,-3],[7,0],[6,-1],[2,-11],[2,-9],[9,-17],[4,-10],[-3,0],[-2,4],[-3,4],[-3,3],[-4,2],[-1,-41],[-24,-3],[-31,17],[-72,51],[-15,6],[-18,0],[-32,-7],[-17,7],[2,7],[0,9],[2,8],[5,6],[-4,3],[-9,4],[-4,3],[-4,8],[0,3],[2,3],[1,7],[5,8],[31,7],[11,-4],[43,4],[17,0],[5,0],[7,3],[7,7],[5,3],[1,-8],[4,-5]],[[9306,8669],[-56,-25],[-90,-43],[-9,-10],[-25,-19],[-34,-14],[-13,-11],[-12,-17],[-21,-40],[-13,-18],[-14,-14],[-32,-18],[-18,-6],[-30,-3],[-30,-8],[-9,-6],[-4,-1],[-15,0],[-87,-27]],[[8794,8389],[1,16],[-1,3],[-3,1],[-15,2],[-5,4],[1,6],[2,3],[11,6],[3,4],[2,4],[-1,6],[-2,4],[-10,8],[-9,20],[-1,15],[-2,5],[-10,12],[-23,14],[-6,12],[4,17],[1,14],[-11,8],[-24,10],[-3,9],[13,20],[4,8],[-2,5],[-6,1],[-11,0]],[[8691,8626],[6,9],[-8,6],[-8,2],[2,10],[6,6],[21,5],[1,4],[-14,38],[1,48],[1,4],[4,5],[5,3],[6,0],[5,-2],[8,-11],[4,-2],[12,2],[4,-1],[11,-10],[4,0],[3,3],[31,38],[2,6],[0,6],[-9,22],[1,7],[12,21],[0,15],[1,5],[4,4],[4,1],[14,0],[4,2],[4,4],[1,5],[0,5],[-3,5],[-3,1],[-3,0],[-11,-5],[-3,1],[-2,3],[0,5],[1,4],[10,9],[2,6],[2,6],[0,6],[-1,11],[0,3],[2,3],[5,2],[3,2],[1,6],[-4,16],[0,2],[1,3],[2,4],[1,2],[6,3],[2,4],[2,5],[0,5],[-1,6],[-1,2],[-14,7],[-3,3],[-2,4],[-3,23],[0,4],[1,4],[13,16],[57,11]],[[8891,9078],[31,8],[11,-3],[16,-12],[6,0],[13,3],[6,0],[3,-2],[2,-2],[1,-2],[1,-4],[0,-6],[-1,-5],[-6,-9],[-3,-15],[1,-2],[9,-12],[2,-4],[2,-8],[0,-20],[2,-5],[3,-4],[3,-1],[8,1],[3,0],[12,-10],[2,-1],[13,5],[20,0],[2,1],[5,5],[5,3],[22,1],[3,-4],[3,-9],[6,-6],[9,-1],[17,6],[18,-25],[6,-5],[18,0],[8,-6],[7,-10],[4,-13],[-2,-13],[-4,-9],[-22,-26],[0,-3],[2,-4],[4,-3],[4,-7],[0,-7],[-9,-14],[-8,1],[-14,-9],[-4,-2],[-20,11],[-3,-1],[-3,-5],[-4,-9],[1,-12],[5,-12],[7,-11],[8,-6],[3,0],[11,4],[19,-1],[49,-52],[40,9],[13,8],[8,2],[7,-1],[21,-8],[9,-9],[3,-13],[-2,-3],[-4,-5],[-1,-3],[1,-5],[7,-18]],[[6811,9287],[-31,-11],[-11,3],[-7,3],[-29,3],[-19,-2],[-7,-3],[-2,-4],[5,-7],[2,-5],[0,-4],[-3,-5],[-3,-4],[-2,-4],[-2,-3],[-14,-16],[0,-5],[2,-2],[3,0],[4,1],[4,1],[3,0],[3,-3],[1,-4],[0,-5],[-2,-5],[-3,-8],[-1,-5],[1,-4],[7,-5],[2,-3],[2,-4],[2,-4],[1,-4],[0,-4],[-4,-13],[0,-13],[0,-6],[1,-4],[0,-5],[-7,-13],[-3,-2],[-8,-2],[-5,-2],[-1,-4],[2,-3],[3,-3],[1,-5],[-1,-11],[1,-5],[1,-5],[2,-4],[1,-5],[0,-4],[0,-6],[-1,-7],[-5,-19],[-3,-6],[-6,-5],[1,-3],[14,-23],[1,-5],[3,-8],[4,-3],[6,-5],[5,-7],[2,-4],[2,-5],[4,-7],[7,-3],[6,-1],[3,1],[7,0],[7,0],[4,1],[4,0],[3,-1],[3,-4],[2,-4],[1,-4],[2,-4],[3,-21]],[[6779,8903],[-10,-3],[-14,-34],[-2,-14],[-2,-6],[-4,-1],[-4,0],[-4,-2],[-1,-3],[-6,-21],[-13,1],[-13,-4],[-43,-55],[-11,21],[-3,2],[-12,6],[-2,2],[-1,3],[-7,9],[-9,1],[-6,-6],[-1,-13],[5,-39],[-1,-2],[-2,-2],[-17,-12],[-14,-5],[-2,-27],[-16,-2],[-29,-62],[-30,11],[-4,-1],[-2,-3],[-1,-5],[0,-10]],[[6498,8627],[-14,-7],[-22,5],[-11,-2],[-11,-7],[-2,-3],[-6,-12],[-3,-3],[-10,-5],[-3,-5],[-1,-6],[0,-29],[-18,1],[-7,26],[-22,-1],[-24,29],[-41,23]],[[6303,8631],[-5,15],[-17,14],[1,33],[-1,11],[-11,24],[6,17]],[[6276,8745],[2,14],[-23,25],[0,25],[16,-1],[25,10],[3,3],[2,4],[1,5],[1,12],[2,3],[28,8],[6,5],[3,8],[0,7],[-1,6],[-4,4],[-5,1],[-40,-22],[-8,0],[-2,12],[25,34],[1,5],[-4,6],[-4,2],[-41,-7],[-2,1],[-9,12],[-7,41],[-38,4],[7,29],[-21,20],[1,10],[-18,95],[2,1],[-20,-2],[-5,6],[-1,9],[0,20],[2,7],[4,4],[6,2],[26,-2],[-1,22],[-7,28],[-6,9],[-9,9],[-1,-1],[-2,3],[9,4],[-5,18],[9,8],[-1,22],[-4,14],[1,6],[7,12],[1,-2],[3,-3],[6,-3],[12,8],[14,20],[12,7],[6,2],[6,-2],[7,-7],[2,-1],[4,2],[3,4],[5,11]],[[6257,9361],[17,4],[12,29],[4,3],[3,2],[2,-2],[0,-3],[0,-15],[1,-4],[-1,-10],[15,-4],[7,1],[9,3],[5,3],[16,14],[7,2],[16,0],[4,2],[3,4],[0,4],[0,5],[-1,3],[-4,6],[-1,5],[1,7],[-1,5],[-1,4],[-4,2],[-5,0],[-5,-2],[-3,-5],[-4,-6],[-3,-2],[-4,0],[-3,2],[-2,4],[0,4],[-2,8],[1,3],[3,2],[0,4],[1,2],[13,1],[13,9],[2,4],[-1,4],[-2,4],[-3,4],[-3,3],[-4,2],[-4,-2],[-4,-1],[-2,-3],[-4,-8],[-3,-3],[-11,-8],[-8,-2],[-5,0],[-4,1],[-4,3],[-3,4],[-2,5],[0,4],[1,5],[10,29],[4,7],[0,1],[4,3],[4,2],[8,5],[9,10],[7,4],[7,3],[4,2],[6,6],[1,6],[1,6],[0,5],[2,3],[4,1],[5,0],[12,-1],[5,1],[4,2],[6,6],[8,4],[6,5],[6,7],[11,15],[9,10],[6,4],[5,0],[4,-1],[7,-6],[4,-2],[13,-2],[12,-3],[12,-6],[9,-2],[8,1],[13,-2],[13,1]],[[6551,9595],[27,11],[37,24],[5,2],[4,0],[3,0],[2,-2],[8,-6],[10,-2],[15,0],[10,-2],[2,-2],[2,-2],[0,-6]],[[6254,8975],[8,-3],[7,2],[2,1],[1,3],[-1,8],[-3,5],[-5,4],[-5,2],[-5,-2],[-2,-2],[-1,-2],[-1,-3],[0,-3],[1,-6],[2,-3],[2,-1]],[[5705,7722],[-13,-6],[-2,-3],[-2,-5],[-2,-15],[-1,-7],[1,-5],[-2,-34],[-7,-46],[0,-16],[2,-8],[4,2],[8,2],[13,1],[4,-1],[3,-2],[3,-3],[3,-4],[3,-3],[2,-4],[0,-4],[-1,-4],[-5,-8],[-2,-6],[-2,-7],[0,-7],[-1,-6],[-1,-14],[1,-5],[2,-3],[16,-3],[6,-1],[3,1],[2,2],[5,9],[4,5],[9,8],[3,1],[8,2],[3,0],[4,-3],[2,-5],[2,-8],[0,-6],[-3,-9],[1,-4],[6,-7],[3,-6],[1,-5],[-1,-4],[-2,-4],[-1,-9],[-1,-13],[-1,-4],[-2,-4],[-1,-4],[-5,-8],[-2,-4],[-2,-4],[-3,-4],[-4,-7],[-1,-4],[1,-4],[3,-3],[3,-3],[7,-5],[4,-3],[16,-23],[9,-11],[7,-6],[3,-4],[7,-5],[8,-2],[3,-3],[6,-11],[14,-17],[4,-7],[6,-7],[2,-2],[5,-4],[5,-5]],[[4850,7199],[-22,29],[-8,7],[-3,8],[-2,13],[-1,14],[3,8],[3,9],[2,14],[0,14],[-3,6],[-18,5],[-10,5],[-7,6],[-4,14],[-4,5],[-15,8],[-7,8],[-13,19],[-8,8],[-15,43],[-3,9],[-1,1],[96,-5],[6,2],[7,4],[9,1],[17,0],[8,2],[10,-6],[14,-1],[65,9],[6,3],[5,13],[0,5],[-1,4],[0,6],[2,6],[5,10],[2,6],[-1,5],[-2,6],[0,6],[3,9],[3,3],[11,4],[4,3],[11,18],[1,6],[1,10],[1,6],[0,3],[-2,6],[0,4],[1,3],[5,3],[1,2],[3,16],[1,5],[-1,7],[3,7],[7,13],[-18,35],[-10,13],[-6,10],[-4,5],[-5,2],[-12,2],[-5,1],[-6,9],[-3,21],[-3,9],[3,7],[5,14],[4,6],[8,4],[19,13],[5,1],[3,1],[9,-1],[9,1],[8,6],[1,3],[1,5]],[[5018,7823],[5,-4],[8,-10],[4,-4],[5,-2],[4,-1],[5,0],[4,2],[4,1],[4,-2],[8,-1],[14,8],[4,1],[9,-5],[4,-1],[5,2],[4,3],[6,3],[31,6],[6,3],[4,3],[3,3],[1,4],[0,5],[-2,8],[0,5],[2,3],[3,4],[14,12],[3,2],[10,4],[3,2],[17,6],[9,11],[4,3],[4,2],[14,3],[4,3],[2,4],[2,4],[2,4],[3,4],[4,3],[5,3],[7,1],[6,2],[6,3],[15,12],[4,2],[6,1],[7,-2],[15,-10],[5,-4],[7,-8],[4,-3],[9,-2],[0,-4],[1,-4],[3,-3],[6,-3],[9,-4],[2,-3],[0,-2],[-2,-5],[-1,-2],[-1,-3],[-1,-2],[-1,-3],[-1,-4],[-2,-3],[-3,-2],[2,-3],[6,-3],[15,-6],[10,-7],[6,-5],[4,-5],[6,-5],[16,-8],[11,-5],[6,-1],[4,3],[3,3],[2,4],[2,5],[1,4],[2,4],[3,3],[3,2],[15,4],[9,6],[4,1],[4,-1],[4,-6],[2,-5],[0,-5],[-1,-5],[-3,-7],[0,-4],[3,-2],[10,-1],[15,6]],[[5787,5796],[20,-30],[6,-19],[-2,-20],[-7,-17],[-12,-13],[-13,-9],[-15,-1],[-30,28],[-13,-1],[-6,-4],[-13,-16],[-3,-9],[4,-12],[15,-22],[-1,-12],[-9,-14],[-8,-38],[-8,-11],[-12,-9],[-27,-10],[-5,-5],[-8,-17],[-4,-6],[-12,-8],[-37,-13],[-4,-4],[-3,-8],[4,-7],[6,-6],[7,-3],[9,0],[16,11],[16,6],[16,1],[7,-3],[5,-7],[10,-25],[17,-20],[9,-24],[6,-44],[19,8],[11,-25]],[[5738,5358],[-3,-3],[-3,-3],[-3,-3],[-8,-3],[1,-5],[2,-5],[-5,-9],[-15,-30],[-2,-7],[-2,-28],[-9,0],[-3,13],[-8,6],[-10,4],[-9,0],[-1,-6],[-4,-5],[-2,-8],[0,-9],[3,-8],[-2,-4],[1,-10],[3,-6],[1,-5],[-1,-7],[-3,-4],[-4,-3],[-9,-4],[-44,-18],[-7,-5],[-13,-5],[-8,19],[-19,12],[-8,7],[-10,-5],[-10,4],[-8,6],[-19,6],[-7,7],[-10,16],[-29,32],[-8,6],[-10,0],[-20,-4],[-23,8],[-12,17],[-8,20],[-10,19],[-25,15],[-3,8],[-1,11],[-3,11],[-4,11],[-15,19],[-10,28],[-7,18],[-10,22],[-10,9],[-4,5],[6,3],[4,-1],[14,-15],[3,-5],[-2,-6],[3,-6],[7,-8],[6,1],[3,4],[5,8],[9,12],[-3,1],[-9,-4],[-8,1],[-3,10],[3,19],[-4,12],[-22,22],[-4,3],[-31,2],[-8,3],[-6,7],[-6,25],[-4,12],[-7,12],[-2,11],[2,11],[8,10],[8,5],[17,7],[6,5],[4,15],[-4,26],[3,14],[15,15],[32,-3]],[[5303,5733],[33,-10],[23,-18],[59,-8],[14,5],[22,-6],[5,20],[7,14],[10,8],[16,6],[40,0],[11,20],[10,8],[12,-4],[25,-23],[9,-1],[9,4],[10,7],[7,10],[5,13],[1,8],[-2,22],[2,6],[2,4],[8,3],[5,1],[7,-2],[5,-5],[3,-6],[-1,-11],[-9,-19],[1,-11],[4,-6],[6,1],[48,40],[4,1],[5,-3],[20,-35],[6,-4],[8,0],[10,5],[9,8],[15,21]],[[6620,9649],[-14,-7],[-2,3],[0,24],[8,-2],[8,-12],[0,-6]],[[6672,9731],[0,-4],[1,-18],[-2,-6],[-3,-5],[-19,-9],[-5,0],[-9,4],[-12,-1],[-27,2],[-6,-3],[-5,-5],[-37,-27],[-5,-7],[-2,-5],[2,-5],[0,-4],[1,-5],[-1,-4],[0,-5],[2,-4],[2,-4],[3,-13],[1,-8]],[[6257,9361],[-5,8],[-2,3],[-4,3],[-5,2],[-12,1],[-5,2],[-8,8],[-4,3],[-1,4],[2,4],[3,2],[8,2],[4,1],[4,1],[2,3],[2,5],[-1,4],[-3,3],[-4,2],[-11,-3],[-4,-3],[-6,-5],[-2,-1],[-3,0],[-3,2],[-3,3],[-1,3],[0,3],[0,3],[-1,5],[0,4],[-1,5],[-1,4],[0,5],[-2,8],[-1,9],[0,4],[0,5],[-1,4],[-6,5],[-46,17],[-6,4],[-3,5],[0,1],[-2,4],[-8,15],[-4,4],[-11,6],[-5,1],[-8,0],[-8,-5],[-4,-2],[-7,0],[-6,-1],[-15,-8],[-6,-1],[-15,2],[-17,-4],[-23,0],[-7,-2],[-9,0]],[[5972,9518],[-4,15],[-2,5],[-8,8],[-3,6],[-3,4],[-18,10],[-4,4],[-3,5],[-3,10],[-1,6],[2,34]],[[6066,9757],[1,0],[2,0],[12,-12],[9,10],[13,2],[12,-3],[8,-9],[3,0],[5,8],[4,2],[21,-2],[55,6],[12,10],[28,8],[11,2],[20,0],[2,2],[1,3],[0,3],[4,1],[3,-1],[11,-8],[2,3],[2,1],[2,0],[3,0],[-2,1],[-4,4],[0,4],[15,11],[8,4],[7,-3],[6,4],[1,-1],[2,-3],[13,9],[14,2],[13,-2],[12,-9],[-19,-8],[-8,-6],[-6,-7],[5,-5],[2,-2],[2,-2],[-2,0],[-1,0],[0,-1],[0,-2],[5,-1],[4,1],[6,3],[3,4],[6,8],[2,2],[4,-1],[4,-6],[4,-2],[2,3],[-1,5],[-3,6],[-3,3],[0,4],[7,-1],[2,-1],[3,-2],[1,3],[1,0],[1,1],[-3,4],[5,3],[13,1],[5,3],[5,4],[5,3],[34,11],[11,-1],[-1,-11],[8,0],[5,-5],[5,-5],[4,-3],[31,-5],[2,-2],[2,-3],[0,-4],[0,-6],[-2,0],[-3,0],[-4,-1],[-1,2],[-5,3],[-4,1],[-2,-3],[-1,-4],[-4,-3],[-7,-5],[9,-1],[5,-7],[4,-3],[6,11],[5,-7],[6,0],[14,4],[6,-2],[21,-7],[28,-4],[20,-8],[5,-1],[5,-3],[10,-11],[12,-4]],[[8149,8103],[11,-2],[9,2],[2,-3],[2,-4],[2,-5],[5,-5],[10,-3],[6,-4],[4,-5],[-1,-4],[-2,-4],[-2,-5],[0,-5],[3,-9],[4,-5],[11,-6],[31,-12],[14,-8],[5,-4],[3,-4],[0,-4],[2,-5],[3,-5],[4,-3],[28,-13],[2,-2]],[[8305,7976],[-3,-7],[-7,-19],[-8,-12],[-8,-8],[-6,-11],[-3,-16],[-11,-12],[-31,-64],[-5,-7],[-12,-10],[-6,-7],[-15,-23],[-27,-23],[-27,-58],[-12,-14],[-23,-15],[-11,-18],[-19,-44],[-12,-18],[-28,-34],[-45,-82]],[[7986,7474],[-35,22],[-16,23],[-16,6],[-16,-9],[-13,-23],[-10,-10],[-11,-4],[-9,3],[-25,42],[-16,-10],[-7,-12],[-7,-6],[-8,-3],[-7,2],[-5,6],[-1,5],[2,6],[0,10],[-6,27],[-15,10],[-10,-22],[-10,3],[-17,30],[-8,5]],[[7720,7575],[-2,6],[-6,6],[-3,2],[-3,4],[-4,8],[-2,8],[0,4],[-1,4],[0,4],[2,9],[2,5],[3,4],[10,6],[5,1],[5,4],[2,1],[4,5],[1,6],[2,10],[2,3],[3,1],[4,-1],[7,0],[17,3],[31,17],[1,4],[-2,8],[-1,5],[1,5],[1,4],[8,8],[6,5],[4,6],[2,6],[1,9],[2,5],[3,5],[2,10],[-1,4],[1,4],[0,9],[1,4],[2,3],[5,0],[4,-1],[4,-3],[6,-2],[3,0],[3,1],[4,1],[4,1],[8,1],[4,1],[17,8],[3,4],[3,4],[1,6],[-1,5],[-1,5],[1,4],[10,7],[5,6],[7,12],[5,6],[17,12],[3,4],[0,6],[-1,4],[-3,5],[-6,7],[-3,3],[-6,6],[-3,3],[-1,5],[-1,5],[3,4],[4,4],[21,10],[2,2],[0,4],[-2,3],[-2,8],[0,1],[-7,4],[0,4],[0,4],[1,4],[1,4],[0,9],[-1,4],[-1,5],[-1,9],[1,4],[1,5],[0,9],[-3,2],[-3,-1],[-7,-2],[-4,0],[-4,2],[-4,2],[-3,0],[-4,2],[-3,2],[-2,4],[1,9],[0,4],[-1,5],[0,4],[4,5],[5,3],[5,1],[8,-2],[7,-5],[4,0],[5,3],[3,3],[23,14],[2,4],[0,4],[0,4],[1,10],[2,9],[2,4],[2,4],[8,11],[5,2],[8,0],[6,-3],[5,-3],[3,-4],[7,-6],[20,-14],[12,-2],[22,1],[7,-2],[3,-4],[1,-4],[0,-4],[1,-4],[3,-2],[4,0],[5,3],[4,4],[3,3],[4,2],[5,2],[7,1],[16,1],[13,5]],[[5699,5080],[-10,10],[-7,11],[-5,13],[-4,13],[6,1],[9,0],[10,-7],[7,-6],[8,-2],[12,7],[-4,-14],[-20,-17],[-2,-9]],[[5875,7274],[20,78],[11,21],[5,3],[39,-23],[10,-11],[3,-6],[2,-9],[-11,-27],[6,-10]],[[6770,7323],[10,-25],[17,-25],[-12,-15],[6,-9],[23,2],[19,27],[21,-50]],[[6847,6742],[-5,-5],[-1,-2],[-9,-9],[-7,-4],[-2,-2],[-2,-1],[-13,-7],[-3,-3],[-4,-4],[0,-1],[-1,-1],[-1,-1],[-2,-1],[-2,-1],[-1,-2],[-1,0],[-2,0],[-5,3],[-4,4],[-4,1],[-5,1],[-6,0],[-6,-1],[-7,-4],[-9,-7],[-3,-3],[-1,-8],[-1,-4],[-1,-1],[-4,2],[-6,8],[-11,16],[-3,4],[-3,2],[-4,0],[-13,-9],[-6,-6],[-5,-3],[-6,0],[-15,5],[-31,1],[-8,2],[-8,3],[-8,5],[-6,2],[-6,0],[-11,-2],[-7,-4],[-3,-4],[-2,-5],[-1,-4],[0,-4],[-2,-4],[-7,-8],[-10,-7],[-12,-5],[-5,-1],[-6,0],[-7,1],[-15,4],[-3,3],[-2,3],[-1,5],[0,4],[-2,4],[-3,3],[-4,1],[-6,-1],[-4,-3],[-2,-5],[-2,-14],[-2,-3],[-3,-3],[-5,-1],[-5,0],[-24,6],[-9,1],[-11,6],[-3,0],[-4,-1],[-3,-2],[-8,3],[-4,2],[-5,1],[-7,-1],[-6,-2],[-7,-5],[-3,-4],[-4,-10],[-9,-4],[-15,-2],[-126,5],[-17,7],[-9,1],[-9,0],[-4,-1],[-3,-4],[-1,-4],[-1,-23]],[[6172,6630],[-6,-2],[-5,1],[-29,13],[-6,1],[-12,4],[-19,10],[-5,4],[-4,5],[-9,14],[-12,14],[-12,11],[-6,4],[-6,5],[-6,2],[-4,0],[-4,1],[-4,3],[-3,6],[-2,5],[-4,5],[-16,14],[-8,3],[-8,6],[-1,3],[-4,5],[-6,4],[-18,9],[-6,2],[-8,0],[-6,2],[-6,2],[-10,7],[-5,7],[-2,5],[-1,10],[0,5],[-1,10],[-1,4],[-5,3],[-13,-1],[-5,-1],[-10,1],[-14,6],[-26,21]],[[5987,7310],[33,3],[2,9],[6,8],[7,6],[7,3],[3,16],[4,10],[6,6],[12,0],[6,-28],[5,-7],[5,-4],[6,0],[5,2],[2,3],[3,6],[2,2],[4,1],[82,-19],[22,13],[15,49],[15,-9],[37,8],[1,-6],[1,-12],[-2,-5],[-4,-4],[-6,-3],[-5,-3],[-1,-8],[1,-4],[6,-7],[1,-5],[0,-6],[-2,-5],[-7,-9],[-17,3],[-4,-29],[-7,-20],[-1,-6],[2,-5],[11,-9],[5,-2],[3,2],[11,13],[45,-8],[2,-34],[29,-11],[12,-11],[15,-2],[12,16],[7,4],[8,2],[20,-16],[6,1],[19,15],[41,8],[14,-5],[35,27],[3,18],[32,20],[25,0],[7,3],[4,9],[5,24],[5,5],[49,2],[0,8],[18,5],[33,-28],[21,4],[20,-7],[21,16]],[[6172,6630],[15,-8],[1,-1],[11,-30],[0,-20],[2,-13],[6,-13],[13,-21],[0,-27],[-11,-6],[-26,-41],[-1,-5],[-3,-17],[-1,-4],[-10,-9],[11,-25],[-10,-89],[2,-7],[4,-6],[11,-7],[6,-8],[1,-26],[4,-10],[15,-7],[6,-5],[1,-11],[-4,-7],[-13,-17],[-2,-9],[4,-4],[10,-5],[11,-21],[21,-25],[7,-24],[3,-8],[22,-18],[16,-34]],[[6294,6042],[-33,1],[-8,-4],[-19,-24],[-8,-6],[-8,-1],[-16,3],[-4,-1],[-3,-4],[-5,-10],[-1,-19],[-11,-23],[3,-19],[-29,-26]],[[6152,5909],[-2,10],[-21,8],[-5,38],[-27,0],[-16,-24],[-26,-17],[-25,6],[-8,21],[-18,1]],[[6004,5952],[-2,13],[-5,13],[-3,26],[-7,9],[-8,4],[-23,-20],[-10,1],[-17,17],[-12,33],[-15,17],[-2,15],[-9,20],[-16,15],[4,11],[3,29],[-2,11],[-2,4],[-5,3],[-3,3],[-1,5],[1,9],[0,4],[-5,15],[-7,12],[-9,8],[-10,4],[-12,-1],[-23,-11],[-8,-13],[-3,-3],[-10,-2],[-12,1],[-5,4],[-39,-28],[-30,-9],[-15,1],[-10,12],[-6,26],[11,15],[35,0],[1,47],[-11,8],[-3,4],[-3,8],[-1,15],[-5,7],[-14,10],[-5,6],[-4,11],[-1,26],[-3,9],[-25,25],[-8,38],[-38,45],[0,12]],[[7269,7899],[12,-6],[8,-8],[18,-27],[3,-8],[0,-7],[-3,-5],[1,-8],[3,-1],[2,2],[4,2],[6,-1],[11,-6],[47,-48],[6,-5],[4,-2],[6,4],[4,0],[7,-2],[6,-2],[5,-1],[11,2],[2,-2],[1,-4],[0,-5],[0,-4],[-2,-8],[-3,-6]],[[7428,7743],[-1,-12],[2,-3],[3,-3],[10,-7],[2,-3],[1,-4],[2,-8],[13,-39],[3,-3],[5,-2],[4,0],[29,-5],[12,-5],[7,0],[3,1],[1,1],[4,1],[8,1],[9,1],[2,2],[8,2]],[[7555,7658],[8,-25]],[[7563,7633],[-6,-5],[-17,-8],[-3,-4],[-1,-3],[1,-4],[2,-5],[1,-4],[0,-5],[-1,-10],[0,-9],[-1,-10],[-7,-32],[-4,-10],[-3,-5],[-5,-7],[-10,-20],[-1,-6],[-1,-5],[1,-5],[2,-9],[0,-6],[-2,-4],[-3,-4],[-3,-3],[-4,-2],[-4,-1],[-9,0],[-4,1],[-3,3],[-8,4],[-4,0],[-4,0],[-4,-2],[-8,-7],[-10,-11],[-2,-4],[-16,-34],[-5,-7],[-5,-5],[-4,-2],[-2,-3],[-2,-6],[0,-3],[0,-2],[0,-2],[1,-2],[1,-2],[0,-1],[-1,-4],[-1,-3],[0,-3],[0,-3],[0,-6],[1,-2],[1,0],[0,-1],[0,-1],[-1,-2],[-2,-2],[-1,-2],[1,-7],[-3,-10],[-3,-5],[0,-3],[1,-3],[1,-3],[2,-3],[1,-1],[3,-5]],[[6770,7323],[2,81],[8,25],[-41,49],[-7,27],[-11,14],[-8,31],[-17,20],[-13,5],[13,34],[0,33],[-20,-1],[-13,39],[3,12]],[[6666,7692],[23,1],[8,3],[7,5],[5,6],[2,4],[0,5],[-1,4],[-3,3],[-2,4],[-1,5],[-1,4],[-2,5],[-1,5],[2,3],[1,0],[4,-1]],[[6707,7748],[4,7],[22,-8],[-3,23],[10,10],[23,-24],[15,-8],[5,1],[4,3],[3,5],[5,13],[3,3],[19,4],[4,3],[6,36],[-6,36],[3,50],[17,9],[21,-15],[19,23],[24,12],[11,0],[12,-3],[27,-18],[3,1],[2,3],[1,3],[0,4],[-1,4],[-2,5],[-9,6],[-3,5],[0,5],[2,10],[0,3],[-7,11],[-1,7],[1,6],[2,2],[6,2],[12,-17],[3,-2],[3,0],[24,14],[16,-4],[2,1],[2,5],[-1,7],[-12,19],[0,5],[2,6],[2,5],[3,3],[6,0],[9,-7],[16,-17],[5,0],[5,3],[4,4],[3,7],[1,7],[0,17],[2,6],[6,2],[12,-9],[15,-5],[8,0],[8,3],[3,3],[2,4],[4,11],[5,1],[26,-12],[25,-25],[16,-8],[5,0],[12,7],[7,0],[4,-4],[18,-37],[15,-64],[22,-17]],[[8954,9162],[-1,0],[-10,1],[-6,5],[-1,8],[5,11],[5,2],[5,-6],[4,-11],[5,-8],[-1,-1],[-5,-1]],[[8891,9078],[-4,13],[1,5],[0,5],[0,5],[-2,5],[-7,10],[-2,5],[0,18],[-2,4],[-29,11],[-6,6],[-4,9],[-2,10],[-1,10]],[[8833,9194],[8,-3],[27,-4],[10,-4],[25,-18],[10,-2],[8,-1],[7,-3],[6,-10],[6,-23],[4,-10],[9,-8],[6,-3],[6,-1],[11,1],[8,2],[5,3],[7,9],[11,8],[2,4],[3,9],[2,3],[7,3],[21,-2],[28,9],[14,1],[12,-7],[6,-5],[25,-12],[14,-3],[7,-1],[4,-10],[7,-9],[8,-7],[8,-3],[9,-5],[5,-2],[5,0],[3,3],[4,11],[3,3],[9,0],[20,-7],[10,-2],[12,1],[0,2],[-6,7],[-4,12],[4,5],[18,15],[8,4],[9,1],[18,-3],[9,2],[7,4],[14,14],[7,4],[7,1],[7,0],[8,1],[14,12],[15,-6],[7,5],[5,-1],[13,0],[3,-1],[3,-7],[3,-6],[5,-4],[5,-4],[9,-3],[12,-1],[11,0],[19,4],[-1,-9],[-3,-13],[1,-9],[0,-11],[6,-9],[8,-6],[10,2],[10,0],[6,-8],[3,0],[5,4],[5,-1],[11,-7],[-10,-22],[-2,-6],[-2,-10],[-3,-4],[-4,-3],[-3,-7],[-7,4],[-17,-4],[-14,6],[-3,6],[-9,-1],[-9,-11],[-5,-13],[-1,-22],[0,-15],[2,-11],[7,-8],[16,-10],[8,-12],[10,-15],[0,-8],[-6,-6],[-2,-8],[2,-9],[3,-13],[0,-4],[2,-4],[8,-7],[3,-5],[-2,-12],[-11,-20],[-5,-15],[-8,-9],[-12,-18],[-15,1],[-17,-13],[-4,-17],[-13,-7],[-40,-33],[-8,-13],[-14,-4],[-11,-3],[-11,-3],[-5,-1],[-2,-2],[-7,-6],[-1,-3],[-2,-4],[-4,-1],[-5,0],[-7,-15]],[[7033,6429],[15,-13],[4,-3],[0,-1],[0,-1],[6,-12],[9,-15],[13,-17],[10,-7]],[[6682,5636],[-13,-1],[-31,6],[-45,-6],[-7,-5],[-6,-6],[-9,-8],[-16,-11],[-28,0],[-17,16],[-9,-2],[-6,-4],[-17,9],[-6,10],[-14,-1],[-15,-1],[-6,-7],[-23,-3],[-20,8]],[[6394,5630],[-3,17],[7,24],[-27,33],[-21,-2],[-121,59],[-50,47],[-6,9],[-3,11],[-3,39],[-15,42]],[[6294,6042],[23,-14],[48,4],[22,50],[49,32],[24,7],[54,52],[7,2],[10,-6],[20,-24],[11,-2],[37,8],[8,6],[10,18],[10,10],[13,4],[16,-2],[43,-25],[9,7],[8,4],[9,0],[21,-7],[4,19],[33,20],[0,52],[5,16],[46,85],[38,37],[4,1],[2,-1],[7,-6],[32,27],[-1,35],[24,11]],[[7160,8363],[36,12],[12,-4],[3,-4],[4,-4],[6,-5],[11,-5],[18,-15],[15,-8],[22,-20],[2,-4],[3,-4],[1,-4],[3,-4],[6,-8],[24,-22],[3,-4],[4,-5],[3,-4],[15,-14]],[[7351,8237],[6,-12],[-1,-5],[-1,-21],[2,-9],[4,-8],[3,-5],[6,-7],[12,-9],[4,-4],[1,-5],[1,-6],[0,-15],[-1,-5],[-4,-10],[-2,-5],[-1,-5],[0,-7],[2,-5],[3,-5],[3,-9],[1,-6],[0,-13],[-2,-5],[-3,-8],[-3,-10],[0,-7],[2,-12],[-2,-4],[-3,-4],[-4,-3],[-7,-4],[-4,-1],[-4,1],[-3,2],[-4,3],[-7,3],[-4,0],[-12,3],[-2,-2],[-3,-4],[-7,-23],[0,-8],[0,-22],[-3,-5],[-3,-3],[-9,-5],[-4,-3],[-4,-5],[-14,-24],[-3,-3],[-3,-1],[-5,-8]],[[6707,7748],[-5,25],[1,13],[-1,5],[-1,8],[-4,11],[-4,8],[-5,3],[-4,0],[-12,-9],[-3,-4],[-3,-4],[-3,-3],[-3,0],[-4,4],[-1,9],[1,6],[1,6],[1,6],[1,5],[1,7],[3,4],[6,7],[2,4],[1,3],[0,3],[2,6],[1,3],[1,2],[0,4],[-1,5],[1,2],[1,3],[0,5],[-1,7],[-7,12],[-5,5],[-5,3],[-4,1],[-3,2],[-2,4],[1,18],[-1,12],[0,3],[-1,2],[-1,4],[-9,10],[-4,3],[-3,3],[-3,2],[-4,1],[-3,-2],[-3,-1],[-3,-2],[-3,-1],[-3,0],[-1,1],[-1,2],[1,3],[1,1],[1,2],[0,3],[-1,5],[-1,5],[-6,6],[-4,2],[-3,4],[-2,6],[1,16],[3,14],[-3,1],[-3,-2],[-3,-1],[-3,0],[-5,4],[-5,5],[-6,12],[-4,5],[-3,0],[-2,-3],[-2,-2],[-6,1],[-7,-2],[-3,1],[-3,3],[-3,4],[-2,4],[2,5],[5,8],[2,4],[0,5],[-2,4],[0,9],[-1,6],[-3,7],[-3,4],[-13,4],[-3,2],[-1,2],[0,2],[1,3],[2,2],[2,6],[3,6],[1,4],[2,18],[1,3],[2,2],[2,2],[2,1],[2,2],[2,4],[0,6],[-2,5],[0,5],[2,4],[1,6],[3,5],[1,5],[4,14],[2,4],[1,5],[4,8],[1,6],[0,8],[-7,19],[-5,22],[-4,1],[-3,1],[-11,6],[-3,2],[-4,5],[-5,8],[-17,18],[-1,11]],[[6497,8370],[7,-1],[4,1],[35,27],[10,3],[3,2],[1,5],[2,9],[-1,5],[-2,4],[-2,3],[-1,3],[1,2],[12,-5],[22,-1],[22,4],[5,3],[13,1],[13,16],[10,5]],[[6651,8456],[51,-13],[15,1],[30,3],[10,3],[7,5],[1,4],[3,3],[2,3],[4,3],[5,1],[6,0],[8,-5],[2,-4],[1,-5],[1,-4],[3,-9],[3,-4],[5,-3],[17,-4],[11,0],[5,3],[4,3],[4,2],[5,0],[6,-1],[3,-4],[3,-4],[2,-4],[5,-3],[8,-2],[11,-2],[7,-4],[4,-4],[2,-4],[4,-1],[4,1],[4,0],[3,0],[3,-4],[-1,-3],[-2,-4],[-7,-5],[-1,-3],[4,-3],[7,-4],[3,-5],[0,-4],[-4,-7],[1,-3],[3,-2],[5,0],[8,3],[4,2],[4,2],[4,-3],[2,-4],[2,-4],[1,-4],[2,-3],[1,-2],[2,-2],[5,-3],[3,-2],[2,-4],[3,-9],[2,-4],[3,-4],[5,-3],[12,-6],[6,0],[14,8],[5,2],[6,-2],[3,-3],[8,-5],[6,-1],[11,2],[7,3],[6,3],[5,4],[5,4],[8,1],[10,-2],[4,1],[4,1],[15,14],[3,3],[4,-1],[3,-3],[3,-4],[11,-7],[3,-3],[2,-4],[3,-3],[3,-1],[3,2],[1,3],[-1,4],[-1,12],[4,16],[0,9]],[[7295,9690],[-1,0],[-10,-3],[-4,-3],[-4,-4],[-6,-13],[-7,-11],[-6,-6],[-6,-4],[-4,0],[-3,1],[-4,2],[-2,-2],[-1,-3],[0,-4],[-2,-1],[-2,0],[-6,2],[-3,2],[-1,-3],[-4,-13],[0,-5],[1,-9],[1,-5],[1,-4],[1,-6],[-1,-7],[-6,-12],[-5,-6],[-6,-4],[-6,-3],[-22,-17],[-6,-11],[-4,-8],[-2,-5],[0,-5],[1,-5],[0,-5],[-2,-6],[-3,-3],[-3,-3],[-13,-3],[-4,-2],[-8,-12],[-4,-4],[-5,-2],[-5,-1],[-4,0],[-9,-1],[-4,1],[-8,4],[-6,-1],[-5,-5],[-3,-4],[-1,-4],[-1,-4],[-7,-14]],[[6941,9562],[14,4],[5,6],[2,9],[-4,27],[0,2],[1,1],[1,1],[2,-1],[1,1],[3,9],[-1,24],[6,4],[4,-2],[2,0],[2,2],[19,24],[-10,13],[15,26]],[[7003,9712],[17,-9],[18,-5],[19,-2],[19,2],[15,4],[5,1],[3,-2],[3,-5],[4,-4],[5,-2],[1,1],[2,1],[2,2],[3,0],[2,-1],[1,-3],[1,-3],[4,-1],[12,10],[6,2],[9,1],[32,12],[10,7],[5,2],[7,0],[5,-4],[3,-6],[3,-3],[7,4],[-3,2],[-4,4],[-3,3],[18,8],[17,16],[16,8],[8,-5],[-1,-7],[-1,-13],[1,-8],[12,-6],[6,-8],[1,-12],[2,-3]],[[5325,6375],[7,-19],[4,2],[10,-1],[4,-2],[-9,-36],[10,-28],[-10,-6],[-17,6],[-8,-3],[-6,-10],[1,-24],[-1,-6],[-3,-3],[-2,0],[-6,1],[-3,2],[-2,3],[-1,7],[0,4],[-5,4],[-20,1],[-61,-19],[-9,-6],[-16,-29],[-8,-9],[-2,-3],[-2,-17],[11,-6],[28,1],[22,-12],[-3,-17],[11,-19],[9,-31],[18,-35],[1,-6],[-2,-6],[-4,-3],[-11,-2],[-4,-3],[-2,-5],[3,-17],[-1,-7],[-6,-8],[-3,-5],[1,-7],[14,-15],[3,-8],[0,-9],[-6,-18],[-1,-7],[5,-36],[-4,-19],[0,-20],[-1,-4],[-9,-15],[-2,-6],[0,-8],[0,-8],[12,-39],[-11,-32],[17,-18]],[[5255,5734],[-2,-2],[-4,-13],[3,-37],[-3,-7],[-15,0],[-13,18],[-14,41],[-10,19],[-13,15],[-109,88],[-12,7],[-10,3],[-8,4],[-18,17],[-9,5],[-9,4],[-8,14],[-3,16],[3,8],[6,5],[15,26],[5,11],[-22,-28],[-13,-10],[-14,0],[0,-4],[10,-16],[5,-11],[1,-7],[-6,-1],[-39,22],[-15,5],[-17,6],[-12,-6],[13,-2],[6,-3],[-108,-3],[-7,-3],[-8,-9],[-9,-1],[-7,3],[-7,5],[-7,27],[-2,14],[3,9],[-5,21],[-3,49],[-8,19],[1,7],[-1,14],[-3,15],[-3,11],[-2,4],[-8,7],[-3,4],[-4,6],[0,1],[-1,4],[-1,4],[-2,8],[-2,0],[0,1],[-1,6],[2,3],[5,6],[0,3],[1,3],[0,3],[-1,4],[4,3],[12,14],[3,5],[3,9],[3,30],[6,18],[8,13],[41,38],[12,24],[5,21],[10,29],[2,11],[0,6],[-1,6],[0,5],[3,4],[14,3],[5,4],[5,-1],[6,-2],[5,-1],[6,4],[6,1],[3,3],[5,7],[4,12],[4,5],[8,-1],[25,-11],[11,1],[4,15],[4,8],[4,19],[8,19],[6,20],[4,9],[4,18],[-1,1]],[[8367,9320],[5,-5],[9,-16],[6,-18],[3,-5],[4,-3],[4,-2],[9,-2],[5,-3],[2,-2],[0,-3],[-2,-4],[0,-3],[-1,-9],[-1,-4],[0,-3],[-2,-2],[-2,-4],[-2,-5],[-2,-5],[-2,-3],[-2,-3],[-1,-6],[1,-6],[-1,-4],[-1,-1],[-1,-2],[-2,0],[-2,-1],[-3,0],[-3,-2],[-1,-5],[1,-5],[2,-5],[1,-5],[0,-6],[2,-5],[1,-2],[2,-2],[2,-2],[3,-4],[2,-8],[4,-15],[2,-26],[0,-12],[-1,-6],[-2,-8],[0,-3],[0,-8],[-1,-11],[0,-4],[-4,-11],[-4,-6],[-1,-3],[-1,-3],[-4,-19],[-1,-5],[-2,-6],[0,-6],[1,-4],[1,-6],[-1,-7],[-2,-13],[-1,-7],[-3,-5],[-4,-3],[0,-4],[-7,-25],[-6,-14],[0,-4],[0,-4],[-2,-7],[-2,-4],[-2,-2],[-5,-2],[-3,-3],[-2,-3],[-3,-7],[-2,-2],[-3,-2],[-4,-1],[-4,-2],[-3,-3],[-3,-4],[-2,-4],[1,-4],[6,-6],[4,-3],[2,-3],[0,-4],[2,-20],[-2,-4],[-3,-4],[-3,-4],[-4,-2],[-6,-4],[-4,-7],[-3,-5],[-4,-3],[-8,-2],[-4,-1],[-2,-2],[-2,-3],[-6,-10],[-5,-10],[-4,-5],[-4,-3],[-15,-3],[-4,-1],[-3,-2],[-1,-2],[-3,-5],[-1,-3],[-3,-3],[-3,-3],[-6,-11],[-11,-10],[-6,-10],[0,-5],[0,-5],[6,-15],[3,-14],[1,-4],[2,-4],[4,-2],[14,-2],[4,1],[5,-1],[3,-1],[3,-5],[0,-5],[0,-5],[1,-5],[2,-4],[2,-5],[-1,-4],[-3,-4],[-8,-11],[-3,-4],[-1,-3],[-1,-3],[-1,-2],[-1,-1],[-4,-2],[-12,-4],[-5,-5],[-1,-3],[0,-12],[0,-12],[-5,-17]],[[8222,8521],[-43,14],[-10,-16],[-16,-5],[-8,7],[-16,-11],[-10,-23],[-39,6],[-3,2],[-5,7],[-7,5],[-8,0],[-16,-7],[-15,64],[-6,14],[-16,19],[-6,25],[-4,8],[-4,6],[-6,2],[-5,0],[-13,-11],[-3,-1],[-6,2],[-24,27],[-14,5],[-3,4],[-10,26],[-3,3],[-48,32],[-4,6],[-3,6],[-9,53],[-6,9],[-7,8],[-24,12],[-20,36],[-7,6],[-49,1],[-33,25],[-5,9],[-1,10],[4,20],[4,8],[3,3],[3,2],[3,1],[4,0],[4,-2],[2,-2],[7,-11],[4,-1],[6,3],[5,6],[4,9],[1,9],[-6,98],[4,9],[7,11],[1,4],[0,7],[-4,20],[0,21],[-2,6],[-3,3],[-2,1],[-11,0],[-1,-1],[0,-4],[5,-18],[0,-6],[-14,-38],[-2,-2],[-3,-3],[-3,-1],[-3,1],[-6,4],[-4,1],[-5,0],[-4,-2],[-3,-4],[-3,-11],[-4,-4],[-5,0],[-5,3],[-3,5],[0,6],[37,60],[2,7],[0,5],[-3,12],[-25,16],[-1,2],[0,2],[5,12],[0,4],[0,4],[-3,14],[-4,73],[-9,21],[0,3],[1,3],[3,2],[10,3],[4,3],[2,6],[-1,6],[-12,11],[-1,6],[3,16]],[[7670,9348],[4,8],[2,3],[6,3],[5,3],[4,11],[3,18],[-1,10],[1,5],[2,6],[12,16],[2,4],[-1,4],[2,5],[3,5],[15,8],[12,0]],[[7741,9457],[2,-4],[0,-5],[-2,-3],[0,-3],[2,-6],[5,-4],[4,-1],[4,1],[5,-1],[15,-9],[8,-7],[17,-24],[1,-3],[-1,-2],[0,-3],[3,-1],[7,0],[2,-1],[3,-3],[-1,-4],[0,-4],[4,-3],[4,1],[7,5],[4,1],[1,15],[11,0],[24,-12],[14,1],[10,7],[22,17],[4,-4],[3,1],[3,5],[3,6],[6,-6],[1,-1],[26,-16],[5,-12],[12,-1],[13,4],[8,3],[-1,-11],[3,-10],[5,-10],[8,-6],[2,-3],[1,-5],[1,-3],[5,-3],[5,-1],[3,-3],[3,-3],[2,-3],[18,-7],[15,1],[34,13],[28,4],[8,6],[7,1],[24,-6],[7,-4],[9,-17],[7,-8],[7,1],[12,18],[8,8],[8,3],[13,-11],[1,-2],[-1,-2],[1,-3],[2,-2],[9,-2],[8,1],[17,4],[8,-3],[55,2],[16,-3],[6,3],[3,5]],[[4652,9961],[-5,-36],[8,-12],[-15,-18],[-2,-6],[1,-11],[0,-7],[-2,-3],[-10,-11],[-2,-6],[0,-5],[5,-10],[1,-2],[-1,-3],[-15,-45],[-12,-7],[-4,-14],[-4,-5],[-5,-3],[-20,3],[-3,-41],[-4,-7],[-15,-19],[-2,-4],[-1,-5],[2,-5],[1,-3],[2,-4],[-1,-6],[-14,-41],[16,-60],[-1,-5],[-2,-5],[-2,-7],[0,-8],[13,-40],[0,-16],[-2,-15],[-11,-21],[-4,-4],[-9,-5],[-5,-4],[-10,-21]],[[4518,9414],[-15,-7],[-7,-2],[-56,12],[-8,-4],[-5,-8],[-3,-2],[-5,-1],[-14,4],[-4,-1],[-12,-9],[-4,1],[-3,4],[-2,6],[-3,4],[-3,2],[-3,-1],[-3,-2],[-1,-3],[0,-3],[2,-12],[0,-7],[-1,-6],[-3,-5],[-5,-2],[-17,5],[-13,-20],[-10,-8],[-6,-1],[-6,1],[-14,8],[-33,-7],[-8,-4],[-2,-4],[-1,-4],[0,-2],[-1,-2],[-2,-1],[-16,5],[-32,-12],[-6,-11]],[[4193,9315],[-3,0],[-3,-10],[-5,-10],[-5,-7],[-8,-3],[-9,4],[-5,7],[-5,10],[-6,5],[-6,-13],[-1,-7],[4,-6],[-10,-14],[-5,-4],[-6,6],[2,6],[-6,-3],[-15,-12],[7,-8],[-6,-4],[-15,-5],[-2,-3],[-3,-14],[-4,-1],[-4,-4],[-6,-8],[-7,8],[-1,11],[-2,11],[-10,4],[-6,7],[2,15],[6,16],[6,9],[0,7],[1,10],[3,12],[5,7],[2,5],[3,4],[6,2],[1,1],[13,8],[11,16],[7,7],[10,2],[3,5],[3,9],[-1,10],[-9,5],[-2,-14],[-7,-8],[-10,-5],[-12,-2],[-22,4],[-10,-2],[2,-11],[-10,-11],[-6,-3],[-8,2],[-6,5],[-3,8],[-3,10],[-4,11],[6,0],[4,2],[3,4],[3,7],[-4,7],[-6,4],[-9,4],[0,4],[-2,9],[-1,3],[1,3],[4,4],[1,4],[1,6],[-1,4],[-3,2],[-7,1],[-4,2],[-7,12],[-6,2],[0,-3],[3,-7],[-3,-4],[-4,-1],[-2,1],[-2,8],[-4,1],[-6,-4],[-3,-3],[-4,-6],[-4,-12],[-3,-5],[-2,1],[-5,14],[-4,4],[0,4],[3,6],[10,26],[0,3],[1,5],[1,5],[2,4],[2,5],[-3,4],[-7,5],[-3,15],[4,3],[6,0],[3,6],[2,11],[5,6],[5,3],[2,8],[7,-6],[6,-2],[6,2],[6,6],[2,3],[2,3],[1,3],[4,3],[4,2],[3,1],[8,1],[0,5],[-7,-4],[-10,-2],[-7,0],[0,6],[-14,-8],[-6,1],[-5,11],[22,21],[14,8],[17,-8],[7,0],[8,2],[6,2],[5,5],[6,4],[5,8],[2,10],[3,0],[8,-8],[12,1],[12,4],[8,6],[-10,0],[-5,4],[-6,13],[-2,0],[-6,3],[-4,4],[4,2],[4,0],[18,8],[19,13],[14,4],[3,5],[4,3],[5,1],[5,-3],[14,-15],[8,-3],[8,-1],[17,-6],[8,-2],[13,5],[16,9],[16,6],[15,-7],[24,11],[3,4],[2,5],[3,5],[5,3],[9,3],[2,2],[1,3],[3,2],[24,7],[2,-8],[4,-6],[9,-9],[6,7],[2,5],[-2,15],[5,8],[8,-2],[13,-8],[7,-2],[3,-6],[1,-7],[3,-7],[10,-10],[5,-6],[3,-9],[3,10],[0,9],[-3,19],[0,10],[2,5],[5,5],[9,6],[-9,4],[-8,1],[-15,-1],[-8,2],[-11,12],[-7,3],[8,7],[45,6],[3,1],[3,3],[2,4],[0,4],[-3,1],[-10,-5],[-27,-4],[2,2],[1,1],[3,1],[-2,2],[-4,2],[-5,-8],[-9,-3],[-20,-1],[4,9],[2,13],[2,10],[5,-3],[6,9],[-4,3],[-3,5],[-3,6],[1,7],[1,0],[8,-2],[3,2],[10,-2],[13,7],[65,50],[2,-7],[3,-3],[5,-1],[5,3],[-4,-1],[-2,1],[0,4],[2,1],[2,2],[2,1],[-8,7],[-1,7],[2,7],[1,7],[3,5],[7,2],[15,-1],[13,4],[12,8],[11,10],[9,12],[12,-2],[6,-9],[3,-11],[7,-8],[0,-4],[-3,2],[-4,1],[-3,1],[-3,-5],[-2,-6],[0,-5],[3,-4],[-5,-4],[-1,1],[-4,3],[-3,-3],[-1,-1],[-2,-1],[0,-4],[22,-2],[4,5],[-8,14],[5,3],[6,1],[11,-4],[-1,2],[-1,4],[-1,2],[6,7],[8,7],[9,6],[18,4],[9,7],[8,9],[3,9],[1,2],[3,-2],[4,-5],[1,-6],[-2,-4],[-10,-12],[-1,-9]],[[7003,9196],[10,-1],[18,-7],[29,4],[4,-2],[13,-9],[4,-4],[5,-8],[6,-4],[6,-2],[9,-1],[30,2],[12,-1],[10,-9],[-2,-3],[-2,-4],[-3,-2],[7,-9],[10,-4],[25,0],[33,-42],[17,-13],[1,-3],[0,-5],[0,-4],[2,-4],[2,-1],[7,1],[3,0],[4,-3],[11,-11],[22,-12],[9,-3],[13,-10],[0,-13],[2,-4],[2,-4],[-1,-3],[0,-1],[-1,-2],[0,-3],[1,-6],[2,-5],[-1,-4],[-3,-3],[-4,-1],[-4,0],[-10,5],[-4,1],[-4,0],[-9,-4],[-4,0],[-4,1],[-6,3],[-4,1],[-4,-1],[-3,-3],[-1,-4],[-2,-4],[-2,-4],[-7,-6],[-17,-22],[-2,-4],[-1,-5],[0,-5],[0,-5],[2,-6],[3,-7],[17,-15]],[[7249,8889],[3,-11],[-1,-3],[-4,-14]],[[7247,8861],[-18,-10],[-3,-3],[-8,-5],[-5,-2],[-5,-2],[-10,-1],[-5,2],[-4,4],[-5,4],[-11,4],[-7,1],[-25,6],[-4,3],[-3,4],[-2,9],[-1,4],[1,4],[2,3],[2,2],[1,1],[0,1],[0,1],[-1,3],[-4,8],[-11,10],[-3,3],[-1,5],[-1,5],[1,4],[3,3],[3,2],[4,3],[2,4],[0,4],[-2,4],[-5,3],[-7,1],[-8,1],[-8,-1],[-25,-9],[-5,0],[-4,4],[-3,4],[-1,4],[0,5],[-1,4],[-2,4],[-2,3],[-4,2],[-23,3],[-28,-3],[-12,-4],[-6,-5],[-10,-7],[-4,-2],[-9,1],[-3,0],[-1,-3],[0,-5],[-1,-9],[-1,-9],[-2,-3],[-2,-2],[-2,-2],[-3,-3],[-3,-4],[-1,-4],[-5,-10],[-5,-8],[-1,-3],[-1,-2],[0,-1],[-8,-1],[-13,2],[-16,-1],[-2,-1],[-2,0],[-3,1],[-9,7],[-4,2],[-6,1],[-7,0],[-6,4],[-2,4],[0,4],[2,5],[1,4],[2,5],[1,3],[6,6],[2,4],[2,9],[0,4],[-1,5],[-1,3],[-4,3],[-4,1],[-12,-1],[-6,-4],[-5,-7],[-2,-5],[-2,-5],[-1,-4],[0,-4],[0,-5],[1,-5],[-3,-5],[-5,-6],[-12,-8],[-14,-6],[-17,5]],[[1223,309],[0,-17],[3,-24],[1,-4],[1,-8],[2,-8],[3,-8],[4,-3],[7,-6],[2,-3],[-1,-11],[-4,-11],[-1,-11],[6,-10],[0,-4],[-5,-3],[-3,-5],[-5,-14],[4,-8],[3,-11],[-1,-10],[-7,-4],[-6,-5],[-14,-22],[-6,-7],[-31,-12],[-5,-3],[-3,-1],[-11,-16],[-6,-3],[-4,3],[-4,4],[-5,3],[-19,2],[-8,2],[-7,4],[-24,25],[-4,7],[-2,4],[-9,6],[-4,4],[-2,4],[-13,35],[-3,13],[3,12],[-2,7],[-1,10],[1,10],[2,7],[4,6],[17,11],[8,8],[11,13],[8,15],[-3,15],[5,6],[2,11],[-1,12],[-3,9],[5,1],[5,-1],[5,-1],[4,-3],[6,2],[24,-10],[34,0],[27,-8],[11,4],[-2,21],[13,3],[2,-1],[3,-8],[-1,-5],[-3,-2],[-3,-8]],[[1743,301],[-12,-20],[-13,-18],[-19,-10],[-11,0],[-18,10],[-9,3],[-29,-3],[-6,3],[2,2],[2,7],[1,7],[0,3],[3,1],[15,-3],[9,1],[16,6],[26,15],[32,25],[13,16],[7,11],[5,10],[2,12],[3,31],[4,11],[9,19],[12,44],[2,7],[6,5],[13,27],[10,30],[18,32],[5,31],[6,19],[2,22],[3,8],[4,6],[8,6],[16,8],[17,3],[15,-6],[13,-18],[5,-20],[1,-28],[-3,-53],[-3,-13],[-8,-23],[-2,-9],[0,-21],[0,-6],[2,-4],[4,-9],[0,-5],[-2,-5],[-8,-9],[-2,-4],[0,-6],[0,-6],[-2,-5],[-7,-13],[-4,-11],[-5,-21],[-10,-20],[-15,-10],[-47,-10],[-20,-7],[-15,-13],[-18,-6],[-9,-6],[-14,-20]],[[2092,932],[-2,-10],[2,-8],[2,-9],[1,-11],[-1,-5],[-4,-8],[-1,-4],[0,-6],[0,-11],[0,-5],[-7,-15],[-13,-13],[-14,-10],[-21,-7],[-5,-5],[-3,-6],[-5,-3],[-7,0],[-11,-3],[-7,-1],[-15,-4],[-12,-12],[-10,-16],[-7,-19],[-3,0],[-5,9],[-9,3],[-21,1],[-3,3],[-3,7],[-1,8],[1,3],[5,2],[4,5],[4,10],[2,10],[2,31],[1,8],[15,29],[8,11],[6,5],[7,4],[9,3],[10,1],[8,3],[15,15],[9,7],[8,4],[7,1],[23,0],[6,2],[5,8],[6,15],[4,20],[4,11],[5,9],[8,2],[8,-6],[13,-15],[-4,-13],[-2,-10],[-3,-8],[-9,-7]],[[2077,991],[-11,-10],[-11,2],[0,4],[7,9],[4,14],[4,10],[10,-3],[4,-12],[-7,-14]],[[5972,9518],[-15,-7],[-13,-10],[-5,-9],[-6,-30],[-4,-6],[-11,-9],[-3,-6],[-5,-20],[-11,2],[-3,-2],[-1,-3],[-1,-4],[-1,-43],[-2,-6],[-9,-14],[-1,-4],[1,-5],[4,-4],[14,-9],[3,-4],[0,-4],[-5,-9],[-2,-9],[1,-29],[-9,-48],[12,-5],[0,-12],[-11,-72],[1,-12],[-27,-5],[-4,-22],[17,5],[-6,-31],[-21,-4]],[[5849,9068],[-16,5],[-1,-19],[-10,4],[-13,22],[-9,-2],[-5,-3],[-10,-13],[-10,-7],[-11,-4],[-11,5],[-5,-1],[-3,-3],[-6,-10],[-4,-14],[-1,-2],[-1,-2],[-1,0],[-2,0],[-2,1],[-5,-2],[-10,-8],[-6,0],[-13,12],[-4,1],[-9,-6],[-3,-12],[5,-38],[-5,-32],[5,-26]],[[5683,8914],[-20,-6]],[[5663,8908],[-44,41]],[[5619,8949],[-9,0],[-5,-21],[-32,12],[1,12],[0,3],[-1,3],[-8,10],[-6,4],[-11,4],[2,-13],[-30,-4],[-5,14],[-37,-11],[-14,2],[-6,13],[-4,5],[-5,0],[-2,-2],[-2,-4],[-1,-2],[-3,-1],[-5,0],[-2,-1],[-6,-5],[-2,0],[-40,19],[-70,-5],[-5,1],[-13,11],[-16,6],[-5,5],[-5,10],[-4,4],[-4,-1],[-9,-4],[-39,1],[-28,-11],[-15,10],[-15,4],[-26,-1],[-12,6],[-5,1],[-16,-2],[-6,2],[-35,22]],[[5058,9045],[6,6],[6,12],[5,6],[2,4],[1,5],[0,4],[0,9],[0,4],[1,5],[-2,6],[-7,7],[-15,10],[-22,20],[3,1],[2,2],[3,5],[2,4],[2,5],[1,11],[1,5],[-6,13],[-31,9],[-3,1],[-5,5],[-5,2],[-5,0],[-9,-3],[-4,-2],[-2,-2],[-1,-2],[-2,-1],[-5,-1],[-19,4],[-20,1]],[[4930,9200],[4,12],[0,11],[1,5],[8,18],[0,7],[-1,18],[2,5],[3,4],[4,2],[4,4],[1,4],[-2,4],[-3,3],[-3,5],[-2,5],[-2,8],[1,6],[2,5],[5,7],[2,2],[13,6],[10,10],[4,1],[4,-1],[4,0],[4,2],[5,5],[10,14],[14,17],[3,6],[2,7],[0,5],[-4,15],[1,8],[7,9],[2,5],[1,5],[4,6]],[[5709,9040],[7,5],[0,13],[-3,12],[-9,-2],[-8,-7],[0,-11],[5,-9],[8,-1]],[[8691,8626],[-10,-6],[-72,4],[-3,-1],[-3,-3],[-8,-13],[-4,-16],[1,-15],[-1,-5],[-5,-4],[-12,-4],[-6,-1],[-19,6],[-4,-1],[-1,-3],[0,-10],[0,-5],[-7,-15],[-10,-13],[-15,-5],[-4,-4],[-6,-17],[-5,-6],[-34,-8],[-5,1],[-12,9],[-4,1],[-2,-2],[-2,-2],[-3,-7],[-5,-6],[-21,0],[-10,-8],[-51,-12],[-11,2],[-12,11],[-3,2],[-4,-1],[-3,-4],[-4,-10],[-3,-4],[-5,-3],[-5,0],[-4,2],[-4,5],[-8,18],[-4,3],[-4,1],[-4,-2],[-3,-4],[-3,-30],[-21,1],[-11,-28]],[[8232,8414],[-3,14],[0,14],[11,27],[-2,10],[-4,9],[-6,6],[-7,4],[-4,1],[-1,12],[6,10]],[[8367,9320],[1,1],[0,10],[-3,10],[-5,6],[-7,3],[3,6],[2,3],[3,2],[-5,7],[6,18],[-1,13],[3,9],[10,4],[12,1],[8,-1],[15,-6],[8,-2],[9,1],[7,-1],[19,-12],[14,-5],[3,-3],[7,-8],[5,-2],[4,3],[5,3],[4,2],[4,-2],[7,-6],[4,-2],[38,-3],[9,-3],[8,-7],[4,-9],[3,-10],[5,-8],[8,-6],[5,0],[14,5],[55,-1],[11,-3],[-2,-8],[2,-3],[4,0],[4,-2],[8,-15],[8,-12],[8,-21],[6,-9],[-2,-3],[-2,-7],[-1,-6],[4,-2],[0,-2],[-8,-14],[-1,-7],[10,2],[8,-7],[1,-10],[-9,-7],[-2,0],[-8,-4],[13,-21],[0,-7],[5,-4],[27,-4],[4,1],[5,3],[3,3],[2,4],[2,3],[13,1],[15,2],[14,6],[5,17],[2,2],[1,1],[1,-1],[2,-2],[5,-2],[5,0],[5,3],[4,5],[2,-1],[1,-1],[0,-2],[0,-2]],[[4930,9200],[-14,-28],[-16,-11],[-5,-8],[-23,-63],[-24,50],[-6,5],[-23,7],[-18,-4],[-4,2],[-16,14],[-5,-7],[-46,-24],[-25,8],[-18,-3],[-43,30],[-16,1],[-1,-1],[-12,13],[-36,20],[-16,1],[2,19],[-1,6],[-2,6],[-14,14]],[[4548,9247],[17,35],[1,20],[2,7],[8,12],[0,9],[-5,6],[-15,5],[-8,6],[-21,25],[-1,9],[7,29],[-15,4]],[[4652,9961],[2,-3],[4,1],[4,2],[0,1],[0,3],[1,3],[3,2],[3,0],[8,4],[1,-9],[11,-21],[-1,-10],[4,2],[6,7],[3,9],[6,-2],[4,3],[4,5],[6,3],[18,-2],[5,-2],[37,-21],[18,-7],[28,-51],[21,-10],[-2,-3],[-1,-2],[-1,-1],[-3,-2],[0,-5],[6,-3],[4,2],[3,3],[6,3],[6,0],[9,-3],[17,-3],[27,1],[8,5],[7,-5],[8,-1],[5,-4],[1,-12],[-3,-7],[-5,-7],[-2,-9],[3,-8]],[[6152,8058],[1,15],[9,9],[10,-3]],[[6666,7692],[-1,6],[-1,2],[-8,5],[-18,-6],[-27,-16],[-18,-3],[-6,-2],[-5,1],[-8,7],[-15,-7],[-43,2],[-6,-6],[-3,-7],[-2,-3],[-4,-2],[-18,-5],[-3,-2],[-3,-2],[-3,-3],[-1,0],[-8,-3],[-7,-3],[-2,-2],[0,-9],[-1,-3],[-3,-2],[-11,-3],[-8,-6],[-5,-3],[-8,-1],[-5,-1],[-3,-2],[-3,-3],[-4,-5],[-6,-7],[-4,-2],[-7,-6],[-3,-4],[-6,-1],[-7,1],[-14,9],[-5,6],[-2,4],[4,4],[5,3],[28,9],[5,1],[2,2],[8,9],[2,2],[8,3],[7,6],[21,24],[6,3],[3,1],[5,4],[2,1],[1,3],[4,6],[1,2],[4,13],[1,3],[0,6],[0,3],[-2,3],[-4,5],[-22,11],[-8,1],[-7,2],[-7,1],[-11,-2],[-5,2],[-3,1],[-3,2],[-7,11],[-3,3],[-3,1],[-8,-2],[-4,0],[-4,4],[-3,3],[-2,3],[-2,2],[-21,5],[-15,8],[-23,8],[-6,3],[-4,3],[-2,5],[-3,4],[-3,3],[-4,3],[-10,4],[-4,1],[-4,-3],[-4,-3],[-6,-2],[-8,1],[-7,2],[-13,14],[-2,4],[-4,2],[-4,0],[-11,-7],[-11,-2],[-5,-4],[-3,-3],[-3,-7],[-4,-6],[-3,-3],[-6,-6],[-2,-1],[-2,0],[-6,8],[-7,3],[-4,3],[-3,4],[-3,8],[-1,4],[0,5],[1,9],[-1,4],[-2,4],[-2,2],[-3,1],[-2,-1],[-6,-9],[-2,-4],[-3,-4],[-13,-15],[-3,-5],[-4,-5],[-6,-5],[-13,-6],[-6,-4],[-4,-4],[-2,-4],[-5,-2],[-5,-1],[-7,2],[-10,7]],[[6223,8076],[13,20],[1,4],[18,27],[4,4],[9,5],[6,0],[5,-1],[3,-2],[4,0],[11,2],[2,1],[3,3],[1,5],[2,4],[4,9],[1,5],[0,9],[1,5],[2,4],[3,6],[1,5],[0,5],[-1,8],[0,5],[2,4],[6,11],[6,9],[4,6],[4,5],[5,4],[38,14],[4,2],[4,4],[6,10],[3,4],[2,5],[5,9],[4,6],[7,6],[19,14],[8,10],[8,10],[3,5],[3,4],[5,5],[14,9],[21,5]],[[6394,5630],[-12,4],[-16,6],[-22,-6],[-32,-10],[-42,13],[-11,-2],[-13,-12],[-39,-6],[-12,-2],[-79,7],[-8,-2],[-6,-6],[-12,-24],[-3,-5],[-6,-8],[-4,-9],[-2,-10],[-13,-24],[-28,-5],[-13,-26],[-15,-12],[-4,-3],[-10,-4],[-18,-5],[-19,1],[-51,7],[-10,1],[-5,-2],[-5,-4],[-31,-25],[-30,-3],[-21,-14],[-5,-2],[-17,-3],[-7,-2],[-5,-4],[-6,-9],[-13,-24],[0,-6],[-7,-23],[-4,-9]],[[5787,5796],[100,67],[7,13],[-20,13],[-4,8],[0,2],[2,1],[3,3],[5,1],[6,0],[18,-8],[4,1],[4,4],[3,9],[3,3],[4,-1],[19,-21],[8,3],[18,11],[7,9],[2,12],[-8,19],[7,9],[29,-2]],[[6778,4727],[-14,-6],[-9,11],[-1,17],[8,10],[12,-26],[4,-6]],[[7743,6228],[6,-23],[-9,12],[-2,18],[1,20],[-2,18],[2,0],[1,-1],[0,-2],[0,-1],[2,-3],[2,-6],[2,-4],[-4,-14],[1,-14]],[[7734,6317],[2,-25],[-2,-6],[-12,17],[-11,-33],[-6,-5],[-10,-4],[-3,-8],[1,-12],[15,-29],[4,-6],[14,-10],[11,-6],[8,-1],[4,8],[8,-6],[3,-7],[-1,-7],[-7,-6],[-3,-4],[-4,-3],[-4,0],[-4,3],[-4,-3],[-13,-5],[-7,-1],[-13,-8],[-16,0],[-6,-1],[-6,-3],[-11,-9],[-4,4],[-18,9],[-14,3],[-28,1],[-8,-1],[-7,-3],[-5,-5],[-3,-6],[2,-6],[5,-10],[-14,3],[-14,4],[-2,7],[-3,5],[-9,2],[-13,6],[-6,2],[-7,-8],[-2,-5],[-12,0],[-15,2],[-13,-7],[-7,-6],[-20,-21],[-8,-5],[-8,-2],[-3,-2],[-3,-3],[-4,-3],[-1,-3],[-1,-3],[-5,-20],[0,-5],[-4,-3],[-3,1],[-2,2],[-3,0],[-4,-2],[-9,-9],[-4,-2],[-7,-1],[-22,-11],[-10,-7]],[[7549,9139],[-6,-1],[-3,6],[1,7],[4,5],[6,3],[4,3],[2,-3],[0,-7],[-3,-8],[-5,-5]],[[7598,9159],[-4,-2],[-5,0],[-10,2],[-6,2],[-5,4],[0,6],[3,7],[1,4],[6,5],[3,1],[3,-1],[1,-4],[1,-8],[4,-2],[4,-5],[4,-3],[0,-6]],[[7670,9348],[-9,-4],[-12,-12],[-6,-4],[-5,-2],[-21,-6],[-3,-4],[-2,-4],[1,-5],[-1,-4],[-2,-8],[-2,-4],[-5,-3],[-9,0],[-4,1],[-27,-3],[-3,-4],[-1,-4],[0,-3],[0,-3],[-5,-3],[-3,0],[2,-2],[7,-3],[-1,-3],[-3,-3],[-11,-7],[-4,-6],[-4,-6],[-1,-5],[-3,-2],[-3,-2],[-4,-1],[-8,2],[-5,0],[-3,-3],[-3,-4],[-3,-6],[-2,-5],[-1,-4],[1,-4],[1,-4],[2,-4],[1,-2],[1,-4],[-4,-7],[-6,-11],[-12,-11],[-9,-16],[-3,-11],[-1,-7],[1,-5],[1,-3],[3,-2],[3,-4],[1,-4],[-2,-5],[-13,-16],[-9,-14],[-3,-8],[-2,-7],[0,-4],[-2,-10],[-2,-6],[-4,-9],[-1,-6],[-1,-5],[1,-4],[2,-5],[3,-4],[2,-4],[1,-4],[1,-5],[0,-13],[1,-5],[-1,-8],[1,-5],[3,-3],[6,-6],[2,-4],[2,-4],[1,-4],[2,-5],[3,-3],[4,-2],[4,-2],[4,0],[3,-2],[2,-6],[-2,-10],[-3,-6],[-9,-13],[-8,-14],[-6,-15],[-2,-4],[-2,-6],[-4,-7],[-5,-4],[-2,-6],[-3,-3],[-2,-2],[-3,2],[-8,2],[-4,0],[-13,5],[-3,0],[-4,-1],[-2,-1],[-7,-4],[-8,-1],[-4,-1],[-4,1],[-8,3],[-7,5],[-3,3],[-5,8],[-3,3],[-4,3],[-7,3],[-8,3],[-4,-1],[-9,-4],[-4,0],[-4,1],[-9,3],[-4,3],[-3,3],[-6,7],[-3,4],[-3,2],[-4,1],[-17,2],[-4,-1],[-5,3],[-1,1],[-1,0],[-1,1],[-5,-1]],[[7295,9690],[1,-2],[4,1],[6,2],[9,2],[9,4],[4,-1],[9,-4],[4,-3],[0,-3],[-1,-4],[0,-5],[4,-11],[2,-3],[5,-2],[5,-1],[6,1],[5,3],[2,5],[4,11],[6,4],[9,-1],[14,-4],[18,-10],[5,1],[5,2],[6,0],[12,-14],[2,-22],[-5,-25],[-7,-19],[-5,-8],[-18,-20],[-4,-6],[5,-13],[9,-9],[9,-6],[11,-3],[12,-1],[8,2],[4,9],[1,16],[3,12],[8,9],[10,4],[10,-3],[-10,-8],[-3,-8],[2,-8],[7,-9],[9,-5],[25,-5],[16,-9],[14,-12],[17,2],[4,-2],[7,-4],[3,-3],[16,-2],[7,-2],[5,-7],[16,-12],[17,-5],[35,-3],[35,6],[11,-4],[7,-18]],[[5058,9045],[-7,-9],[-1,-4],[-2,-8],[-2,-1],[-9,2],[-6,0],[-10,-2],[-7,-5],[-7,-5],[-15,-16],[-4,-6],[-2,-4],[-4,-16],[-4,-4],[-3,-3],[-4,-1],[-3,-4],[-11,-17],[-6,-6],[-2,-5],[1,-4],[3,-3],[3,-3],[4,-1],[9,0],[3,-2],[4,-7],[1,-2],[0,-3],[-8,-19],[-1,-5],[-1,-4],[2,-5],[0,-7]],[[4969,8866],[-4,2],[-10,-8],[-16,-7],[-14,6],[-14,13],[-14,9],[-6,-1],[-8,-5],[-7,-5],[-3,-4],[-1,-8],[3,-20],[-1,-10],[-5,-8],[-4,-6],[-15,-10],[-32,-11],[-8,-1],[-16,0],[-6,-1],[-6,-4],[-11,-13],[-6,-5],[-2,9],[-4,11],[-6,8],[-6,3],[-4,0],[-7,5],[-3,0],[-4,-3],[-1,-4],[0,-4],[-2,-4],[-7,-5],[-9,-4],[-10,-1],[-8,1],[-7,4],[0,6],[7,19],[-24,1],[-8,4],[-12,9],[-7,2],[-13,-6],[-27,-7],[-12,0],[-5,-1],[-2,-4],[-1,-4],[-3,-3],[-15,0],[-3,18],[-1,16],[-9,-3],[-2,-7],[-2,-11],[-4,-8],[-8,0],[-7,1],[-7,-3],[-5,-6],[-5,-7],[-14,-16],[-1,0],[-19,-6],[-38,3],[0,1],[2,15],[-1,8],[-4,5],[-15,6],[-6,11],[1,12],[4,11],[18,26],[12,14],[13,8],[7,6],[5,8],[1,11],[-3,9],[-7,7],[-9,4],[-9,-1],[-8,-4],[-7,-2],[-5,5],[-2,10],[2,26],[-4,10],[-4,6]],[[4419,8984],[17,12],[2,23],[6,22],[-31,-9],[-5,3],[-10,13],[-3,6],[0,7],[6,23],[-6,2],[-5,3],[-14,23],[0,4],[1,10],[-1,4],[-7,14],[-4,12],[2,33],[-1,4],[17,-1],[24,26],[15,5],[18,20],[12,-15],[36,2],[21,-6],[3,2],[9,16],[3,1],[12,-2],[12,6]],[[6276,8745],[-25,4],[-11,20],[-13,-5],[-39,4],[-8,-2],[-15,-14],[-9,-5],[-39,6],[-6,-2],[-10,-8],[-3,-1],[-9,2],[-14,9],[1,36],[-13,-10],[-23,-4],[-26,29],[-4,14],[-2,3],[-7,4],[-3,1],[-3,-1],[-8,-5],[-7,-6],[-9,-17],[-13,-16],[-14,-5],[-22,50],[-13,20],[-27,-10],[-9,12],[-17,-13],[-8,15],[15,30],[2,10],[1,3],[3,3],[4,1],[2,3],[1,5],[-2,13],[1,4],[7,11],[2,6],[1,7],[-2,36],[-45,2],[6,19],[-2,28],[7,37]],[[4419,8984],[-14,-10],[-8,-4],[-7,0],[-4,-1],[-4,-2],[-11,-11],[-8,-4],[-68,-12],[-9,-3],[-15,-11],[-8,-4],[-16,0],[-8,-2],[-8,-6],[-3,-6],[-5,-13],[-4,-6],[-9,-7],[-11,-3],[-10,-6],[-5,-3],[-5,-11],[-7,-9],[-8,-7],[-9,-3],[-8,-5],[-7,-9],[-7,-6],[-7,3],[1,8],[-9,121],[2,10],[4,5],[18,0],[8,3],[4,5],[-3,5],[-8,4],[-2,4],[2,2],[12,7],[1,2],[1,6],[2,6],[5,3],[2,1],[8,11],[24,19],[6,2],[2,2],[14,14],[8,3],[9,6],[3,4],[1,5],[0,19],[0,4],[-2,0],[-4,-1],[-6,-7],[-5,-11],[-6,-11],[-11,-5],[-9,-2],[-24,-12],[-5,-5],[-5,-1],[-23,1],[-9,-3],[2,8],[4,14],[0,8],[3,0],[6,-9],[3,4],[0,20],[-1,5],[-1,3],[2,2],[6,1],[16,-4],[2,2],[4,8],[16,20],[8,8],[15,10],[6,6],[3,9],[-4,-2],[-3,0],[-5,2],[-4,-1],[-1,0],[-1,-1],[-10,-6],[-11,-9],[-6,-4],[-10,-3],[-14,-1],[-14,2],[-11,6],[-4,7],[-2,12],[-3,7],[-6,3],[-15,3],[-3,2],[3,6],[8,6],[9,3],[7,2],[5,-2],[4,-5],[0,-6],[-6,-4],[4,-2],[6,-3],[7,-1],[4,2],[2,6],[-1,7],[0,7],[5,5],[-5,21],[-1,11],[2,9],[4,8],[5,5],[6,1],[6,8],[16,38],[4,14]],[[5722,8382],[12,9],[4,0],[4,-2],[6,-10],[3,-4],[6,-1],[10,0],[6,-2],[22,-21]],[[5018,7823],[0,6],[1,4],[3,4],[19,15],[4,4],[8,15],[-15,15],[-10,18],[-3,20],[8,22],[11,16],[1,7],[-2,11],[-5,8],[-5,6],[-4,6],[-1,11],[3,10],[10,20],[3,10],[0,8],[-1,11],[-3,21],[-6,20],[-1,9],[0,11],[1,7],[1,3],[1,3],[-2,7],[0,4],[0,16],[8,2],[1,8],[-2,8],[-5,4],[-6,2],[-4,5],[-4,13],[-9,25],[-6,11],[-14,16],[-5,7],[-1,8],[5,8],[2,11],[9,5],[28,-2],[12,1],[6,7],[17,27],[4,11],[-1,16],[2,4],[5,8],[16,14],[3,5],[3,9],[16,25],[5,6],[8,2],[29,0],[4,3],[26,12],[6,5]],[[5192,8457],[71,-14],[86,-51],[9,9],[23,-2],[11,-5],[3,-3],[1,-4],[0,-5],[-2,-8],[0,-2],[9,-9],[3,-1],[4,1],[5,7],[2,1],[3,0],[1,-4],[2,-4],[1,-4],[6,-2],[6,2],[5,4],[3,7],[0,4],[-2,7],[-1,16],[2,10],[4,7],[8,1],[35,-11],[44,7],[17,11],[6,-1],[13,-18],[9,-4],[27,-1],[24,-19],[39,5],[3,-23],[2,-1],[15,-1],[3,-2],[9,-12],[3,-2],[4,-1],[5,0],[4,2],[2,3],[1,4],[2,31]],[[125,96],[-18,-34],[-1,-4],[1,-3],[0,-4],[-2,-4],[-2,-2],[-2,-1],[-2,-2],[-1,-3],[-2,-4],[-3,-3],[-3,-4],[-2,-6],[-1,-14],[-4,-8],[-6,0],[-10,7],[-6,9],[-4,8],[-6,6],[-33,6],[-9,5],[-6,9],[-3,21],[12,7],[19,-2],[18,-5],[7,5],[17,21],[3,6],[1,6],[2,3],[9,6],[16,12],[8,-2],[8,-5],[6,-8],[2,-8],[-3,-11]],[[427,238],[-12,-5],[-11,4],[-23,18],[-15,27],[0,22],[2,23],[13,23],[22,6],[21,-7],[19,-15],[24,-22],[5,-14],[3,-14],[-7,-12],[-9,-7],[-13,-16],[-10,-8],[-9,-3]],[[911,576],[-5,-18],[-13,-12],[-33,-22],[-7,-17],[-9,-11],[-13,-16],[-12,-12],[-8,-4],[-6,-7],[-5,-11],[0,-13],[3,-11],[1,-6],[-2,-6],[-4,-5],[-4,-5],[-3,-14],[-14,-34],[-4,-27],[0,-11],[-6,-10],[-7,-11],[-29,-36],[-6,-13],[-5,-8],[-15,4],[-24,-11],[-10,-5],[-9,-4],[-7,1],[-5,9],[-1,6],[1,7],[-4,2],[-3,4],[-2,5],[-1,12],[0,4],[-7,10],[-17,21],[-3,10],[-3,13],[-7,10],[-7,9],[-5,8],[-3,27],[-2,6],[-6,12],[-5,14],[-15,19],[-4,12],[11,9],[24,14],[9,-5],[10,-9],[5,-2],[6,0],[12,5],[10,6],[15,6],[10,5],[9,-3],[17,2],[9,1],[9,9],[11,1],[5,3],[10,1],[9,9],[20,23],[9,9],[3,6],[1,9],[2,3],[8,6],[4,3],[7,6],[10,2],[9,4],[2,12],[8,-4],[43,-1],[27,12],[11,-7]],[[134,742],[11,-3],[18,8],[8,-4],[8,-8],[4,-7],[-1,-12],[3,-15],[4,-10],[9,-6],[0,-11],[-13,-19],[-6,-14],[3,-12],[5,-23],[-3,-11],[-3,-16],[-10,-18],[-9,-24],[-8,-21],[-5,-13],[-2,0],[-3,6],[-10,7],[-3,12],[-3,30],[-5,7],[-4,10],[-9,16],[-2,13],[-17,33],[-2,16],[-2,10],[-2,9],[-7,7],[-5,7],[3,18],[11,21],[16,17],[11,9],[9,-7],[11,-2]],[[6498,8627],[3,-13],[2,-5],[3,-5],[19,-11],[3,1],[8,4],[3,0],[6,-4],[4,-4],[1,-3],[2,-15],[1,-3],[2,-2],[14,-9],[15,-3],[4,-2],[1,-3],[0,-3],[-4,-27],[1,-10],[5,-7],[60,-47]],[[5983,8366],[23,27],[0,14],[31,35],[-12,12],[4,14],[18,-11],[10,10],[28,-17],[1,7],[-1,4],[-9,16],[-1,4],[-1,14],[-8,28],[13,0],[35,20],[19,-2],[18,8],[32,0],[38,16],[14,2],[53,21],[7,8],[4,8],[4,27]],[[5303,5733],[4,0],[13,18],[-9,-6],[-11,-5],[-12,-1],[-8,8],[-19,-8],[-6,-5]],[[7247,8861],[2,-30],[7,-20],[9,-14],[0,-5],[-1,-5],[-1,-5],[-2,-4],[-3,-4],[-5,-9],[-1,-6],[1,-5],[3,-3],[8,-12],[3,-8],[1,-5],[3,-3],[3,-2],[5,-6],[-2,-8],[-2,-6],[-3,-6],[-3,-10],[-4,-6],[-4,-2],[-4,0],[-5,-1],[-4,-2],[-5,-6],[-4,-4],[-9,-5],[-7,-9],[-3,-4],[-3,-3],[-3,-1],[-9,3],[-3,1],[-3,0],[-2,0],[-3,-2],[-2,-2],[-3,-4],[-2,-4],[1,-4],[1,-4],[2,-3],[3,-17],[-1,-22],[1,-10],[3,-7],[3,-4],[3,-4],[1,-6],[3,-26],[-2,-3],[-4,-1],[-4,-1],[-5,-2],[-7,-4],[-8,-6],[-4,-2],[-3,0],[-3,2],[-2,4],[0,4],[1,6],[0,4],[-1,5],[-2,3],[-3,3],[-8,3],[-13,2],[-5,-3],[-2,-4],[-2,-5],[0,-5],[0,-5],[-1,-5],[-3,-14],[-2,-5],[-3,-4],[-3,-2],[-3,-1],[-3,-3],[-3,-4],[-2,-11],[-1,-21],[4,-8],[2,-4],[1,-4],[3,-23],[1,-23],[2,-5],[3,-3],[4,-1],[8,-2],[4,0],[4,-1],[4,-2],[10,-8],[4,-5]],[[8794,8389],[-38,-3],[-112,-44],[-31,-8],[-3,-3],[-8,-14],[-2,-5],[-2,-4],[-5,-2],[-10,7],[-4,1],[-19,-1],[-19,-3],[-17,-8],[-12,-8],[-50,-52],[-24,-35],[-49,-52],[-8,-18],[12,-7],[12,-6],[6,1],[2,3],[-2,4],[-6,5],[8,0],[6,-4],[5,-5],[11,-14],[11,-10],[5,0],[9,-3],[0,-13],[-7,-13],[-4,-6],[-29,-9],[-12,-12],[-22,-36],[-13,-12],[-13,-5],[-14,-2],[-11,18],[22,3],[10,-8],[14,10],[17,27],[-9,1],[-14,-1],[-37,-13],[-8,-6],[-8,-8],[-6,-11],[-11,-29]],[[8149,8103],[-3,8],[3,2],[24,15],[3,4],[4,8],[8,11],[3,4],[2,4],[0,5],[-5,11],[-1,5],[-1,6],[0,5],[-3,10],[1,6],[1,5],[2,5],[1,4],[1,4],[6,9],[1,6],[3,4],[2,15],[-7,22],[-7,6],[-7,3],[-7,6],[-5,17]],[[8168,8313],[-2,9],[-2,3],[-1,5],[0,4],[1,5],[1,5],[2,3],[5,3],[4,0],[4,1],[2,3],[2,3],[3,3],[8,2],[4,2],[3,4],[3,4],[3,11],[0,5],[1,5],[2,5],[4,4],[6,5],[6,2],[4,3],[1,2]],[[7720,7575],[-24,-14],[-6,-1],[-8,-1],[-5,2],[-4,3],[-2,3],[0,5],[0,5],[0,4],[-1,4],[-2,4],[-1,4],[0,4],[1,4],[1,4],[1,5],[-2,5],[-6,8],[-22,11],[-8,3],[-4,1],[-8,-2],[-16,1],[-11,-2],[-8,-3],[-4,-1],[-11,-3],[-7,5]],[[7555,7658],[11,3],[21,11],[3,3],[3,3],[1,5],[0,4],[-2,4],[-6,7],[-14,13],[-11,8],[-29,3],[-9,5],[-3,3],[-1,4],[0,3],[-1,3],[-2,2],[-3,2],[-3,3],[-3,4],[-2,4],[-4,9],[-3,8],[-1,3],[-3,1],[-6,-5],[-3,-4],[-1,-6],[2,-9],[0,-5],[-3,-4],[-8,-4],[-9,-2],[-14,0],[-24,6]],[[7351,8237],[30,-2],[13,6],[14,1],[9,-4],[4,1],[4,5],[3,7],[0,7],[-3,13],[-1,7],[3,5],[10,4],[3,3],[2,4],[4,11],[2,4],[5,4],[5,2],[5,0],[5,-2],[13,-10],[27,0],[5,4],[2,7],[-2,6],[-2,6],[-2,6],[0,4],[5,13],[4,3],[5,2],[9,1],[21,-10],[4,0],[16,9],[6,12],[2,2],[2,1],[6,-1],[38,-27],[1,-7],[2,-4],[3,-3],[15,-8],[4,0],[3,2],[24,29],[27,-23],[4,-1],[6,2],[4,5],[9,31],[4,5],[5,1],[5,-4],[21,-27],[37,49],[-15,29],[8,6],[-2,38],[1,7],[4,3],[4,0],[4,-4],[30,-53],[4,-4],[3,1],[3,6],[1,4],[0,3],[-6,17],[-17,30],[-2,7],[1,6],[5,4],[26,1],[3,-2],[3,-4],[2,-11],[2,-3],[2,-2],[9,-1],[2,-2],[5,-10],[11,-16],[30,-19],[11,9],[20,-25],[103,-50],[8,-8],[17,-42],[9,-3],[2,2],[4,9],[2,3],[2,1],[4,2],[21,0],[11,-6],[10,-1],[22,3]],[[7986,7474],[-3,-6],[-1,-15],[-3,-10],[-5,-8],[-10,-13],[-6,-9],[-6,-11],[-2,-10],[-3,-8],[-14,-22],[-5,-11],[-3,-22],[1,-31],[3,-26],[9,-41],[28,-66],[5,-10],[5,-11],[-5,-4],[-7,-6],[3,-11],[4,-22],[8,-21],[11,-22],[12,-25],[16,-32],[7,-9],[16,-14],[17,-19]],[[5663,8908],[-7,-40],[-21,11],[6,14],[-16,31],[-6,25]],[[5722,8382],[-16,-2],[-7,10],[14,15],[5,9],[2,12],[-2,25],[-2,8],[-9,17],[-2,6],[-1,9],[4,33],[-3,4],[-3,3],[-2,7],[-1,10],[1,10],[3,9],[5,7],[6,4],[19,3],[4,3],[12,13],[-27,21],[-2,6],[2,5],[3,5],[1,5],[-1,5],[-14,6],[-4,10],[-2,25],[-4,10],[-15,20],[-9,26],[49,32],[-10,23],[-2,13],[1,13],[3,10],[1,8],[-4,14],[0,7],[11,15],[-43,38]],[[6672,9731],[9,-3],[8,-1],[10,8],[14,-9],[22,-20],[0,5],[-5,15],[-1,8],[-3,4],[0,3],[2,3],[6,2],[5,6],[20,12],[7,2],[0,5],[-3,0],[0,3],[7,5],[11,1],[23,-1],[21,2],[9,4],[8,3],[6,-1],[9,-8],[9,-8],[3,-7],[6,-16],[1,-13],[2,3],[4,11],[0,3],[0,4],[0,3],[2,3],[6,1],[5,-2],[5,-2],[14,-2],[25,-12],[20,-4],[10,-4],[8,-13],[26,-12]],[[5192,8457],[8,7],[15,16],[14,23],[1,1],[6,-1],[2,0],[1,4],[0,5],[0,3],[-1,1],[5,4],[7,3],[13,1],[0,5],[17,29],[1,4],[-2,4],[0,5],[3,6],[11,13],[22,33],[-5,6],[-6,9],[-19,21],[-20,13],[-22,8],[-36,8],[-6,0],[-3,-2],[-3,-4],[-6,-5],[-6,-3],[-5,-1],[-13,5],[-6,9],[-2,13],[-1,11],[-2,6],[-3,5],[-1,6],[2,5],[3,6],[2,5],[11,51],[5,12],[-11,4],[-8,1],[-4,4],[4,27],[-2,10],[-6,8],[-11,4],[-6,-13],[-15,-5],[-31,-1],[-14,4],[-16,26],[-13,3],[-3,-19],[-11,-7],[-27,-2],[-13,3],[-11,9],[-6,3]]],"transform":{"scale":[0.00225065638073807,0.0016152819708970863],"translate":[-18.16722571499986,27.64223867400007]},"bbox":[-18.16722571499986,27.64223867400007,4.337087436000104,43.79344310100004]}