{"type":"Topology","objects":{"subunits":{"type":"GeometryCollection","geometries":[{"type":"Polygon","id":"Amhara","arcs":[[0,1,2,3,4]]},{"type":"Polygon","id":"Tigray","arcs":[[5,-5,6]]},{"type":"Polygon","id":"Afar","arcs":[[7,8,-1,-6,9]]},{"type":"Polygon","id":"Southern Nations, Nationalities and Peoples","arcs":[[10,11,12]]},{"type":"Polygon","id":"Gambela Peoples","arcs":[[-12,13,14]]},{"type":"Polygon","id":"Oromiya","arcs":[[-9,15,16,17,18,-13,-15,19,20,-2],[21],[22],[23],[24],[25]]},{"type":"MultiPolygon","id":"Benshangul-Gumaz","arcs":[[[-25]],[[-24]],[[-22]],[[-21,26,-3]]]},{"type":"Polygon","id":"Addis Ababa","arcs":[[-23]]},{"type":"Polygon","id":"Somali","arcs":[[-18,27,-16,-8,28]]},{"type":"Polygon","id":"Dire Dawa","arcs":[[-17,-28]]},{"type":"Polygon","id":"Harari People","arcs":[[-26]]}]}},"arcs":[[[4529,7773],[-11,-41],[-1,-9],[0,-9],[1,-12],[4,-26],[17,-45],[6,-23],[0,-13],[-2,-11],[1,-10],[12,-24],[5,-12],[2,-12],[1,-14],[0,-25],[1,-12],[3,-13],[5,-11],[3,-7],[5,-8],[16,-12],[2,-4],[-6,-84],[1,-24],[4,-18],[24,-55],[12,-18],[14,-15],[14,-9],[4,-3],[2,-6],[4,-19],[4,-44],[7,-20],[28,-60],[6,-20],[6,-48],[0,-26],[-2,-25],[21,-29],[12,-14],[10,-18],[27,-63],[7,-22],[4,-24],[2,-41],[3,-30],[0,-16],[-2,-16],[-5,-12],[-38,-74],[17,-23],[7,-24],[-1,-23],[-7,-23],[-19,-44],[-6,-19],[0,-19],[8,-23],[21,-33],[4,-11],[0,-19],[-7,-43],[0,-21],[15,-63],[1,-5],[0,-6],[-3,-17],[-7,-19],[-4,-17],[-7,-111],[-2,-15],[-12,-41],[-3,-24],[2,-22],[4,-23],[2,-24],[-1,-17],[-5,-5],[-10,1],[-15,5],[-14,3],[-17,1],[-15,-5],[-11,-11],[-7,-22],[1,-18],[8,-16],[15,-14],[20,-15],[14,-13],[6,-19],[-1,-33],[-5,-19],[-19,-34],[-6,-17],[-18,-30],[0,-12],[3,-10],[5,-9],[3,-11],[-9,-24],[-26,0],[-56,20],[-27,-9],[2,-35],[24,-82],[2,-45],[-4,-44],[-13,-39],[-24,-32],[-14,-13],[-10,-13],[-2,-14],[10,-15],[7,-3],[18,-6],[9,-6],[23,-24],[0,-41],[-18,-40],[-23,-38],[-15,-35]],[[4550,4997],[-30,-31],[2,-177],[-7,-25],[-20,-17],[-69,-32],[-23,-17],[-32,-30],[-14,-4],[-17,12],[-24,47],[-20,10],[-10,-5],[-34,-44],[-15,-2],[-12,4],[-8,8],[-5,9],[-17,48],[-1,14],[2,17],[-3,50],[58,120],[8,29],[-2,26],[-14,13],[-35,9],[-14,15],[-9,29],[-6,32],[-2,24],[4,8],[11,1],[16,-1],[58,5],[8,5],[33,31],[17,4],[23,-11],[1,1],[-39,52],[-4,8],[2,21],[-14,10],[-19,5],[-16,-1],[-24,6],[-22,37],[-24,55],[-32,61],[-77,44],[-122,32],[-42,27],[-22,35],[-12,39],[-5,42],[-1,44],[-1,6],[-13,23],[-7,9],[-7,7],[-5,4],[-43,21],[-13,16],[-1,26],[27,-7],[25,7],[44,31],[9,12],[28,175],[1,32],[-12,13],[-77,17],[-156,-10],[-6,-7],[-4,-8],[-17,-94],[-5,-10],[-6,-7],[-6,-3],[-3,-5],[0,-12],[5,-18],[0,-9],[-1,-10],[-9,-17],[-15,-9],[-17,-4],[-16,1],[-17,5],[-7,1],[-7,-2],[-18,-9],[-19,-5],[-5,-5],[-2,-3],[-5,-17],[-1,-2],[-17,-22],[-6,-4],[-6,-4],[-40,-14],[-94,-57],[-31,-28],[-7,-4],[-12,-1],[-6,-1],[-5,-4],[-4,-5],[-6,-11],[-6,-8],[-47,-34],[-6,-2],[-5,1],[-6,2],[-6,1],[-10,-3],[-18,-13],[-11,0],[-62,60],[-11,15],[-3,11],[-16,23],[-13,24],[-9,9],[-64,37],[-23,9],[-23,3],[-10,-5],[-3,-11],[-2,-12],[-7,-10],[-7,-2],[-6,5],[-4,7],[-4,8],[-2,10],[0,19],[-1,10],[-6,9],[-10,6],[-12,4],[-8,0],[-8,-2],[-4,0],[-5,1],[-6,5],[-16,21],[-9,29],[8,27],[10,24],[-2,24],[-10,6],[-45,1],[-13,5],[-13,10],[-19,20]],[[2706,6011],[-96,24],[-27,13],[-14,4],[-31,2],[-7,2],[-6,5],[-5,5],[-3,6],[-4,4],[-6,0],[-16,-6],[-6,0],[-76,9],[-31,-1],[-13,6],[-9,17],[-1,15],[1,16],[0,15],[-7,12],[-7,4],[-8,-1],[-32,-21],[-16,2],[-16,13],[-15,22],[-13,28],[-10,37],[-5,48],[43,128],[-9,15],[-15,0],[-13,-6],[-9,-11],[-6,-18],[-2,-1],[-1,16],[-1,24],[2,26],[17,49],[0,12],[1,14],[9,18],[11,18],[11,14],[34,34],[19,26],[16,38],[-20,55],[3,10],[5,16],[-1,18],[-4,18],[-1,15],[6,20],[12,21],[11,26],[1,34],[-40,53],[-11,9],[-16,18],[5,18],[14,17],[8,14],[-2,7],[-38,77],[-23,29],[-8,16],[-3,78],[4,58],[-5,9],[-16,-7],[-25,-23],[-27,-30],[-28,-38],[-12,-10],[-14,-3],[-13,8],[-10,40],[-5,44],[-7,20],[-16,25],[-23,50],[-3,5],[-29,30],[-8,12],[-8,23],[-6,10],[-17,12],[-3,4],[-11,4],[-18,0],[-17,3],[-7,12],[-2,5],[-6,1],[-21,0],[-27,3],[-5,-4],[-18,-57],[-10,-19],[-85,-85],[-16,-22],[-14,-14],[-14,-3],[-18,2],[-19,-4],[-38,-15],[-14,0],[-16,10],[-17,19],[-18,25],[-26,78],[-17,19]],[[1507,7453],[0,4],[2,8],[6,8],[25,19],[13,19],[5,20],[7,48],[12,38],[5,10],[7,7],[14,10],[7,7],[6,12],[2,11],[2,24],[7,25],[125,268],[6,9],[6,3],[13,1],[6,3],[6,10],[3,9],[1,9],[4,22],[0,5],[3,2],[9,6],[1,0],[17,8],[201,37],[6,0],[8,-2],[4,-2],[4,-4],[6,-4],[18,-7],[11,6],[5,17],[14,97],[-1,21],[-2,13],[-16,34],[-1,20],[8,15],[10,12],[6,13],[0,8],[-2,7],[-6,14],[-1,17],[65,286],[99,183],[6,25],[2,49],[3,17],[28,88]],[[2302,9038],[9,-9],[47,-132],[9,-14],[11,0],[88,-29],[13,-6],[74,-88],[37,-29],[16,-24],[12,-6],[78,-14],[14,-1],[10,8],[7,10],[37,25],[4,2],[15,4],[21,3],[17,-5],[19,-11],[18,-15],[11,-16],[6,-7],[9,-3],[116,-4],[19,5],[93,56],[10,10],[10,14],[6,16],[16,61],[16,15],[26,0],[74,-23],[89,-56],[22,-5],[9,4],[13,9],[13,11],[7,10],[10,15],[24,-2],[34,-7],[39,-2],[66,12],[13,8],[11,14],[6,14],[7,13],[11,6],[8,-2],[6,-10],[5,-15],[3,-19],[-20,-60],[4,-4],[56,19],[15,8],[11,3],[13,1],[48,-6],[1,-6],[9,-27],[5,-37],[4,-16],[11,-6],[17,-10],[149,-189],[17,-27],[4,-28],[-1,-16],[2,-21],[3,-20],[5,-13],[9,-7],[11,-3],[34,1],[73,17],[13,-7],[6,-17],[2,-27],[5,-28],[8,-31],[6,-38],[-1,-49],[-49,-115],[-4,-29],[5,-30],[28,-88],[7,-96],[3,-20],[6,-23],[10,-22],[12,-12],[6,-2],[49,3],[1,3],[2,19],[20,7],[84,-4],[6,-14],[2,-18],[-1,-19],[-4,-13],[1,-3],[60,46],[7,2],[48,4],[23,4],[22,8]],[[4676,9629],[-5,-3],[-6,-5],[1,-8],[1,-11],[-1,-23],[-1,-3],[-4,-11],[-5,-8],[-2,-2],[-2,-1],[-18,-3],[-50,7],[-27,10],[-11,2],[-47,-12],[-21,-15],[-18,-19],[-5,-9],[0,-7],[16,-10],[41,4],[10,-12],[-2,-11],[-30,-42],[-17,-45],[-3,-15],[5,-6],[9,0],[12,0],[11,-4],[10,-8],[-22,-31],[-3,-7],[5,-16],[9,-1],[11,6],[8,2],[8,-9],[5,-16],[2,-18],[1,-15],[-3,-32],[0,-12],[4,-10],[10,-10],[2,-7],[2,-6],[0,-5],[1,-51],[-13,-81],[-3,-38],[6,-31],[9,-31],[6,-43],[-4,-38],[-19,-15],[-25,15],[-6,-11],[-16,-67],[1,-22],[11,-35],[2,-22],[-2,-21],[-14,-88],[2,-12],[4,-14],[2,-3],[10,-14],[4,-4],[7,-4],[2,-2],[4,-10],[10,-66],[4,-9],[8,-12],[1,-5],[-4,-15],[-7,-15],[-9,-11],[-8,-2],[3,-41],[-1,-17],[-3,-25],[0,-19],[-2,-10],[-4,-14],[1,-4],[20,-21],[10,-7],[15,-2],[13,-5],[11,-14],[17,-34],[4,-29],[-3,-41],[-8,-40],[-10,-25],[-23,-31],[-14,-33],[-8,-36],[-3,-43],[2,-15],[10,-27],[2,-18],[-1,-20],[-1,-20],[-6,-17],[-12,-14]],[[2302,9038],[12,38],[-2,43],[-12,44],[-3,21],[-1,22],[3,19],[60,237],[13,0],[5,17],[8,9],[12,3],[14,1],[9,2],[21,13],[13,3],[30,0],[6,2],[11,8],[6,2],[46,0],[21,-4],[44,-16],[22,-4],[4,-3],[12,-21],[5,-5],[5,-4],[6,-2],[7,-1],[4,2],[10,10],[5,0],[12,-1],[5,1],[9,7],[7,11],[5,14],[2,19],[0,21],[2,17],[6,18],[10,18],[19,19],[23,6],[49,-1],[15,7],[9,1],[16,-17],[13,-10],[25,-46],[10,-13],[3,-7],[1,-13],[0,-20],[1,-9],[10,-8],[27,-28],[3,-5],[5,-17],[3,-22],[4,-9],[9,-5],[7,-1],[6,-4],[6,-7],[2,-8],[0,-23],[4,-14],[6,-11],[12,-9],[8,9],[24,74],[38,117],[42,127],[43,131],[44,133],[27,83],[11,-13],[8,-15],[13,-32],[3,-3],[7,-1],[2,-3],[0,-3],[0,-10],[0,-2],[3,-7],[1,-5],[3,-5],[8,-1],[6,-6],[2,-7],[0,-8],[4,-8],[6,-6],[72,-38],[12,-3],[38,9],[16,-2],[10,-5],[7,-11],[4,-13],[1,-4],[4,-24],[3,-8],[6,-8],[8,-5],[7,-7],[4,-11],[7,-34],[5,-15],[8,-13],[10,-10],[36,-25],[6,-6],[4,-19],[4,-8],[8,-8],[5,-1],[6,2],[33,0],[51,8],[25,8],[41,27],[13,0],[12,-6],[12,-1],[13,1],[12,4],[40,21],[30,4],[12,11],[22,25],[28,17],[14,11],[9,16],[2,16],[-1,16],[1,14],[9,11],[1,-3],[24,-3],[19,-6],[6,-3],[15,-12],[13,-16],[12,-18],[9,-18],[19,-73],[14,-32],[17,0],[14,30],[9,11],[17,3],[36,-8],[13,1],[54,20],[28,17],[12,20],[5,17],[11,0],[14,-9],[10,-11],[13,-21],[4,-5],[4,-3],[34,-13],[18,-2],[31,7],[8,2],[21,0],[20,-8],[18,-15],[35,-39],[10,-6],[13,-2],[13,4],[21,22],[12,4],[13,-3]],[[5855,6610],[-7,-4],[-12,-9],[-12,-7],[-20,-2],[-266,2],[-14,-6],[-14,-18],[-5,-22],[-2,-23],[-5,-23],[-18,-40],[-52,-65],[-23,-36],[-6,-18],[-1,-16],[3,-36],[0,-24],[-96,-474],[1,-22],[5,-22],[11,-13],[30,-15],[6,-12],[-10,-19],[-84,-95],[-37,-53],[-59,-118],[-10,-33],[-12,-63],[-6,-61]],[[5140,5263],[-17,-23],[-19,-13],[-21,-7],[-55,-11],[-22,-13],[-20,-21],[-22,-28],[-17,-29],[-46,-95],[-9,-15],[-42,-53],[-5,-13],[-2,-14],[-1,-19],[-8,-27],[-14,-17],[-18,-15],[-22,-2],[-24,-55],[-13,-17],[-41,-37],[-8,4],[-4,19],[16,58],[0,38],[-12,17],[-22,5],[-29,1],[2,17],[-3,10],[-6,7],[-6,10],[-3,16],[-5,38],[-5,14],[-14,10],[-18,0],[-35,-6]],[[4676,9629],[16,-3],[9,0],[33,12],[12,1],[60,-19],[29,-15],[26,-20],[51,-60],[46,-54],[38,-25],[71,-44],[19,-7],[60,-11],[46,-22],[40,-37],[70,-101],[70,-102],[52,-117],[47,-107],[21,-25],[90,-74],[115,-95],[70,-73],[51,-54],[26,-34],[23,-38],[21,-45],[52,-144],[35,-62],[52,-43],[38,-20],[37,-27],[32,-35],[43,-95],[55,-95],[32,-43],[-41,-69],[-20,-57],[-89,-156],[-10,-32],[-5,-10],[-16,-10],[-7,-11],[-27,-64],[-55,-101],[-26,-46],[-7,-10],[-10,-9],[-9,-6],[-7,-3],[-6,-5],[-4,-12],[-6,-11],[-27,-15],[-9,-9],[-11,-27],[-9,-66],[-20,-79],[1,-48],[17,-100],[8,-95],[-2,-167],[-4,-38],[-12,-24],[4,-6]],[[2441,896],[-4,1],[-10,8],[-6,1],[-104,-3],[-124,-3],[-9,2],[-12,7],[-6,3],[-7,0],[-23,-4],[-98,-2],[-2,0],[-16,5],[-14,12],[-26,30],[-12,10],[-4,12],[0,15],[2,17],[-1,17],[-8,20],[-2,15],[-91,127],[-16,36],[-6,42],[3,182],[4,12],[25,42],[6,17],[-1,18],[-6,21],[-13,33],[-2,17],[5,20],[18,34],[-4,8],[-36,19],[-44,35],[-17,6],[-12,-4],[-12,-7],[-16,-5],[-16,6],[-29,30],[-15,12],[-12,4],[-14,2],[-14,0],[-12,-3],[-15,-12],[-27,-39],[-15,-14],[-16,-3],[-12,8],[-10,14],[-22,45],[-3,8],[1,11],[5,9],[5,9],[4,10],[-2,11],[-5,17],[-26,27],[-53,41],[-30,29],[-7,16],[-6,51],[-9,23],[-54,100],[-7,19],[-1,12],[1,9],[2,10],[2,12],[-3,10],[-10,16],[-4,9],[0,10],[3,10],[7,19],[-1,10],[-6,46],[-5,17],[-12,19],[-12,15],[-11,16],[-13,43],[-24,53],[-3,18],[0,51],[-5,22],[-26,60],[-6,17],[-5,51],[-15,49],[-7,35],[-7,36],[-4,4],[-8,12],[-4,16],[-4,9],[-45,39],[-12,6],[-14,2],[-29,1],[-11,3],[-8,8],[-5,36],[0,4],[-3,9],[-1,5],[1,1],[6,5],[2,3],[-1,17],[-3,15],[-4,13],[-6,12],[-43,39],[-95,29],[-2,4],[-4,2],[-5,4],[-3,15],[-3,6],[-28,26],[-6,11],[-5,5],[-5,2],[-5,9],[-2,19],[0,10]],[[804,3219],[15,8],[20,-14],[19,-22],[16,-15],[17,-2],[17,6],[32,17],[25,7],[26,0],[25,-8],[20,-17],[18,-18],[19,-12],[21,-5],[22,1],[21,5],[16,8],[13,14],[17,19],[19,18],[19,11],[21,6],[23,1],[41,-2],[17,6],[9,21],[13,-6],[15,5],[15,11],[9,15],[12,-15],[17,-12],[17,-10],[16,-6],[16,1],[29,17],[16,4],[38,-10],[16,3],[5,21],[-2,7],[-6,16],[-2,9],[1,9],[2,18],[0,9],[2,13],[8,22],[0,12],[0,12],[1,12],[13,60],[2,18],[-5,18],[-11,14],[-46,32],[-7,11],[7,26],[-6,16]],[[1517,3604],[-13,77],[-1,42],[9,25],[12,11],[17,31],[27,23],[3,17],[0,19],[8,18],[4,2],[12,0],[7,2],[16,14],[4,4],[11,10],[10,1],[11,-2],[14,6],[29,-1],[7,-20],[4,-17],[7,-14],[18,-10],[14,0],[15,8],[26,22],[8,6],[14,6],[21,5],[5,2],[10,10],[14,15],[12,18],[4,15],[-4,13],[-10,13],[-23,21],[-12,17],[0,16],[15,30],[10,14],[14,6],[16,0],[16,-2],[15,-4],[8,-9],[6,-14],[18,-81],[0,-21],[-4,-20],[-9,-16],[-19,-31],[1,-17],[12,-16],[41,-33],[23,-13],[10,-8],[8,-12],[16,-43],[15,-31],[1,-13],[-4,-24],[-1,-23],[4,-17],[12,-10],[52,-9],[26,-21],[25,-24],[29,-20],[40,-19],[15,-3],[5,-2],[12,-11],[9,-6],[25,-9],[6,-1],[29,1],[13,-3],[14,-6],[52,-29],[13,0],[115,-99],[29,-16],[30,-11],[31,-4],[24,2],[48,12],[54,-4],[21,4],[20,14],[43,44],[67,40],[22,18],[8,-4],[2,4],[9,27],[2,40],[4,17],[4,6],[18,92],[-1,11],[-16,67],[-5,33],[1,89],[1,16],[4,16],[13,31],[3,15],[-5,25],[-24,34],[0,24],[41,15],[21,4],[17,-10],[14,-36],[10,-9],[13,-3],[14,4],[18,7],[2,10],[0,13],[-4,16],[-11,27],[-3,17],[1,63],[8,75],[-1,10],[-6,5],[-50,16],[-10,6],[-11,10],[-5,6],[-2,5],[-4,15],[-3,8],[3,25],[11,38],[8,16],[11,15],[14,9],[15,-1],[13,-15],[8,-23],[10,-18],[14,1],[45,-7],[13,-10],[9,0],[10,4],[15,1],[45,-13],[17,1],[126,41],[91,14],[37,12],[14,-4],[11,-10],[10,-13],[3,-5],[2,-6],[4,-19],[3,-36],[10,-33],[24,-5],[28,12],[20,21],[6,15],[8,56],[2,7],[3,7],[10,18],[14,20],[4,3],[13,5],[15,4],[14,-1],[11,-13],[42,-26],[9,-17],[5,-19],[2,-20],[-7,-43],[3,-15],[9,-12],[15,-13],[-11,-59],[0,-20],[2,-21],[0,-20],[-7,-18],[-17,24],[-7,14],[-6,14],[-12,70],[-6,17],[-39,-16],[5,-19],[20,-37],[5,-21],[2,-13],[7,-30],[10,-66],[-2,-10],[-6,-16],[-9,-35],[-22,-47],[-29,-47],[-15,-35],[-24,-31],[-6,-16],[-5,-17],[-11,-33],[-2,-15],[-2,-41],[7,-66],[0,-21],[-6,-12],[-12,-7],[-14,-6],[-17,-10],[-9,-10],[-5,-14],[-5,-20],[-8,-18],[-18,-28],[-6,-18],[-7,-36],[-7,-11],[-91,-75],[-19,-21],[-10,-27],[-4,-30],[-2,-33],[3,-16],[11,-16],[18,-12],[24,-8],[61,18],[11,11],[27,41],[5,13],[14,26],[17,-7],[21,-17],[26,-6],[19,-7],[21,-18],[23,-11],[22,12],[18,4],[21,-22],[20,-41],[15,-50],[-19,-132],[2,-30],[5,-10],[11,-11],[12,-10],[23,-10],[87,-58],[11,-3],[32,-3],[17,-6],[11,-11],[7,-12],[26,-22],[49,-59],[11,-16],[4,-16],[4,-39],[16,-78],[0,-40],[-7,-19],[-10,-16],[-7,-17],[1,-20],[11,-38],[7,-17],[9,-15],[-65,-11],[-29,3],[-32,36],[0,6],[-5,20],[-12,26],[-20,45],[-15,25],[-4,8],[-50,30],[-6,8],[-7,16],[-2,6],[-24,-4],[-18,1],[-4,1],[-51,19],[-27,7],[-27,1],[-33,-7],[-24,-17],[-13,-30],[-4,-43],[8,-74],[-2,-26],[-7,-13],[-12,-9],[-15,-14],[-8,-16],[-9,-36],[-22,-53],[-8,-16],[-12,-13],[-2,-6],[4,-10],[18,-23],[39,-29],[7,-10],[-2,-10],[-49,-41],[-13,-3],[-15,-1],[-14,-4],[-15,3],[-13,22],[-81,187],[-3,18],[0,24],[6,19],[10,1],[14,-10],[15,-3],[14,7],[11,19],[2,22],[-13,33],[2,18],[10,32],[8,13],[43,21],[17,32],[-1,36],[-25,29],[-12,3],[-13,0],[-13,-4],[-14,-5],[-8,2],[-17,25],[-13,16],[-28,21],[-7,4],[-12,9],[-10,15],[-10,12],[-15,2],[-16,-7],[-9,-1],[-21,1],[-4,3],[-15,16],[-12,0],[-11,-14],[-31,-57],[-13,-37],[2,-36],[22,-35],[13,-32],[-3,-46],[-11,-45],[-13,-33],[-18,-34],[-7,-18],[-1,-21],[8,-64],[-2,-23],[5,-12],[15,-6],[22,-6],[67,-36],[14,-10],[6,-14],[4,-22],[13,-37],[7,-41],[7,-18],[11,-14],[15,-7],[13,-11],[4,-20],[-2,-22],[-10,-14],[-42,-28],[-33,-8],[-11,-10],[-5,-16],[11,-60],[0,-45],[-7,-45],[-12,-38],[-9,-20],[-4,-17],[-1,-18],[3,-42],[-1,-19],[-4,-18],[-10,-11],[-16,-1],[-14,11],[-12,14],[-12,10],[-32,11],[-32,17],[-15,5],[-14,-4],[-12,-11],[-7,-16],[-10,-11],[-15,-10],[-30,-14],[-66,-45],[-35,-18],[-35,-3],[-16,8],[-27,21],[-18,6],[-20,2],[-10,0],[-64,-12],[-16,0],[-50,10],[-17,-2],[-15,-12],[-20,-31],[-14,-37],[-31,-130],[0,-19],[4,-22],[15,-43],[4,-23],[-4,-50],[-17,-45],[-49,-81],[-31,-64],[-13,-35],[-9,-35],[-2,-6],[-4,-5],[-13,-11],[-23,-11],[-8,-9]],[[804,3219],[0,27],[-3,18],[-6,15],[-9,8],[-11,-7],[-13,-4],[-13,12],[-18,30],[-30,31],[-5,3],[-1,4],[-1,82],[-4,29],[-12,24],[-83,110],[-19,15],[-7,2],[-14,2],[-7,2],[-34,33],[-21,38],[-9,13],[-6,4],[-21,8],[-18,16],[-7,2],[-43,-5],[-15,5],[-7,7],[-9,16],[-6,7],[-7,5],[-12,4],[-6,6],[-12,6],[-17,-1],[-29,-8],[-6,-4],[-16,-14],[-9,0],[-37,12],[-12,14],[-10,16],[-10,12],[-6,2],[-22,4],[-19,10],[-5,2],[-22,-7],[-4,-2],[-4,-7],[-8,2],[-15,8],[-18,3],[-5,3],[-2,5],[-2,8],[-3,7],[-12,9],[-5,14],[-17,58],[3,9],[8,13],[1,1],[3,8],[3,5],[3,6],[3,18],[4,9],[8,15],[38,50],[4,8],[3,9],[1,7],[3,5],[20,4],[12,7],[8,9],[5,12],[2,17],[-2,5],[-9,8],[-2,5],[0,12],[1,9],[3,8],[5,10],[6,5],[6,3],[5,5],[1,11],[-9,5],[-6,4],[-5,10],[-5,7],[-5,8],[-2,10],[2,7],[5,16],[2,11],[-1,3],[-6,6],[-2,2],[1,5],[3,6],[1,4],[0,15],[1,6],[3,6],[9,6],[10,3],[5,6],[-2,5],[0,3],[19,22],[11,2],[73,-21],[6,3],[9,9],[5,4],[6,0],[8,-2],[45,7],[7,4],[0,3],[-4,7],[14,1],[11,-9],[10,-10],[10,-6],[13,3],[9,7],[10,5],[14,-3],[21,-22],[13,-30],[16,-24],[30,-5],[7,1],[3,1],[28,31],[7,6],[11,6],[11,4],[23,4],[37,0],[13,4],[13,11],[66,77],[14,20],[9,20],[2,19]],[[745,4529],[17,-11],[12,-16],[8,-7],[8,2],[31,31],[16,6],[18,-2],[20,-11],[34,-30],[58,-73],[33,-33],[67,-44],[19,-21],[24,-45],[14,-19],[20,-11],[40,-11],[12,-12],[11,-27],[13,-23],[18,-9],[20,0],[49,9],[38,2],[36,-5],[20,-20],[-5,-12],[-17,-11],[-33,-14],[-41,-29],[-30,-17],[-6,-11],[6,-10],[33,-13],[3,-9],[-3,-11],[-42,-78],[-11,-36],[0,-41],[14,-37],[21,-27],[24,-24],[23,-28],[6,-19],[4,-41],[6,-18],[10,-11],[67,-30],[9,-11],[-5,-15],[-10,-10],[-10,-16],[-4,-15],[12,-7],[21,-1],[9,-2],[16,-9],[4,2],[4,4],[7,6],[13,9],[13,13],[9,15],[-1,19]],[[5140,5263],[4,3],[2,1],[3,0],[5,-1],[37,0],[33,8],[31,0],[31,-24],[7,-17],[-9,-12],[-17,-6],[-17,-1],[-30,8],[-12,-2],[-2,-17],[4,-22],[6,-18],[10,-13],[15,-6],[14,1],[17,4],[29,14],[21,17],[7,5],[7,2],[8,0],[7,1],[6,5],[12,14],[13,11],[14,10],[32,15],[16,9],[14,12],[14,14],[18,25],[7,6],[26,8],[29,-1],[55,-14],[51,-24],[14,-1],[12,8],[24,26],[13,9],[16,5],[17,2],[15,-3],[8,-12],[10,-17],[14,-9],[17,-2],[17,5]],[[5835,5289],[21,12],[19,-1],[19,-4],[21,5],[8,1],[19,-8],[9,-3],[8,1],[7,3],[38,21],[18,0],[40,-26],[11,19],[19,19],[17,20],[3,21],[-13,27],[-3,11],[4,7],[9,8],[20,15],[16,7],[34,4],[11,7],[10,13],[25,27],[13,9]],[[6238,5504],[27,-11],[8,-37],[-4,-85],[21,-5],[24,-32],[22,-40],[43,-111],[1,-8],[1,-20],[2,-13],[23,-83],[7,-17],[12,-16],[3,-7],[-1,-23],[1,-15],[12,-35],[41,-84],[46,-66],[14,-16],[29,-28],[12,-15],[6,-35],[-22,-81],[7,-39],[34,-46],[8,-17],[4,-21],[1,-24],[0,-24],[-6,-42],[-1,-24],[-4,-20],[-12,-11],[-59,-20],[-14,-10],[-17,-33],[-27,-127],[-24,-35],[-22,6],[-20,31],[-16,41],[-12,46],[-20,145],[-20,37],[-38,21],[-80,19],[-9,11],[-26,63],[-44,-16],[-63,-69],[-28,-37],[-26,-43],[-5,-21],[4,-51],[-1,-23],[-8,-23],[-37,-68],[-14,-43],[-6,-48],[-9,-211],[2,-22],[6,-21],[12,-26],[3,-38],[-11,-48],[-31,-89],[-9,-36],[-2,-17],[1,-19],[6,-47],[5,-26],[7,-13],[204,-104],[4,-7],[9,-54],[-3,-42],[-10,-39],[-13,-27],[-2,-7],[-1,-10],[1,-19],[-2,-11],[-3,-10],[-9,-18],[-8,-27],[-1,0],[-3,-4],[-4,-5],[-4,-7],[2,-10],[-22,-16],[-7,-13],[-3,-22],[-1,-5],[-7,-16],[-1,-9],[2,-19],[-1,-9],[-6,-11],[7,-16],[-6,-20],[-19,-36],[-11,-61],[-7,-16],[-9,-17],[-2,-7],[-3,-8],[-5,-10],[-17,-23],[-5,-4],[-14,-10],[-15,-8],[-16,-5],[-16,-1],[-10,29],[-26,-3],[-29,-22],[-19,-26],[-22,-58],[-11,-16],[-25,-22],[-10,-13],[-8,-19],[-108,144],[-14,13],[-15,11],[-16,7],[-34,6],[-83,58],[-31,28],[-32,19],[-33,-2],[-16,-13],[-14,-17],[-33,-57],[-39,-50],[-10,-18],[-27,-61],[-4,-20],[5,-42],[-2,-36],[4,-20],[6,-20],[3,-18],[1,-22],[-1,-23],[-2,-22],[-4,-21],[-5,-45],[9,-166],[-1,-70],[1,-25],[5,-23],[24,-74],[-49,-47],[-97,-70],[-105,-124],[-12,-7],[-17,-4],[-5,-4],[-6,-3],[-31,0],[-50,-15],[-27,-3],[-21,-6],[-17,1],[-6,-1],[-33,-16],[-15,-2],[-48,12],[-24,13],[-19,14],[-10,0],[-14,-14],[-63,-119],[-41,-137],[-25,-65],[-14,-71],[-20,-71],[-13,-95],[-2,-52],[-4,-23],[-104,-316],[-25,-40],[-5,-12],[-14,-76],[-21,-74],[-3,-18],[1,-18],[9,-36],[-19,-54],[-92,-203],[-21,-37],[-26,-22],[-57,-31],[-54,-39],[4,-7],[-7,-9]],[[4070,100],[-9,5],[-6,2],[-39,-10],[-10,0],[-10,4],[-11,2],[-28,-7],[-18,0],[-49,18],[-66,23],[-12,9],[-11,13],[-18,31],[0,-5],[0,-13],[0,-5],[-39,3],[-4,3],[-1,5],[-1,3],[-9,-5],[-4,-1],[-9,2],[-9,3],[-2,5],[-2,7],[-5,8],[-13,14],[-3,2],[-7,-4],[-1,-7],[0,-8],[0,-5],[-34,-19],[-38,-4],[-71,10],[-71,11],[-21,-3],[-21,-6],[-8,1],[-15,18],[-20,8],[-9,6],[-10,16],[-17,35],[-12,17],[-21,17],[-66,56],[-64,53],[-69,58],[-61,51],[-54,46],[-76,63],[-65,55],[-65,55],[-36,30],[-4,1],[-4,0],[-4,1],[-2,5],[-3,19],[-3,9],[-4,7],[-5,2],[-14,-1],[-4,4],[-11,23],[-6,7],[-28,8],[-47,31],[-40,14],[-128,-1],[-2,1]],[[745,4529],[3,22],[-9,252],[-10,252]],[[729,5055],[31,-1],[125,-14],[19,3],[12,11],[10,16],[7,15],[6,16],[5,20],[26,151],[13,161],[17,13],[15,0],[25,6],[12,-3],[15,-14],[31,-35],[17,-12],[21,4],[75,104],[26,62],[39,157],[-6,14],[-9,13],[-7,20],[4,8],[85,-8],[11,-5],[4,-9],[-2,-22],[1,-21],[8,-14],[17,-1],[52,10],[22,-2],[31,-5],[13,-1],[13,-3],[14,-9],[25,-25],[134,-173],[91,-143],[33,-43],[28,5],[9,0],[9,-16],[14,-37],[1,-11],[0,-48],[6,-11],[9,-6],[8,-1],[19,2],[26,-3],[13,1],[7,-3],[5,-12],[5,-16],[24,-55],[7,-11],[8,-1],[21,3],[10,-16],[10,-55],[15,-8],[97,165],[19,70],[8,62],[-4,48],[-20,26],[-11,9],[-45,69],[-21,23],[1,4],[13,13],[6,15],[-1,17],[-7,21],[-4,18],[4,82],[-6,153],[8,1],[12,-11],[13,0],[13,7],[27,19],[59,55],[22,33],[36,74],[10,16],[24,34],[13,12],[13,8],[42,5],[4,-3],[-23,-85],[-2,-10],[3,-5],[12,-5],[11,-6],[12,-4],[14,3],[15,39],[8,9],[59,38],[12,0],[29,-23],[36,-20],[14,-14],[70,-27],[12,-2],[8,6],[7,12],[7,16],[4,17],[9,30]],[[2283,5172],[2,0],[2,19],[9,5],[22,-5],[-15,40],[-2,19],[7,17],[27,15],[5,7],[0,10],[-3,7],[-22,21],[-12,4],[-12,-3],[-13,-12],[-9,-12],[-3,-13],[-7,-33],[15,-69],[8,-17],[1,0]],[[3870,4941],[-3,3],[-4,12],[-4,4],[-8,-1],[-26,-8],[-9,-4],[-11,-12],[-11,-20],[-10,-24],[-5,-18],[1,-3],[5,-8],[-1,-6],[2,-6],[5,-7],[3,-8],[4,-19],[2,-7],[5,-8],[7,-8],[4,-3],[4,0],[6,-3],[8,-8],[6,-8],[12,-21],[8,-8],[14,-9],[13,-3],[7,14],[5,17],[9,2],[9,-2],[9,7],[0,13],[-10,32],[-2,16],[14,-6],[7,-1],[7,0],[-1,10],[2,10],[3,9],[2,12],[-1,17],[-4,15],[-16,49],[-14,2],[-17,-1],[-6,3],[-2,13],[-14,-17],[-4,-3]],[[2161,4847],[-8,-4],[-9,0],[-8,5],[-8,10],[-5,10],[0,4],[4,4],[6,9],[-3,2],[-1,1],[-2,3],[-11,3],[-9,4],[-9,1],[-7,-4],[-12,2],[-28,10],[-10,-1],[-5,-9],[-1,-14],[0,-16],[-1,-13],[-4,-9],[-12,-17],[-4,-11],[0,-11],[3,-21],[0,-11],[-1,-2],[-1,-1],[-2,-3],[3,-10],[5,-7],[6,-5],[7,-3],[2,5],[3,1],[13,0],[3,0],[7,2],[3,1],[3,-3],[5,-7],[2,-2],[14,0],[10,8],[16,22],[7,-13],[16,-17],[7,-11],[1,-7],[-1,-6],[0,-7],[4,-9],[5,-4],[5,-3],[13,-2],[-2,10],[-3,8],[-7,16],[9,6],[0,11],[-6,12],[-10,5],[-2,19],[1,26],[4,26],[5,17]],[[2193,4817],[12,3],[8,3],[8,4],[6,6],[5,9],[-10,7],[-13,19],[-8,6],[-29,-20],[-4,-6],[-1,-5],[1,-5],[4,-5],[10,-7],[5,-6],[6,-3]],[[6182,5212],[-15,-2],[-15,-10],[-15,-7],[-18,6],[-12,10],[-11,2],[-14,-21],[-21,-45],[-6,-23],[-4,-26],[2,-19],[10,-3],[14,4],[13,0],[6,-4],[10,-12],[5,-4],[9,1],[9,6],[10,4],[8,-3],[19,-21],[10,-4],[12,8],[5,17],[-4,16],[-7,15],[-4,17],[2,11],[8,18],[1,10],[0,10],[3,22],[0,8],[-10,19]],[[729,5055],[-8,217],[-2,67],[20,130],[83,301],[39,47],[15,29],[1,10],[-2,21],[0,10],[2,5],[6,8],[3,5],[5,37],[0,40],[-33,191],[-3,36],[5,31],[58,105],[26,65],[10,18],[12,13],[80,71],[11,6],[8,-4],[81,-92],[20,-16],[9,-10],[4,-13],[-3,-27],[1,-12],[7,-4],[5,7],[9,27],[9,9],[11,2],[8,-3],[7,1],[9,14],[4,16],[0,10],[3,11],[12,15],[36,35],[11,21],[5,30],[-4,13],[-19,19],[-7,11],[1,9],[44,167],[2,27],[-8,18],[-12,17],[-6,23],[2,19],[84,239],[2,17],[-1,17],[-14,35],[-5,18],[1,36],[-5,33],[0,17],[5,21],[7,21],[9,20],[11,17],[25,22],[15,7],[45,22],[20,29],[1,9],[1,15]],[[6238,5504],[-26,37],[-32,15],[-34,-5],[-31,-26],[-78,-101],[-12,-3],[-18,9],[-51,36],[-18,6],[-17,-5],[-32,-27],[-13,1],[-24,-7],[-15,-48],[-5,-59],[3,-38]],[[5855,6610],[5,-9],[16,-8],[79,-20],[2,-5],[2,-5],[4,-4],[6,-1],[3,3],[3,4],[5,3],[38,2],[18,6],[21,27],[18,7],[36,6],[35,-11],[12,0],[9,3],[24,14],[6,1],[12,-1],[6,1],[21,9],[15,-3],[11,-4],[10,-1],[14,9],[44,37],[61,24],[25,2],[5,1],[47,-15],[16,0],[13,-7],[17,-47],[11,-12],[15,-4],[28,-4],[16,-6],[9,-2],[10,5],[7,10],[6,7],[11,-4],[-9,-19],[-6,-35],[-5,-15],[-12,-12],[-28,-15],[-10,-14],[-5,-18],[-3,-14],[-4,-13],[-10,-15],[-24,-24],[-8,-14],[-7,-22],[-6,-35],[-5,-17],[-8,-15],[-13,-9],[-13,-5],[-9,-9],[1,-18],[13,-39],[18,-36],[37,-47],[10,-17],[8,-23],[8,-80],[13,-56],[18,-53],[18,-27],[64,-54],[15,-21],[12,-25],[9,-29],[5,-29],[13,-40],[19,-24],[24,-13],[30,-7],[25,-14],[13,-28],[19,-139],[10,-34],[14,-21],[18,-6],[6,-4],[6,-8],[6,-19],[5,-10],[6,-7],[14,-12],[6,-8],[15,-39],[4,-16],[2,-29],[3,-16],[8,-14],[35,-27],[51,-40],[13,-1],[16,8],[11,1],[9,-7],[51,-61],[60,-70],[85,-100],[46,-55],[27,-20],[53,-23],[59,-25],[59,-26],[58,-25],[59,-25],[59,-25],[59,-25],[59,-26],[58,-25],[59,-25],[59,-25],[59,-25],[59,-26],[58,-25],[59,-25],[59,-25],[59,-25],[56,-25],[56,-24],[56,-25],[56,-24],[56,-25],[56,-24],[56,-25],[56,-24],[56,-25],[56,-24],[56,-25],[56,-24],[56,-25],[56,-24],[56,-25],[56,-24],[42,-19],[39,-25],[59,0],[95,0],[104,0],[105,0],[87,0],[122,0],[95,0],[-32,-41],[-33,-41],[-32,-41],[-33,-40],[-32,-41],[-33,-41],[-32,-41],[-32,-41],[-33,-40],[-6,-8],[-26,-33],[-33,-41],[-32,-41],[-32,-41],[-33,-41],[-32,-41],[-33,-40],[-32,-41],[-33,-41],[-32,-41],[-32,-41],[-33,-41],[-32,-40],[-33,-41],[-32,-41],[-33,-41],[-32,-41],[-32,-41],[-33,-40],[-13,-17],[-30,-38],[-30,-38],[-14,-17],[-14,-18],[-28,-36],[-41,-54],[-41,-55],[-40,-54],[-41,-55],[-41,-54],[-41,-55],[-40,-54],[-41,-54],[-72,-103],[-71,-102],[-72,-102],[-63,-91],[-8,-11],[-72,-102],[-71,-102],[-72,-102],[-71,-102],[-38,-55],[-1,0],[-52,-74],[-20,-11],[-36,3],[-34,3],[-35,2],[-35,3],[-34,3],[-35,2],[-1,0],[-33,3],[-35,2],[-34,3],[-35,3],[-35,2],[-34,3],[-35,3],[-34,2],[-35,3],[-34,2],[-35,3],[-40,3],[-25,-8],[-58,-26],[-20,-6],[-66,-20],[-50,-15],[-75,-23],[-46,-28],[-75,-47],[-76,-47],[-76,-47],[-56,-60],[-50,-53],[-5,-9],[-5,-9],[-8,-30],[-12,-60],[-10,-29],[-20,-28],[-1,-1],[-25,-22],[-28,-14],[-47,-11],[-100,-22],[-103,-23],[-78,-17],[-51,-1],[-57,-1],[-22,-7],[-23,-15],[-38,-39],[-47,-38],[-12,-14],[-4,-17],[0,-26],[-3,-11],[-9,-10],[-9,-17],[-33,-24],[-30,7],[-29,21],[-32,13],[-28,-21],[-10,-3],[-9,3],[-18,9],[-10,1],[-54,-17],[-18,-1],[-33,-13],[-75,-5],[-68,-5],[-35,5],[-32,17],[-30,30],[-43,78],[-17,21],[-11,9],[-32,14],[-12,8],[-7,9],[-11,27],[-16,24],[-41,36],[-14,25],[-42,-36],[-56,-28],[-70,-35],[-86,-43],[-4,-5],[-4,-14],[-4,-4],[-52,-24],[-68,-31],[-2,0],[-2,0],[-2,2],[-6,1],[-1,-4],[1,-5],[-3,-5],[-31,-20],[-64,-41],[-58,-36],[-57,-36],[-13,-21],[-13,-46],[-19,-64],[-11,-27],[-13,-22],[-52,-62],[-44,-53],[-17,-27],[-15,-58],[-11,-23],[-21,-1],[-11,9],[-5,12],[-3,12],[-6,9],[-21,9],[-83,4],[6,16],[-3,9],[-9,0],[-4,-3],[-26,-19],[-25,-1],[-26,7],[-60,36]]],"transform":{"scale":[0.0014990868390839117,0.0011477346465646535],"translate":[32.98979984500011,3.403333435000093]},"bbox":[32.98979984500011,3.403333435000093,47.97916914900014,14.879532166000061]}