{"type":"Topology","objects":{"subunits":{"type":"GeometryCollection","geometries":[{"type":"Polygon","arcs":[[0]]},{"type":"MultiPolygon","id":"Central","arcs":[[[1]],[[2,3]]]},{"type":"MultiPolygon","id":"Eastern","arcs":[[[4]],[[5]],[[6]],[[7]],[[8]],[[9]],[[10]],[[11]],[[12]],[[13]],[[14]],[[15]],[[16]],[[17]],[[18]],[[19]],[[20]],[[21]],[[22]],[[23]],[[24]],[[25]],[[26]],[[27]],[[28]]]},{"type":"MultiPolygon","id":"Northern","arcs":[[[29]],[[30]],[[31]],[[32]],[[33]],[[34]],[[35]],[[36]],[[37]]]},{"type":"MultiPolygon","id":"Western","arcs":[[[38]],[[39]],[[-4,40]],[[41]],[[42]],[[43]],[[44]]]},{"type":"Polygon","id":"Rotuma","arcs":[[45]]}]}},"arcs":[[[3,6470],[0,-10],[1,-11],[0,-8],[-1,4],[0,15],[-1,12],[0,2],[-1,3],[0,13],[0,4],[0,2],[2,-26]],[[9947,3572],[0,-4],[-1,13],[1,2],[0,3],[0,3],[0,7],[0,5],[0,5],[0,5],[0,7],[0,19],[0,3],[1,-10],[0,-19],[0,-23],[-1,-16]],[[9956,4505],[0,-1],[1,-2],[0,-13],[1,-39],[0,-8],[1,-3],[0,-8],[1,-14],[0,-20],[0,-27],[0,-20],[0,-18],[-1,-20],[0,-10],[0,-10],[0,-9],[0,-8],[1,-7],[0,-14],[0,-5],[0,-13],[0,-12],[0,-11],[0,-9],[1,5],[0,-4],[0,-8],[0,-7],[0,-5],[0,-9],[0,-11],[0,-13],[0,3],[0,5],[0,-6],[0,-17],[-1,-8],[0,-31],[0,-34],[1,-15],[0,-2],[1,-6],[0,-9],[0,-13],[0,-6],[0,-5],[0,-3],[1,-1],[0,3],[0,7],[0,7],[0,5],[0,-7],[0,-15],[0,-7],[0,-16],[0,-10],[0,-15],[-1,-14],[0,-12],[0,-8],[-2,-26],[0,-25],[0,22],[-1,-13],[0,-2],[0,18],[0,4],[0,10],[0,2],[-1,7],[0,1],[-1,-15],[0,-5],[0,-22],[0,-14],[-1,-6],[0,1],[0,16],[0,6],[0,4],[-1,16],[0,5],[0,2],[-1,0],[0,-5],[0,-1],[0,-2],[0,-10],[0,-6],[0,-4],[0,-2],[0,3],[0,5],[-1,5],[0,2],[0,-2],[0,-5],[0,-1],[-1,-3],[0,-8],[0,-8],[0,-4],[-1,0],[0,-3],[0,-4],[0,-7],[0,-6],[0,-17],[-1,-6],[0,-5],[0,-8],[-1,-6],[0,-35],[-1,-16],[0,-5],[-1,0],[0,-7],[0,22],[-2,-28],[-1,6],[-1,0],[0,2],[0,5],[0,-6],[-1,-8],[0,-3],[0,6],[-1,3],[0,-10],[0,-4],[-1,19],[0,4],[0,-2],[0,-5],[0,-5],[0,-3],[-1,3],[0,18],[0,7],[0,6],[-2,12]],[[9937,3776],[1,14],[0,14],[0,29],[0,8],[0,8],[1,36],[0,6],[0,5],[-1,2],[0,1],[0,1],[-1,2],[0,5],[0,7],[0,22],[0,10],[0,9],[0,8],[1,21],[0,10],[0,22],[0,10],[0,8],[1,5],[0,1],[1,-2],[2,-21],[0,1],[1,6],[0,5],[0,7],[1,32],[0,8],[0,7],[-1,7],[0,5],[0,7],[0,8],[0,9],[0,15],[0,9],[0,9],[0,6],[0,8],[0,7],[0,8],[0,8],[0,8],[0,8],[0,14],[0,7],[1,53],[1,18],[1,11],[0,13],[0,10],[0,10],[0,8],[0,5],[0,3],[0,-2],[-1,-4],[0,-7],[0,-8],[-1,-35],[0,-4],[0,-2],[0,-1],[0,2],[0,3],[0,6],[0,60],[0,11],[0,10],[0,23],[0,10],[0,10],[0,10],[0,21],[0,11],[0,9],[0,6],[1,-4],[0,-8],[0,-25],[1,-44],[0,-9],[1,-8],[0,-6],[0,-5],[1,-2],[1,2],[1,8],[1,6],[0,8],[0,6],[0,5],[0,3],[0,6],[0,4],[0,4],[1,-1],[0,-4],[0,-18],[1,-4],[0,-1],[0,1],[1,-2],[0,-2],[0,-5],[1,-10],[0,-1],[0,1],[0,8],[1,11],[0,49],[0,48],[0,8]],[[36,1131],[0,-5],[0,-1],[0,1],[-1,7],[0,8],[0,8],[0,8],[0,-9],[1,-9],[0,-8]],[[49,2039],[0,-13],[0,5],[0,7],[0,7],[1,8],[0,-8],[-1,-6]],[[44,2749],[0,-7],[0,2],[0,3],[0,7],[0,37],[1,6],[0,-20],[0,-21],[-1,-6],[0,-1]],[[9993,2753],[1,-17],[-1,-8],[-1,-1],[0,2],[0,5],[0,9],[0,4],[0,1],[0,1],[0,9],[0,-2],[1,-3],[0,-3],[0,17],[-1,17],[0,13],[1,5],[0,-8],[0,-19],[0,-22]],[[40,2806],[0,-2],[0,1],[-1,-3],[0,-16],[1,-14],[0,-9],[1,2],[0,-22],[-1,3],[-1,19],[0,10],[0,21],[0,18],[1,3],[0,-11]],[[30,2966],[-1,-17],[0,24],[0,24],[0,16],[0,2],[1,-19],[0,-30]],[[9954,3016],[0,-14],[1,-2],[0,-16],[1,0],[1,-6],[0,-5],[0,-14],[0,-20],[0,-18],[0,-11],[-1,-10],[0,6],[0,3],[-1,4],[0,-10],[0,-8],[0,-6],[0,-6],[0,4],[-1,2],[-1,-1],[0,-5],[0,8],[0,15],[0,7],[0,-4],[0,-2],[0,2],[-1,4],[0,5],[1,7],[0,3],[-1,10],[-1,-11],[-1,-36],[0,-4],[-1,-1],[0,-2],[0,-11],[0,-23],[0,-5],[0,15],[-1,-7],[0,-12],[0,-12],[0,-5],[1,-3],[0,-9],[0,-28],[0,-8],[0,-7],[-1,-4],[0,7],[0,10],[0,28],[0,-13],[-1,-2],[0,-11],[0,-9],[-1,-7],[0,-3],[0,3],[-1,10],[-1,3],[0,-15],[0,-1],[-1,16],[0,-5],[0,2],[-1,8],[0,9],[1,31],[0,6],[1,-8],[0,10],[0,23],[1,12],[0,5],[2,-15],[0,1],[0,9],[0,10],[0,11],[1,8],[0,-11],[0,10],[0,19],[0,20],[1,24],[1,14],[1,2],[1,-11],[0,31],[0,5],[0,1],[1,2],[0,5],[0,5],[0,2],[0,-1],[1,-4],[0,5]],[[5,3014],[1,-31],[-1,-33],[0,37],[0,4],[-1,-16],[0,-21],[0,-21],[0,-4],[0,13],[0,30],[0,1],[0,45],[1,-4]],[[9958,3043],[0,-11],[0,5],[0,-11],[0,-11],[-1,1],[0,20],[0,13],[0,16],[0,7],[0,11],[1,7],[0,-4],[0,-17],[0,-9],[0,-8],[0,-9]],[[30,3061],[0,-1],[0,3],[0,10],[0,9],[1,7],[0,4],[0,-7],[0,-7],[0,-6],[0,-5],[-1,-5],[0,-2]],[[42,3302],[0,-5],[-1,1],[0,16],[0,13],[1,5],[0,-9],[0,-11],[0,-10]],[[9996,3358],[0,-9],[1,7],[0,-12],[-1,-17],[0,-22],[0,-4],[-1,17],[0,19],[0,8],[0,11],[-1,12],[0,12],[1,9],[1,15],[1,10],[0,1],[1,-7],[0,-6],[-1,-13],[0,-6],[-1,-10],[0,-15]],[[34,3752],[-1,0],[0,2],[0,5],[0,5],[0,2],[-1,16],[1,31],[1,18],[0,-20],[1,-13],[0,-20],[0,-18],[-1,-8]],[[27,4015],[-1,-5],[0,7],[0,12],[0,25],[0,15],[0,-4],[1,-11],[0,-25],[0,-14]],[[9980,4075],[1,-46],[0,-10],[0,-29],[0,-59],[0,-42],[-1,19],[0,13],[0,29],[-1,13],[0,25],[0,13],[0,18],[0,-12],[0,-22],[0,-7],[-1,-3],[0,8],[0,31],[0,31],[0,5],[0,17],[0,11],[0,-7],[1,18],[0,-2],[0,-2],[1,-10]],[[48,4059],[-1,-2],[0,6],[-1,14],[0,34],[0,30],[1,4],[1,-7],[0,-13],[1,-18],[0,-18],[0,-20],[-1,-10]],[[9983,4190],[0,-10],[0,5],[0,19],[-1,10],[0,13],[0,15],[0,14],[1,-10],[0,-5],[0,-5],[0,-3],[0,-6],[0,-7],[0,-11],[0,-10],[0,-9]],[[20,4277],[0,-15],[-1,5],[-1,12],[0,20],[1,17],[1,1],[0,-17],[0,-23]],[[9965,4271],[0,-8],[0,-3],[0,-4],[0,8],[0,-5],[-1,1],[0,7],[0,2],[-1,41],[0,21],[1,-15],[0,-27],[1,-14],[0,-4]],[[9965,4299],[0,-8],[0,19],[-1,18],[0,43],[0,33],[1,16],[0,6],[1,5],[0,-12],[0,-25],[1,-14],[0,-15],[0,-15],[0,-16],[-1,-12],[0,-11],[0,-7],[-1,-5]],[[9972,4390],[0,13],[0,9],[0,8],[-1,8],[0,14],[0,12],[0,4],[1,-8],[0,-11],[0,-34],[0,-15]],[[24,4593],[-1,-3],[0,15],[0,19],[0,16],[1,1],[0,-12],[0,-20],[0,-16]],[[24,4800],[0,-6],[0,1],[-1,10],[0,20],[1,7],[0,-5],[0,-13],[0,-14]],[[9983,4694],[-1,-23],[0,7],[0,64],[0,17],[0,16],[-1,15],[1,14],[0,15],[0,11],[1,7],[0,2],[1,-8],[0,-7],[0,-38],[0,-28],[0,-24],[-1,-22],[0,-18]],[[28,4781],[0,-20],[0,12],[0,21],[0,21],[1,12],[-1,14],[1,6],[0,4],[0,6],[0,15],[0,6],[0,9],[-1,5],[0,4],[-1,5],[0,8],[0,22],[0,8],[1,-6],[0,-12],[0,-11],[1,-1],[1,-16],[0,-10],[0,-15],[0,-35],[0,-6],[-1,-7],[0,-17],[-1,-22]],[[9952,5325],[0,-1],[1,0],[0,-22],[0,-12],[0,-4],[-1,1],[0,-7],[-1,13],[0,38],[1,-6]],[[0,5127],[9998,-10],[0,-9],[0,-6],[-1,-4],[0,4],[0,17],[-1,17],[0,14],[0,16],[0,13],[1,19],[1,56],[0,14],[0,18],[-9998,45],[0,-204]],[[0,5348],[2,83],[1,12],[0,6],[1,-4],[0,-12],[0,-31],[0,-18],[0,-12],[1,-8],[0,-7],[0,-10],[0,-8],[-1,-37],[0,-19],[0,-10],[0,-25],[-1,-2],[0,1],[0,-4],[-2,-41],[-1,-28],[0,-35],[0,209]],[[9997,5473],[-1,0],[0,6],[0,1],[1,3],[0,16],[0,3],[0,1],[0,3],[0,7],[1,12],[0,-22],[0,-18],[-1,-10],[0,-2]],[[9961,5563],[0,-12],[-1,-9],[0,-4],[-1,2],[0,2],[0,1],[0,4],[1,16],[0,-6],[0,-2],[1,2],[0,6]],[[0,5595],[9999,1],[0,4],[0,9],[0,13],[-9999,29],[0,-56]],[[0,5668],[1,20],[0,11],[0,4],[1,13],[1,2],[0,-7],[0,-2],[-1,-4],[1,-4],[0,-5],[0,-8],[0,-3],[-1,-2],[0,-1],[0,-1],[0,-5],[0,-10],[0,-10],[0,-5],[0,-7],[0,-14],[-1,-13],[-1,-20],[0,71]],[[9982,5816],[-1,-2],[0,2],[-1,6],[0,7],[1,0],[1,-2],[0,-5],[0,-6]],[[0,5999],[9997,-59],[0,-3],[0,-1],[-1,-3],[0,-8],[0,-17],[0,-9],[-1,-13],[0,-9],[0,-4],[0,-5],[0,-25],[-2,-60],[0,-13],[0,-23],[-1,-33],[0,-28],[-1,-12],[0,-8],[-3,-67],[0,-6],[0,-9],[-1,-15],[0,-13],[0,-17],[0,-18],[0,-15],[0,-10],[-1,-17],[0,-9],[0,-7],[-1,-20],[0,-4],[0,-6],[0,-5],[0,-11],[0,-19],[0,-20],[0,-16],[0,-8],[0,12],[1,5],[0,-3],[0,-14],[1,12],[0,27],[1,6],[0,2],[1,5],[0,8],[0,11],[0,14],[0,5],[1,3],[0,3],[0,4],[0,15],[0,4],[0,2],[1,3],[0,2],[0,12],[0,27],[0,10],[1,5],[0,3],[0,5],[0,9],[0,8],[0,5],[1,5],[1,23],[0,17],[1,16],[0,7],[1,27],[0,6],[1,7],[0,6],[0,3],[0,-4],[0,-9],[1,-26],[0,-10],[-1,-8],[0,-9],[0,-31],[-1,-66],[0,-6],[0,-12],[0,-5],[0,-1],[-1,2],[0,-1],[0,-29],[1,-2],[0,-13],[0,-20],[0,-25],[1,1],[0,-4],[1,-10],[0,-17],[-1,-8],[0,3],[-1,13],[0,-7],[0,-17],[1,-6],[-1,4],[0,4],[0,-12],[-1,5],[0,14],[0,15],[-1,1],[0,6],[0,15],[-1,-8],[-1,2],[0,4],[-1,2],[0,-5],[0,-14],[-1,-3],[0,-3],[0,-6],[-1,-13],[0,10],[0,4],[0,-22],[-1,-25],[-1,-20],[0,17],[-1,1],[-1,-10],[-1,-1],[0,-5],[-1,-9],[-1,12],[0,2],[-3,-6],[1,2],[0,8],[0,15],[0,13],[1,7],[0,7],[0,14],[0,15],[0,8],[-1,7],[-1,20],[0,10],[-1,-4],[-2,-31],[-1,-13],[0,-26],[0,-19],[0,-15],[-1,-11],[0,-8],[-1,9],[-1,-27],[0,-77],[0,16],[1,2],[0,-3],[0,-13],[-1,-21],[0,-11],[-1,5],[-1,13],[0,8],[0,9],[0,8],[0,6],[-1,5],[0,6],[0,10],[0,11],[0,-22],[-1,10],[0,1],[0,-3],[-1,-8],[-1,-37],[0,-10],[0,-42],[0,-7],[-1,-5],[0,-7],[1,-10],[-1,-26],[0,-4],[-1,-2],[-1,1],[0,8],[0,14],[-1,30],[0,34],[0,30],[0,21],[-1,20],[0,25],[0,33],[0,8],[-1,8],[0,14],[-2,-32],[0,-5],[-1,22],[0,2],[0,2],[0,3],[0,11],[0,12],[0,6],[0,-6],[0,20],[1,18],[0,29],[0,-22],[1,9],[0,12],[0,7],[0,-6],[0,16],[1,26],[0,17],[-1,-12],[0,2],[0,12],[-1,20],[1,15],[1,1],[0,-6],[0,-17],[0,-7],[1,-3],[1,-5],[0,-20],[1,-2],[0,3],[0,4],[0,6],[0,9],[2,50],[0,7],[1,-11],[0,-31],[0,6],[0,8],[0,27],[0,12],[1,44],[0,-6],[0,-10],[0,-7],[0,5],[1,6],[0,8],[0,11],[0,-14],[0,10],[1,18],[0,9],[0,6],[0,14],[0,17],[0,15],[0,-3],[0,-3],[0,-3],[1,20],[0,-7],[0,-4],[1,2],[0,9],[2,6],[1,20],[1,7],[1,-2],[0,2],[0,3],[0,16],[1,4],[0,3],[0,3],[0,4],[1,1],[1,-8],[1,-4],[0,15],[0,-14],[1,5],[0,11],[0,6],[0,-4],[1,-14],[0,-4],[0,1],[0,1],[0,1],[0,-3],[0,17],[0,15],[0,12],[0,7],[0,11],[0,3],[1,-1],[0,-5],[0,18],[0,20],[1,9],[0,-10],[0,18],[0,17],[0,14],[1,10],[1,-3],[0,6],[0,19],[0,-6],[0,-11],[1,-13],[0,38],[0,14],[0,-13],[0,-6],[1,-4],[0,-7],[0,10],[1,-6],[0,-11],[0,16],[0,6],[0,1],[0,-1],[0,3],[0,8],[0,8],[0,4],[1,-1],[0,-3],[0,-2],[0,-2],[0,-1],[1,3],[0,9],[0,7],[1,11],[0,18],[1,-17],[0,-25],[0,-12],[0,5],[1,20],[0,4],[1,-4],[0,-6],[-1,-7],[0,-5],[1,-4],[0,-3],[0,16],[1,30],[1,9],[2,34],[-9999,0],[0,12],[1,7],[1,11],[-1,-23],[0,-13],[0,-9],[-1,-8]],[[9850,9],[-1,-9],[0,14],[0,18],[0,14],[1,-9],[0,-14],[0,-14]],[[9934,3432],[0,-51],[0,10],[-1,18],[0,20],[0,18],[0,17],[0,8],[0,20],[0,-4],[1,-2],[0,-2],[0,-12],[0,-14],[0,-26]],[[9937,3776],[-2,24],[-1,3],[0,8],[-2,26],[-1,-3],[0,14],[-1,2],[-1,-3],[0,1],[-1,5],[0,7],[0,6],[0,5],[-2,18],[-1,14],[-1,35],[0,-8],[0,11],[0,22],[0,12],[0,6],[0,5],[0,8],[0,14],[-1,6],[0,10],[0,6],[0,10],[0,9],[0,9],[0,11],[0,9],[0,19],[0,11],[0,13],[0,9],[0,8],[0,10],[0,22],[1,8],[1,4],[1,10],[0,5],[0,12],[0,9],[0,8],[0,11],[0,38],[0,14],[0,2],[0,-3],[1,-10],[1,10],[0,8],[0,7],[0,9],[0,12],[-1,21],[0,11],[0,10],[0,5],[0,3],[0,9],[-1,24],[1,11],[0,9],[1,19],[0,7],[0,6],[1,5],[0,12],[0,12],[0,11],[0,10],[0,-14],[1,4],[0,12],[0,13],[0,16],[0,14],[0,4],[0,-12],[1,0],[1,37],[1,25],[0,4],[0,3],[0,5],[0,5],[0,2],[1,-1],[0,-3],[0,-2],[0,-1],[0,-9],[0,-19],[0,-20],[0,-11],[0,6],[0,14],[0,13],[0,12],[0,14],[0,6],[1,19],[0,3],[1,-13],[1,5],[0,13],[0,13],[0,5],[0,4],[0,5],[1,4],[0,4],[0,5],[0,5],[1,5],[0,3],[0,-2],[0,-14],[0,-12],[0,-10],[0,-10],[-1,-9],[1,-5],[0,9],[1,14],[0,12],[1,-15],[0,-3],[1,4],[1,6],[1,14],[0,9],[0,11],[1,9],[0,1],[1,8],[1,-5],[1,7],[0,19],[1,31],[0,-8],[1,-13],[1,-17],[0,-17],[0,-13],[0,-22],[0,-14],[0,-12],[0,-26],[-1,-13],[1,-6],[0,-9],[0,-9],[-1,-6],[1,3],[0,33],[1,9],[1,-3],[0,-8],[1,-14],[0,-20],[0,-9],[0,-13],[0,-7],[0,-2],[0,-16],[1,-4],[0,-4],[1,-30]],[[9920,4835],[0,-22],[0,-2],[0,-4],[0,-4],[0,-22],[-1,-13],[0,-4],[-1,11],[0,18],[1,15],[0,11],[-1,8],[0,8],[1,-11],[0,1],[1,10]],[[9924,5022],[0,-14],[-1,-10],[0,-20],[-1,-21],[0,-18],[0,4],[0,2],[0,3],[0,6],[0,-7],[-1,-7],[0,-10],[0,-13],[0,7],[0,8],[0,-1],[0,1],[0,10],[0,15],[0,13],[0,6],[0,4],[0,11],[0,12],[1,10],[0,7],[0,19],[1,4],[0,-5],[0,-20],[0,-5],[0,7],[1,30],[0,-13],[0,-15]],[[9927,5175],[0,-6],[0,6],[-1,9],[0,21],[0,11],[1,13],[0,16],[0,6],[1,-2],[0,-6],[-1,-25],[0,-12],[0,-8],[0,-8],[0,-8],[0,-7]],[[9929,5314],[0,-16],[0,-18],[-1,4],[0,3],[0,-6],[0,-6],[0,-1],[0,6],[0,6],[0,27],[0,11],[0,-13],[1,10],[1,41],[1,40],[1,24],[-1,24],[1,-1],[0,-9],[0,-15],[0,-19],[0,-12],[-1,-12],[0,-10],[0,-5],[-2,-53]],[[9919,9987],[0,-17],[0,-10],[-1,-5],[0,-1],[-1,5],[0,4],[-1,1],[0,-2],[0,16],[0,6],[0,-5],[1,3],[0,17],[1,-6],[1,0],[0,-6]]],"transform":{"scale":[0.036003600360036005,0.0009236763520351989],"translate":[-180,-21.711114190999893]},"bbox":[-180,-21.711114190999893,180,-12.475274346999939]}