{"type":"Topology","objects":{"subunits":{"type":"GeometryCollection","geometries":[{"type":"Polygon","id":"Martinique","arcs":[[0]]},{"type":"Polygon","id":"Guyane française","arcs":[[1]]},{"type":"Polygon","id":"La Réunion","arcs":[[2]]},{"type":"MultiPolygon","id":"Mayotte","arcs":[[[3]],[[4]]]},{"type":"MultiPolygon","id":"Guadeloupe","arcs":[[[5]],[[6]],[[7]],[[8]],[[9]],[[10]],[[11]],[[12]]]},{"type":"Polygon","id":"Ain","arcs":[[13,14,15,16,17,18,19]]},{"type":"Polygon","id":"Aisne","arcs":[[20,21,22,23,24,25,26]]},{"type":"Polygon","id":"Allier","arcs":[[27,28,29,30,31,32]]},{"type":"Polygon","id":"Alpes-de-Haute-Provence","arcs":[[33,34,35,36,37,38]]},{"type":"MultiPolygon","id":"Alpes-Maritimes","arcs":[[[39]],[[40,-35,41]]]},{"type":"Polygon","id":"Ardèche","arcs":[[42,43,44,45,46,47,48]]},{"type":"Polygon","id":"Ardennes","arcs":[[49,50,-22,51]]},{"type":"Polygon","id":"Ariège","arcs":[[52,53,54,55]]},{"type":"Polygon","id":"Aube","arcs":[[56,57,58,59,60]]},{"type":"Polygon","id":"Aude","arcs":[[61,62,63,-53,64,65]]},{"type":"Polygon","id":"Aveyron","arcs":[[66,67,68,69,70,71,72]]},{"type":"Polygon","id":"Bas-Rhin","arcs":[[73,74,75,76]]},{"type":"Polygon","id":"Bouches-du-Rhône","arcs":[[77,78,79,80]]},{"type":"Polygon","id":"Calvados","arcs":[[81,82,83,84]]},{"type":"Polygon","id":"Cantal","arcs":[[85,86,-73,87,88,89]]},{"type":"Polygon","id":"Charente","arcs":[[90,91,92,93,94]]},{"type":"MultiPolygon","id":"Charente-Maritime","arcs":[[[95]],[[96]],[[97,-93,98,99,100,101]]]},{"type":"Polygon","id":"Cher","arcs":[[102,-33,103,104,105,106]]},{"type":"Polygon","id":"Corrèze","arcs":[[107,-89,108,109,110,111]]},{"type":"MultiPolygon","id":"Corse-du-Sud","arcs":[[[112]],[[113]],[[114,115]]]},{"type":"Polygon","id":"Côte-d'Or","arcs":[[116,117,118,119,120,-58,121]]},{"type":"Polygon","id":"Côtes-d'Armor","arcs":[[122,123,124,125]]},{"type":"Polygon","id":"Creuse","arcs":[[-104,-32,126,-112,127,128]]},{"type":"Polygon","id":"Deux-Sèvres","arcs":[[129,-94,-98,130,131]]},{"type":"Polygon","id":"Dordogne","arcs":[[-110,132,133,134,-99,-92,135]]},{"type":"Polygon","id":"Doubs","arcs":[[136,137,138,139]]},{"type":"Polygon","id":"Drôme","arcs":[[140,-38,141,-43,142],[143]]},{"type":"Polygon","id":"Essonne","arcs":[[144,145,146,147,148,149]]},{"type":"Polygon","id":"Eure","arcs":[[150,151,152,153,154,-85,155,156]]},{"type":"Polygon","id":"Eure-et-Loir","arcs":[[-148,157,158,159,160,-154,161]]},{"type":"MultiPolygon","id":"Finistère","arcs":[[[162]],[[-125,163,164]]]},{"type":"Polygon","id":"Gard","arcs":[[165,-80,166,167,-68,168,-45]]},{"type":"Polygon","id":"Gers","arcs":[[169,170,171,172,173,174]]},{"type":"Polygon","id":"Gironde","arcs":[[-100,-135,175,176,177]]},{"type":"Polygon","id":"Haute-Rhin","arcs":[[178,179,180,-75]]},{"type":"MultiPolygon","id":"Haute-Corse","arcs":[[[181]],[[-115,182]]]},{"type":"Polygon","id":"Haute-Garonne","arcs":[[-65,-56,183,184,-171,185,186]]},{"type":"Polygon","id":"Haute-Loire","arcs":[[187,-47,188,-86,189]]},{"type":"Polygon","id":"Haute-Marne","arcs":[[190,191,192,-122,-57,193]]},{"type":"Polygon","id":"Haute-Saône","arcs":[[194,-139,195,-117,-193,196]]},{"type":"Polygon","id":"Haute-Savoie","arcs":[[197,-16,198]]},{"type":"Polygon","id":"Haute-Vienne","arcs":[[-128,-111,-136,-91,199,200]]},{"type":"Polygon","id":"Hautes-Alpes","arcs":[[201,-39,-141,202,203]]},{"type":"MultiPolygon","id":"Hautes-Pyrénées","arcs":[[[204]],[[205]],[[-185,206,207,-172]]]},{"type":"Polygon","id":"Hauts-de-Seine","arcs":[[208,209,-150,210,211,212]]},{"type":"Polygon","id":"Hérault","arcs":[[213,-62,214,-69,-168]]},{"type":"Polygon","id":"Ille-et-Vilaine","arcs":[[215,216,217,218,219,-123,220]]},{"type":"Polygon","id":"Indre","arcs":[[-105,-129,-201,221,222,223]]},{"type":"Polygon","id":"Indre-et-Loire","arcs":[[-223,224,225,226,227]]},{"type":"Polygon","id":"Isère","arcs":[[228,-203,-143,-49,229,230,-18]]},{"type":"Polygon","id":"Jura","arcs":[[-138,231,-14,232,-118,-196]]},{"type":"Polygon","id":"Landes","arcs":[[233,-174,234,235,-177]]},{"type":"Polygon","id":"Loir-et-Cher","arcs":[[236,-106,-224,-228,237,-159]]},{"type":"Polygon","id":"Loire","arcs":[[238,-230,-48,-188,239,-30,240]]},{"type":"Polygon","id":"Loire-Atlantique","arcs":[[241,242,243,244,-219]]},{"type":"Polygon","id":"Loiret","arcs":[[245,246,247,-107,-237,-158,-147]]},{"type":"Polygon","id":"Lot","arcs":[[-88,-72,248,249,-133,-109]]},{"type":"Polygon","id":"Lot-et-Garonne","arcs":[[-250,250,-175,-234,-176,-134]]},{"type":"Polygon","id":"Lozère","arcs":[[-46,-169,-67,-87,-189]]},{"type":"Polygon","id":"Maine-et-Loire","arcs":[[251,-226,252,-132,253,-242,-218,254]]},{"type":"MultiPolygon","id":"Manche","arcs":[[[255]],[[-83,256,257,-216,258]]]},{"type":"Polygon","id":"Marne","arcs":[[259,-194,-61,260,-23,-51]]},{"type":"Polygon","id":"Mayenne","arcs":[[261,-255,-217,-258,262]]},{"type":"Polygon","id":"Meurhe-et-Moselle","arcs":[[263,264,265,266]]},{"type":"Polygon","id":"Meuse","arcs":[[-266,267,-191,-260,-50,268]]},{"type":"MultiPolygon","id":"Morbihan","arcs":[[[269]],[[-220,-245,270,-164,-124]]]},{"type":"Polygon","id":"Moselle","arcs":[[-77,-264,271]]},{"type":"Polygon","id":"Nièvre","arcs":[[-120,272,-28,-103,-248,273]]},{"type":"MultiPolygon","id":"Nord","arcs":[[[274]],[[-27,275,276,277]]]},{"type":"Polygon","id":"Oise","arcs":[[-25,278,279,-151,280,281]]},{"type":"Polygon","id":"Orne","arcs":[[-155,-161,282,-263,-257,-82]]},{"type":"Polygon","id":"Paris","arcs":[[283,-209,284]]},{"type":"Polygon","id":"Pas-de-Calais","arcs":[[285,286,-277],[-275]]},{"type":"Polygon","id":"Puy-de-Dôme","arcs":[[-240,-190,-90,-108,-127,-31]]},{"type":"Polygon","id":"Pyrénées-Atlantiques","arcs":[[-173,-208,287,-235],[-206],[-205]]},{"type":"Polygon","id":"Pyrénées-Orientales","arcs":[[288,-54,-64],[289]]},{"type":"Polygon","id":"Rhône","arcs":[[-19,-231,-239,290]]},{"type":"Polygon","id":"Saône-et-Loire","arcs":[[-233,-20,-291,-241,-29,-273,-119]]},{"type":"Polygon","id":"Sarthe","arcs":[[-160,-238,-227,-252,-262,-283]]},{"type":"Polygon","id":"Savoie","arcs":[[291,-204,-229,-17,-198]]},{"type":"Polygon","id":"Seien-et-Marne","arcs":[[-261,-60,292,-246,-146,293,294,295,-279,-24]]},{"type":"Polygon","id":"Seine-Maritime","arcs":[[-281,-157,296,297]]},{"type":"Polygon","id":"Seine-Saint-Denis","arcs":[[298,-285,-213,299,-295]]},{"type":"Polygon","id":"Somme","arcs":[[-286,-276,-26,-282,-298,300]]},{"type":"Polygon","id":"Tarn","arcs":[[-215,-66,-187,301,-70]]},{"type":"Polygon","id":"Tarn-et-Garonne","arcs":[[-71,-302,-186,-170,-251,-249]]},{"type":"Polygon","id":"Territoire de Belfort","arcs":[[-180,302,-140,-195,303]]},{"type":"Polygon","id":"Val-d'Oise","arcs":[[-296,-300,-212,304,-152,-280]]},{"type":"Polygon","id":"Val-de-Marne","arcs":[[-294,-145,-210,-284,-299]]},{"type":"MultiPolygon","id":"Var","arcs":[[[305]],[[306]],[[-41,307,-78,-36]]]},{"type":"MultiPolygon","id":"Vaucluse","arcs":[[[-37,-81,-166,-44,-142]],[[-144]]]},{"type":"MultiPolygon","id":"Vendée","arcs":[[[308]],[[309]],[[-254,-131,-102,310,-243]]]},{"type":"Polygon","id":"Vienne","arcs":[[-225,-222,-200,-95,-130,-253]]},{"type":"Polygon","id":"Vosges","arcs":[[-181,-304,-197,-192,-268,-265,-76]]},{"type":"Polygon","id":"Yonne","arcs":[[-121,-274,-247,-293,-59]]},{"type":"Polygon","id":"Yvelines","arcs":[[-211,-149,-162,-153,-305]]}]}},"arcs":[[[84,4945],[-1,-1],[-1,-4],[-1,-2],[-1,0],[-1,-1],[-1,1],[-1,2],[1,1],[1,1],[1,1],[0,2],[-1,2],[-1,-1],[-2,-1],[-1,0],[0,1],[-3,0],[-5,1],[-1,-1],[-2,-1],[-1,0],[-1,0],[-2,5],[0,1],[0,1],[-1,0],[2,4],[2,2],[1,1],[1,-2],[1,-1],[2,1],[0,2],[0,1],[-1,1],[0,2],[-1,3],[-1,-1],[-1,0],[-1,0],[-1,0],[-1,-1],[-1,1],[-1,2],[-3,4],[-2,2],[0,3],[-1,1],[0,1],[-1,1],[1,1],[0,1],[0,1],[0,2],[-1,1],[0,2],[-3,4],[0,2],[-1,1],[1,2],[0,2],[1,1],[3,3],[3,0],[3,-1],[4,-4],[3,-3],[2,-1],[0,-1],[0,-1],[1,-1],[1,-1],[1,-4],[1,1],[2,1],[2,1],[2,0],[-1,0],[0,-1],[0,-1],[-2,-3],[-1,2],[-1,0],[0,-3],[0,-3],[1,0],[1,0],[1,-1],[-3,-2],[1,-1],[-1,-1],[0,-1],[1,0],[1,1],[2,-2],[-1,0],[0,-1],[0,-2],[1,-1],[2,-1],[0,-1],[0,-1],[0,-1],[1,0],[1,-1],[0,-1],[0,-1],[0,-1],[1,1],[0,-2],[0,-2],[0,-1],[1,-2],[-1,0],[0,-1],[0,-1],[1,-1],[0,-1],[0,-3],[1,-1],[0,-1]],[[860,3507],[-7,-6],[-2,-3],[-1,-4],[-1,-4],[-1,-4],[-1,-3],[-6,-10],[-2,-2],[-1,-1],[0,-2],[0,-2],[0,-2],[-1,-1],[-1,0],[-1,0],[-1,-3],[-1,-2],[-1,-6],[0,-3],[-4,-9],[-1,-4],[-1,-2],[-1,-1],[0,-1],[0,-1],[0,-1],[-12,-31],[-1,-1],[-1,-1],[-1,0],[-1,0],[-2,-3],[-1,-6],[-3,-4],[-1,-3],[0,-3],[1,-6],[0,-1],[-6,-16],[0,-2],[0,-2],[1,-1],[0,-1],[-1,-1],[-1,-1],[-1,0],[0,-1],[-1,-2],[-7,-24],[0,-4],[0,-1],[-1,-1],[-2,-1],[0,-2],[1,-3],[1,-2],[0,-2],[-1,-1],[0,-1],[-1,-1],[-1,-6],[-3,-6],[-3,-4],[-2,-6],[-1,-2],[-1,-2],[-10,-10],[-4,-2],[-1,-2],[-1,-3],[-1,-3],[0,-2],[-1,-1],[-1,0],[-1,0],[-1,-1],[0,-1],[-1,-1],[-2,0],[-3,1],[-3,1],[-3,3],[-2,1],[-2,0],[-10,-3],[-1,0],[-1,1],[1,2],[1,2],[2,1],[0,2],[-6,7],[-2,5],[0,1],[-2,0],[0,-1],[-2,-4],[-1,-2],[-3,-1],[-4,-4],[-1,-1],[-3,0],[-1,-1],[-2,1],[-2,2],[-2,1],[-3,0],[-1,1],[-6,4],[-2,0],[-1,0],[0,1],[1,3],[0,1],[-1,2],[-1,1],[-2,-1],[-1,-1],[-1,-2],[-1,-2],[-1,-2],[-1,-1],[-2,0],[-1,-2],[-1,-2],[-1,-1],[-2,0],[-1,0],[0,-4],[-1,-2],[-1,-2],[-4,-2],[0,-1],[-1,-1],[-1,0],[-1,1],[-2,0],[-1,-1],[0,-2],[-2,-5],[-1,-2],[-2,-1],[-1,1],[-1,1],[-2,5],[-1,1],[-1,-1],[-2,0],[-1,-1],[-2,0],[-4,0],[-1,1],[-1,1],[-2,3],[-1,1],[-1,0],[-1,0],[-1,1],[-2,1],[-4,1],[-1,1],[-2,3],[-3,3],[0,2],[2,0],[-2,3],[-1,2],[-2,1],[-3,0],[2,3],[1,0],[3,-1],[2,0],[1,1],[2,10],[1,0],[1,1],[1,0],[2,1],[1,0],[4,7],[1,3],[3,14],[3,10],[7,13],[0,2],[2,7],[0,1],[1,1],[-1,1],[0,1],[-1,1],[1,2],[0,1],[1,3],[0,1],[1,4],[0,2],[-1,0],[-1,2],[0,2],[1,1],[0,1],[0,2],[0,3],[-1,0],[0,1],[0,1],[0,1],[1,0],[0,3],[0,3],[-1,2],[-2,0],[2,7],[1,3],[3,6],[2,5],[3,4],[1,2],[0,3],[1,2],[0,2],[3,5],[1,6],[0,10],[1,6],[1,3],[0,2],[-1,2],[-1,2],[-1,1],[-1,-1],[-1,0],[-1,0],[-2,5],[-1,10],[-1,2],[-2,4],[-1,1],[-3,1],[-1,1],[0,1],[-1,1],[-1,3],[-1,2],[0,-1],[0,2],[-2,1],[-2,6],[0,1],[-2,2],[0,1],[-1,5],[-1,1],[-3,5],[0,2],[0,3],[0,2],[1,5],[0,2],[0,3],[-1,1],[-3,1],[-1,2],[-1,2],[0,2],[1,2],[0,3],[0,3],[-1,6],[-2,9],[-2,15],[1,3],[1,5],[1,3],[0,5],[0,2],[-1,5],[-1,3],[1,3],[0,2],[-1,3],[-1,0],[-1,1],[-1,0],[0,2],[0,17],[0,2],[-1,2],[1,1],[2,3],[1,2],[-1,6],[0,2],[1,2],[1,4],[5,9],[0,1],[0,1],[1,1],[1,2],[1,1],[1,5],[0,2],[1,2],[4,6],[7,8],[1,3],[3,2],[3,3],[2,3],[2,4],[2,10],[2,5],[0,2],[1,14],[2,5],[2,4],[0,3],[1,0],[4,-1],[3,-1],[2,-1],[1,-1],[1,0],[0,1],[-2,1],[1,0],[1,0],[3,-2],[2,-3],[1,-1],[2,-2],[2,-1],[9,-7],[3,-2],[3,-3],[2,-1],[1,0],[3,-2],[3,1],[6,-3],[3,-1],[2,0],[1,-1],[2,-3],[1,-2],[2,1],[0,2],[-1,0],[-2,2],[-2,2],[-1,1],[-1,0],[0,1],[1,1],[1,-1],[1,-1],[3,-2],[4,-2],[2,-1],[2,-1],[4,-5],[3,-1],[3,-2],[1,1],[3,-2],[6,-5],[5,-9],[4,-3],[3,-7],[6,-8],[12,-18],[1,-1],[0,-1],[0,-1],[0,-1],[1,1],[1,-1],[2,-1],[7,-10],[1,-5],[0,-5],[1,1],[2,5],[2,1],[2,0],[2,-2],[1,-3],[1,-3],[-2,-4],[-3,-7],[-2,-7],[0,-5],[1,2],[0,1],[1,1],[0,1],[0,4],[1,3],[1,3],[4,3],[1,3],[2,-1],[1,-3],[2,-2],[0,-3],[1,-2],[6,-5],[3,-4],[3,-5],[2,-6],[1,-6],[0,-5],[2,-11],[1,-5],[-1,-7],[-2,-3],[-3,-2],[-2,-5],[5,3],[3,2],[1,3],[0,2],[1,3],[0,3],[0,20],[0,5],[1,4],[2,1],[1,0],[1,0],[2,-1],[4,-6],[0,-2],[0,-2],[2,-5],[1,-3],[0,-3],[0,-4],[1,-3],[2,0],[-1,-1],[0,-1],[0,-1],[-1,0],[0,-1],[1,-2],[1,-2],[1,0],[1,-1],[1,-1],[0,-2],[-1,-1],[-1,-1],[0,-3],[0,-2],[0,-2],[4,-9],[1,-3],[0,-4],[1,-5],[-1,-4],[-1,-9],[-1,-2]],[[9993,37],[2,-1],[3,-2],[1,-2],[0,-2],[0,-3],[-1,-2],[-2,-10],[0,-3],[0,-3],[0,-3],[-1,-2],[-1,-1],[-3,0],[-2,0],[-3,-3],[-2,0],[-2,0],[-1,1],[-1,-1],[-2,0],[-3,0],[-1,1],[-2,1],[-3,3],[-2,1],[-4,2],[-1,1],[-1,2],[0,1],[-1,1],[-1,0],[-2,0],[-1,1],[-1,2],[-2,5],[-1,3],[-1,3],[0,2],[0,2],[-4,8],[-1,3],[0,3],[0,2],[0,3],[1,2],[3,2],[1,2],[0,3],[0,2],[0,1],[0,1],[1,1],[3,0],[2,3],[4,3],[4,0],[2,0],[2,-1],[1,-1],[1,1],[1,-1],[4,0],[1,0],[1,-1],[4,-2],[1,-1],[1,-1],[1,-3],[1,-2],[0,-4],[1,-2],[2,-3],[0,-1],[0,-3],[1,-1],[0,-1],[0,-1],[2,-1],[0,-1],[1,-3]],[[9101,1182],[-1,0],[-1,6],[1,2],[1,1],[0,-3],[0,-2],[0,-2],[0,-2]],[[9084,1202],[0,-1],[1,-1],[1,-1],[1,-3],[1,-2],[1,0],[3,0],[2,-1],[1,-1],[1,-2],[0,-2],[-1,-2],[-2,-5],[-1,-1],[1,-1],[0,-2],[2,-1],[-1,-2],[0,-2],[0,-1],[-1,-3],[-2,-2],[0,-3],[1,-4],[0,-1],[-1,-1],[-1,1],[-1,-1],[-1,0],[-1,0],[-1,1],[-1,0],[0,2],[0,1],[-1,1],[-2,-1],[0,1],[2,1],[0,3],[-1,2],[-1,1],[0,1],[1,1],[1,0],[0,-1],[2,-3],[1,-1],[1,1],[0,1],[0,3],[-1,1],[-1,2],[-2,3],[1,1],[0,1],[0,1],[0,2],[-1,4],[0,2],[-1,1],[-1,1],[-1,1],[0,1],[-1,1],[0,2],[0,2],[4,7],[1,-1],[0,-1],[-1,0]],[[15,5137],[-1,-1],[0,1],[0,2],[1,0],[0,-1],[0,-1]],[[18,5141],[0,-1],[-1,0],[0,1],[1,0]],[[18,5138],[-1,0],[1,1],[1,2],[1,0],[0,-1],[-1,-1],[-1,-1]],[[47,5141],[-3,-1],[-2,0],[-1,4],[0,1],[-1,1],[0,1],[0,1],[0,1],[1,1],[0,2],[1,2],[1,3],[2,1],[2,0],[2,-3],[1,-4],[1,-2],[0,-1],[0,-2],[0,-1],[-1,-1],[-1,-2],[-2,-1]],[[64,5200],[-2,-1],[-2,0],[1,1],[3,5],[3,1],[2,-1],[-5,-5]],[[18,5205],[-1,0],[1,1],[1,0],[-1,-1]],[[16,5196],[1,0],[1,-2],[0,2],[1,1],[1,0],[1,-1],[0,-3],[0,-3],[-2,-1],[0,-1],[0,-7],[1,-5],[0,-7],[0,-7],[-3,-5],[-4,-4],[-4,-3],[0,1],[-1,2],[1,1],[-1,2],[-1,1],[0,1],[-1,1],[-1,2],[0,1],[-1,1],[0,1],[-2,5],[0,11],[-1,5],[1,2],[-1,2],[0,1],[-1,2],[0,2],[0,4],[0,2],[1,1],[1,4],[2,2],[1,0],[1,0],[0,-2],[1,0],[2,-1],[4,-2],[2,-2],[2,-3],[-1,-1]],[[38,5204],[1,-1],[1,1],[0,-1],[1,0],[1,0],[1,0],[1,-1],[2,-2],[0,-1],[1,-1],[5,-5],[1,0],[1,-1],[-1,-1],[-1,0],[-2,1],[-1,0],[-1,1],[-15,-6],[-3,-2],[-1,0],[-2,0],[-2,1],[-1,2],[-2,1],[0,2],[-1,2],[0,1],[1,2],[1,8],[1,1],[1,1],[1,0],[0,1],[0,2],[0,1],[-1,0],[0,1],[-1,0],[-1,1],[0,4],[-1,2],[0,1],[1,2],[1,2],[1,1],[1,1],[2,2],[1,1],[3,-3],[1,-3],[1,-3],[0,-3],[0,-4],[0,-1],[1,-2],[1,-2],[1,-2],[1,-1]],[[5703,9360],[0,-5],[1,-2],[2,0],[1,-1],[1,-1],[0,-1],[0,-1],[1,-2],[1,-1],[0,-1],[2,-1],[1,0],[1,-2],[1,-1],[2,0],[0,-1],[0,-1],[0,-1],[0,-2],[0,-1],[0,-1],[1,0],[2,-1],[1,0],[0,1],[1,0],[2,1],[0,1],[1,1],[1,1],[1,0],[1,0],[0,1],[0,1],[1,1],[1,2],[2,1],[4,-4],[1,-1],[0,-2],[0,-1],[1,-1],[1,-1],[9,0],[2,0],[1,0],[1,1],[3,3],[0,1],[1,0],[0,1],[1,1],[1,0],[0,1],[1,2],[0,1],[3,3],[1,1],[0,1],[4,5]],[[5767,9355],[4,-3],[1,-2],[1,-2],[1,-1],[-2,-4],[-1,-3],[0,-1],[-1,-4],[0,-2],[0,-1],[0,-1],[-2,-1],[-1,0],[-1,1],[0,-1],[-5,-2],[-3,-2],[0,-1],[1,-2],[2,-2],[-1,-2],[0,-1],[-2,-3]],[[5758,9315],[-1,-1],[-2,1],[-1,-1],[-1,-2],[-1,-1],[-1,-1],[-1,0],[0,1],[-1,1],[-2,-2],[0,-6],[1,-11],[0,-5]],[[5748,9288],[0,-5],[-3,-9],[-1,-3],[0,-2],[0,-1],[0,-1],[-1,0],[0,-1],[0,-1],[0,-1],[0,-1],[0,-1],[0,-1],[-1,0],[0,-1],[0,-1],[0,-1],[-1,0],[0,-1],[-1,0],[-1,0],[-1,-1],[-2,-2],[-3,-4],[-2,-2],[-1,0],[-2,1]],[[5728,9249],[-3,7],[-2,2],[-5,6],[-3,4],[-1,6],[0,1],[-4,5],[-2,0],[-1,0],[-1,0],[-1,-1],[-1,-2],[-4,-8],[-1,-1],[-2,-1],[-1,1],[-3,2],[-2,1],[-3,1],[-1,1],[-1,0]],[[5686,9273],[-3,-1],[-2,0],[-5,1],[-1,0],[-3,-2],[-2,0],[0,3],[-1,3],[0,3],[-2,1],[-1,2],[-2,1],[-2,0],[-1,2],[-1,1],[-1,2],[-3,1],[0,1],[-1,1],[1,5],[0,3],[0,3],[0,2],[0,3],[1,4],[1,1],[1,4],[1,1],[0,3]],[[5660,9321],[0,1],[-1,1],[1,0],[0,2],[1,7],[1,0],[4,12],[0,1],[0,1],[0,1],[1,1],[0,1],[1,3],[1,1],[0,1],[1,5],[0,1],[1,2],[0,1],[0,1],[0,1],[1,1],[0,1],[2,0],[1,0],[1,0],[3,-2],[2,0],[1,0],[6,2],[2,0],[1,0],[1,0],[2,-2],[1,-2],[2,-1],[6,-2]],[[5603,9845],[5,-2],[1,-1],[1,1]],[[5610,9843],[1,-3],[-1,-3],[1,-1],[1,-1],[1,-3],[0,-1],[0,-1],[0,-1],[-1,-2],[-1,-2],[-1,-2],[0,-5],[0,-1],[1,-1],[1,-2],[0,-1],[0,-2],[-1,-1],[-3,-3],[-2,-1],[0,-1],[-1,0],[-1,-1],[-1,-1],[-1,-3],[-1,0],[-1,-1],[-2,0],[-1,0],[0,-1],[-1,-1],[0,-1],[1,-2],[0,-2],[1,0],[0,-1],[0,-2],[0,-1],[0,-1],[0,-1],[0,-2],[0,-1],[0,-1],[-2,-1],[0,-2],[0,-1],[0,-1],[2,-3],[0,-1],[-2,-1],[-1,-1],[0,-1],[1,-1],[1,-2]],[[5597,9767],[0,-3],[-1,-1],[0,-1],[-1,-1],[-1,0],[-2,1],[-1,0],[-1,-1],[-1,0],[-1,0],[-2,2],[-1,0],[-1,1],[-2,0],[-1,-1],[-1,-1],[0,-1],[0,-1],[0,-1],[-1,0],[-5,-1],[-7,-2],[-3,-2],[-2,-1],[0,-1],[1,-2],[1,-1],[0,-1],[0,-6],[0,-1],[0,-1],[1,-1],[1,0],[1,0],[0,-1],[1,-1],[1,0],[1,-1],[0,-1],[0,-1],[0,-1],[-1,-1],[-1,-1],[-1,0],[-4,1],[-1,0],[-1,-1],[-1,-1],[0,-1],[0,-1],[0,-1],[0,-1],[1,-1],[-1,-2],[0,-1],[-1,-1],[-1,-1],[-1,-1],[0,-1],[0,-1],[0,-1],[1,0],[0,-1],[3,1],[1,0],[1,-1],[1,0],[0,-1],[0,-1],[0,-1],[-1,-1],[-1,0],[-1,-2],[-1,-2],[-2,-1],[-1,-1],[0,-1],[-1,-1],[0,-1],[-5,-6],[-1,-1],[-1,-2],[-1,-3]],[[5548,9690],[-3,0],[-1,0],[-1,1],[-3,2],[-1,1],[0,1],[0,2],[-1,2],[0,1],[-1,1],[0,-1],[-2,0],[-1,0],[-12,12],[-1,0],[0,2],[0,1],[1,1],[0,1],[0,2],[-1,3],[-1,1],[-1,1],[-5,2]],[[5514,9726],[1,1],[1,1],[1,2],[1,2],[0,2],[-1,2],[-1,1],[-3,1],[-2,0],[-4,-1],[-1,0],[-1,0],[-1,2],[0,3],[2,1],[2,2],[1,2],[0,2],[-1,1],[-4,5],[2,2],[5,1],[2,1],[1,3],[2,7],[1,1],[1,0],[1,-1],[1,0],[1,1],[0,1],[0,2],[0,1],[-1,1],[-1,1],[-1,1],[-1,2],[0,1],[0,2],[1,7],[0,2],[0,2],[-2,3],[0,1],[0,2],[1,7],[0,1],[0,1]],[[5517,9808],[-1,2],[0,5],[0,2],[-1,0],[-2,0],[-1,1],[0,2],[0,1],[2,1],[0,1],[0,2],[0,3],[0,2],[1,1],[1,1],[1,1],[3,8],[3,4],[0,1],[0,1],[-3,5]],[[5520,9852],[6,1],[3,0],[5,-2],[1,1],[1,0],[1,1],[1,0],[1,0],[1,0],[2,-1],[3,-1],[2,0],[1,1],[1,1],[1,0],[1,1],[1,0],[2,2],[1,0],[1,0],[2,-2],[1,0],[2,0],[1,1],[1,1],[2,1],[1,0],[1,0],[4,-1],[9,-1],[0,-1],[1,0],[0,-1],[1,-1],[1,0],[1,0],[1,1],[1,1],[1,0],[2,1],[1,0],[1,-1],[0,-1],[0,-3],[0,-1],[0,-1],[1,0],[7,-3],[1,0],[1,0],[1,0],[1,0]],[[5510,9406],[0,-1],[0,-1],[0,-1],[0,-1],[1,-2],[2,-1],[2,-1],[0,-1],[1,0],[1,1],[1,-1],[2,0],[1,-1],[2,-3],[0,-1],[1,0],[1,0],[4,2],[1,0],[1,0],[3,-1],[1,0],[2,-1],[0,-1],[1,1],[1,1],[1,1],[1,1],[1,0],[2,-1],[1,-2],[0,-1],[1,-1],[0,-1],[0,-1],[0,-1],[1,0],[1,0],[1,0],[4,3],[1,0],[1,1],[0,1],[0,1],[0,1],[1,1],[1,1],[0,1],[0,1],[1,1],[2,0]],[[5560,9399],[2,-4],[0,-1],[1,-2],[1,-2],[1,-1],[1,-1],[1,-1],[0,-2],[2,-2],[1,-1],[0,-1],[0,-2],[0,-4],[0,-1],[0,-1],[1,-1],[1,0],[1,-1],[0,-1],[1,0],[1,0],[0,-1],[1,0],[1,0],[1,0],[1,-2],[2,-1],[0,-1],[1,0],[2,-1],[3,0],[0,-1],[1,0],[2,-1],[0,-1],[0,-1],[0,-1],[0,-1],[1,0],[0,-1],[0,-1],[0,-1],[-1,-4],[0,-1],[0,-1],[1,0],[0,-1],[0,-1],[0,-1],[0,-1],[1,-1],[0,-1],[0,-1],[-1,-1],[-1,-1],[-8,-5]],[[5582,9335],[-5,-2],[-1,0],[0,-1],[-1,0],[0,-1],[-1,-1],[-1,-1],[-1,0],[0,-2],[1,0],[0,-1],[1,0],[0,-1],[0,-2],[0,-1],[0,-1],[0,-2],[0,-1],[0,-3],[0,-2],[0,-1],[1,-4],[0,-2],[1,-4],[0,-1],[0,-1],[0,-1],[1,-1],[-1,-1],[0,-1],[-1,-1],[-2,-1],[-5,-1],[-3,-2]],[[5565,9291],[-2,1],[-4,4],[-2,2],[-6,1],[-3,0],[-2,-2],[0,3],[-2,7],[-9,-4],[-1,2],[-7,2],[-8,-1],[-1,1],[-1,1],[-2,4],[-2,0],[-3,-1],[-2,0],[-2,2],[-3,4],[-2,4],[-1,5],[0,4],[-1,2],[-1,1],[-2,0],[-2,0],[-1,-1],[-1,-2],[-1,-1],[1,-3],[-1,-1],[-1,-1],[-5,3],[-1,1],[0,-1],[0,-2],[0,-2],[-1,-1],[0,-2],[-3,-4],[-3,-2],[-2,0],[-3,1],[-2,1]],[[5470,9316],[-1,2],[-1,3],[-1,2],[0,1],[-1,3],[0,1],[-4,6],[-1,2],[-1,0],[-1,-1],[-1,0],[0,1],[-1,1],[0,1],[0,1],[-1,1],[-3,0],[-1,1],[-1,0],[-1,1],[0,3],[-1,1],[0,2],[-2,2],[-3,5]],[[5444,9355],[2,4],[0,2],[1,1],[1,0],[1,1],[1,1],[1,2],[5,3],[2,0],[1,1],[1,-1],[1,0],[2,1],[4,0],[7,3],[1,0],[0,1],[0,1],[-1,1],[0,1],[-2,2],[0,1],[0,1],[0,1],[0,1],[0,1],[-1,2],[0,1],[0,1],[1,0],[2,0],[1,0],[0,1],[0,2],[0,1],[3,0],[1,1],[3,3],[1,2],[1,0],[0,-1],[1,0],[3,-2],[0,1],[2,1],[0,1],[2,0],[0,-1],[1,0],[1,1],[1,1],[0,1],[1,1],[5,4],[4,1],[2,0],[3,0]],[[5842,9112],[-1,-2],[1,-3],[-1,-1],[-3,-6],[-4,-4],[-1,-1],[0,-5],[2,-4],[3,-3],[2,-2],[-3,-2],[0,-1],[-1,-4],[0,-1],[0,-1],[0,-1],[0,-1],[1,0]],[[5837,9070],[-2,-2],[-3,-1],[-2,-2],[-3,-5],[-2,-3],[-1,-2],[-2,-8],[-1,-5],[2,-4],[2,-3],[1,-4],[0,-5],[3,-2],[3,-2],[3,-7],[5,-5],[2,-3],[-3,-1],[-1,0],[-4,3],[-2,0],[-1,0],[-1,-1],[-2,-3],[-1,-1],[-4,0],[-1,-1],[-1,-1],[0,-1],[0,-1],[0,-2],[1,-2],[0,-1],[0,-1],[-1,0],[-2,-1],[-2,0],[-1,-1]],[[5816,8992],[-2,2],[-1,0],[-2,-1],[-2,-1],[-1,0],[-1,1],[0,1],[-1,0],[-2,-1],[-2,-1],[-2,1],[-2,-1],[-1,-1],[-1,-3],[-1,-3],[-3,0],[-2,1],[-5,6],[-2,1],[-3,-1],[-6,-7],[-6,-3],[-2,-3],[-1,-3],[-1,0],[-1,0],[-2,4],[-1,2],[-1,1],[-2,3],[-1,0],[-2,0],[0,-1],[-1,-1],[-1,-1],[-2,0],[-7,5],[-1,-3],[-1,-1]],[[5741,8984],[-8,11],[-4,3],[-6,-2],[1,3],[3,7],[0,2],[0,2],[-1,2],[-1,1],[-3,0],[-1,1],[-1,1],[0,2],[3,7],[0,2],[0,2],[0,1],[-2,1],[-1,0],[0,8]],[[5720,9038],[3,2],[2,3],[1,1],[1,2],[1,0],[2,-1],[1,0],[1,-1],[0,-1],[0,-1],[1,0],[0,-1],[1,1],[0,1],[0,3],[1,1]],[[5735,9047],[2,0],[8,3],[2,0],[4,-2],[2,-1],[1,2],[-1,1],[-4,5],[-2,2],[0,2],[1,3],[2,0],[5,-4],[0,3],[0,2],[0,1],[-1,1],[0,1],[0,1],[1,2],[1,1],[1,1],[1,5],[1,1],[1,1],[3,2],[2,1],[3,4],[2,1],[1,0],[1,0],[1,0],[1,-1],[1,-3],[1,-1],[2,-1],[2,-5],[2,-1],[2,2],[1,3],[0,3],[-1,4],[3,1],[3,2],[3,6],[6,-8],[3,-3],[4,-1],[8,0],[2,0],[1,4],[2,3],[0,2],[1,3],[0,1],[3,0],[6,8],[7,4],[3,3],[1,1],[2,0]],[[5851,8955],[1,0],[1,-1],[-1,0],[-1,0],[-1,0],[0,1],[1,0]],[[5841,8949],[-3,3],[-1,2],[0,4],[2,3],[1,2],[-1,3],[-1,1],[-1,0],[-1,0],[-2,0],[-1,1],[-5,5],[-1,1],[0,1],[1,3],[-1,2],[-1,4],[0,1],[-3,0],[-4,2],[-2,2],[-1,3]],[[5837,9070],[1,-2],[1,-2],[1,-2],[0,-1],[1,-1],[2,-2],[1,-1],[0,-1],[0,-1],[1,-2],[1,-1],[1,0],[1,0],[1,0],[1,0],[1,0],[5,-3],[3,-1],[9,-7],[2,-1],[2,0],[1,-1],[1,-1],[0,-1],[1,-1],[1,0],[3,0],[15,5],[3,0],[3,3],[3,-1],[-1,-4],[1,-3],[1,-2],[1,-3],[1,0],[0,-3],[-1,-1],[-2,-1],[0,-2],[-1,-1],[-1,-3],[0,-2],[-2,-2],[-5,-5],[-1,-3],[-4,-5],[-1,-3],[0,-3],[2,-7],[-1,-1],[-1,0],[-1,0],[1,-2],[-1,-1],[-1,0],[0,-1],[-1,-1],[-1,0],[-1,1],[-1,1],[-2,0],[-1,-2],[-1,-2],[0,-1],[-1,-1],[-1,-1],[0,-2],[-1,-1],[-1,0],[-1,0],[-2,1],[-2,-1],[-1,-1],[-2,-1],[1,-1],[-2,-3],[-1,0],[0,2],[-2,0],[-1,-1],[-1,0],[-1,-1],[0,-1],[-1,-1],[0,-3],[0,-4],[0,-1],[1,-1],[0,-2],[-1,0],[-1,2],[-1,0],[-2,0],[-1,-1],[-1,-1],[-1,-1],[-1,-1],[0,2],[-2,-1],[-2,1],[-1,-1],[-1,-1],[-2,-1],[0,-2],[1,-1],[0,-1],[-2,-3]],[[5661,9200],[0,-3],[0,-2],[0,-4],[0,-5],[1,-5],[0,-4],[0,-3],[2,-1],[-1,-2],[1,-1],[1,-1],[0,-1],[0,-2],[-1,-2],[0,-2],[1,-3],[2,-5],[1,-2],[0,-2],[-2,-7],[-1,-1],[0,-1],[-2,-2],[0,-1],[-1,-2],[-1,-1],[-1,-1],[-1,-2],[-1,-1],[0,-3],[-1,-3],[1,-2],[1,-4],[1,-2],[-1,-5],[-2,-4],[-2,-3],[-2,-5],[-1,-14],[-1,-1],[-1,-4],[-1,-1],[0,-1],[0,-1],[0,-3],[-1,-9]],[[5648,9066],[0,-6]],[[5648,9060],[-4,1],[-2,1],[-1,1],[0,1],[-1,0],[0,1],[-1,0],[0,1],[-3,1],[-2,1],[-2,-1],[-1,0],[-1,-1],[0,-2],[0,-1],[-1,-1],[0,-1],[-1,0],[-1,0],[-1,2],[-1,0],[0,1],[1,1],[0,1],[-1,1],[0,1],[-1,0],[-3,-1],[-1,0],[-2,-2],[-2,-2],[0,-1],[-1,-1],[-1,-1],[-1,0],[-1,0],[-1,0],[-5,4],[-1,1],[-1,0],[0,1],[-1,1],[-1,0],[-1,-1],[-1,0],[-1,0],[-1,0],[-1,0],[-1,0],[0,1],[-1,4],[0,2],[0,1],[1,1],[0,2],[-1,2],[-1,3],[-2,2]],[[5592,9084],[-3,11],[-1,2],[-1,3],[-2,1],[0,2],[-1,4],[-1,5],[-1,4],[0,1],[-1,0],[0,2],[0,2],[0,4]],[[5581,9125],[2,1],[1,1],[4,7],[1,1],[1,0],[1,1],[1,0],[1,0],[0,1],[1,1],[0,2],[1,0],[0,1],[3,-1],[3,1],[3,0],[1,1],[1,0],[0,1],[2,4],[1,2],[1,1],[0,2],[0,1],[1,1],[1,0],[1,-1],[3,2],[1,0],[1,1],[-1,1],[0,2],[0,1],[0,1],[1,1],[1,1],[2,0],[2,1],[0,1],[0,1],[-1,1],[0,1],[0,1],[1,2],[1,1],[1,1],[0,1],[-1,1],[-1,1],[0,1],[1,1],[1,0],[0,-1],[1,0],[1,-1],[1,-1],[1,0],[0,1],[0,1],[1,2],[0,1],[0,1],[2,4],[0,2],[0,1],[1,1],[0,1],[-2,2]],[[5631,9192],[11,0],[1,0],[0,1],[0,1],[0,4],[0,2],[1,2],[2,2],[7,4],[4,1]],[[5657,9209],[1,-1],[0,-3],[1,-1],[1,-2],[1,-2]],[[5710,9795],[0,-2],[-2,-1],[-1,-1],[-4,-4],[-2,-1],[-1,0],[0,1],[-1,1],[-1,1],[-4,-1],[-1,0],[0,1],[-3,2],[-1,1],[-1,-1],[-1,-1],[-1,0],[0,-1],[-1,-1],[0,-1],[0,-1],[0,-1],[0,-2],[-1,-2],[-1,-1],[0,-1],[1,-2],[0,-1],[1,-1],[1,-1],[0,-1],[1,-3],[0,-1],[-1,-1],[-1,-5],[-2,-2],[-2,-4],[-1,-1],[0,-1],[0,-1],[1,-1],[0,-1],[0,-1],[0,-1],[0,-1],[-2,-2],[-4,-4]],[[5675,9743],[-3,3],[-3,0],[-6,-2],[-10,2],[-7,-3],[-1,2],[-2,3],[-2,2],[-2,1],[-9,-2],[-3,1],[-3,5],[-1,0],[-1,0],[-2,0],[-1,1],[-2,2],[-8,7],[-3,1],[-9,1]],[[5610,9843],[6,0],[12,-3],[1,0],[3,0],[11,6],[4,1],[1,0],[1,2],[0,2],[1,5],[0,1],[-1,0],[0,1],[0,1],[1,2],[9,9],[2,1],[1,-2],[1,0],[2,0],[1,-1],[0,-2],[0,-3],[-1,-2],[-1,1],[0,-1],[-2,-3],[0,-1],[0,-2],[0,-1],[-3,-9],[0,-2],[1,-2],[4,-1],[1,-3],[0,-2],[0,-1],[0,-1],[-1,-2],[0,-1],[-1,-1],[0,-1],[1,-1],[0,-1],[0,-5],[1,-2],[2,0],[2,0],[4,2],[1,0],[1,0],[1,-1],[3,-3],[2,-1],[3,-1],[1,-1],[4,-6],[1,-1],[1,-1],[2,-1],[4,1],[2,0],[2,-2],[1,-2],[1,-2],[-1,-1],[0,-2],[0,-1],[2,-1],[1,1],[0,1],[1,0],[1,0],[3,-1],[0,-1]],[[5397,8920],[-1,-3],[0,-1],[1,-3],[1,-2],[0,-2],[0,-1],[1,0],[1,-1],[1,-2],[1,-1],[1,0],[5,-2],[2,-1],[2,-1],[1,-1],[3,0],[0,-1],[1,-1],[1,-1],[0,-1],[1,-1],[0,-2],[-1,0],[0,-1],[-1,-1],[0,-1],[1,0],[1,-2],[1,-1],[0,-1],[0,-2],[1,-3],[0,-2],[0,-1],[-1,0],[-2,-1],[-1,-1],[0,-1],[1,-1],[1,-1],[1,-1],[0,-1],[1,-4],[0,-1],[-1,-1],[-4,-2],[-1,0],[-1,0],[-1,0],[-1,-1],[0,-1],[-1,-1],[0,-1],[0,-1],[0,-1],[1,0],[1,0],[1,-1],[0,-1],[1,-1],[0,-1],[0,-1],[0,-2],[1,-1],[2,-2],[1,0],[1,0],[1,0],[6,2],[1,0],[1,-1],[1,-1],[1,-2],[0,-1],[1,0],[2,-1],[0,-1],[1,-1],[1,-1],[0,-1],[0,-1]],[[5436,8837],[0,-1],[-1,0],[-5,1],[-7,-2],[-1,0],[-2,-1],[-1,-2],[0,-1],[0,-1],[0,-1],[0,-2],[-1,-1],[0,-1],[-1,-1],[-1,0],[-1,-1],[-3,2],[-1,0],[-2,0],[-6,-1],[-1,-1]],[[5402,8823],[-1,2],[-2,0],[-1,1],[0,3],[-9,1],[-1,1],[-5,4],[-1,-1],[-3,-1],[-2,0],[-2,-5],[-1,-1],[-2,2],[-1,5],[-2,2],[-1,4],[-1,0],[-1,0],[0,1],[0,2],[-2,0],[-10,0],[-3,-1],[-1,0],[-2,2],[0,2],[-1,2],[-1,2],[-1,1],[-2,1],[-7,1],[-1,0],[-1,1],[-1,1],[-1,-1],[-1,0],[-1,-1],[-1,1],[-1,1],[-1,1],[-2,1]],[[5325,8857],[-2,10],[0,3],[1,1],[1,1],[1,1],[0,1],[0,2],[1,1],[3,0],[3,1],[2,2],[1,2],[1,2],[-1,7],[0,3],[1,2],[1,1],[1,0],[1,1],[1,1],[1,3],[1,1],[2,0],[2,1],[1,0],[1,0],[4,-3],[2,-2],[0,-2],[1,-2],[2,0],[4,5],[-2,2],[-4,3],[0,1],[1,2],[2,1],[4,0],[4,2],[2,2],[1,2],[-2,2],[-4,2],[-1,2],[0,3],[2,2],[2,-1],[2,-1],[4,-5],[0,-1],[-1,-3],[0,-1],[3,-2],[2,0],[2,2],[1,3],[0,2],[-1,1],[0,2],[0,1],[2,1],[3,-4],[2,-1],[2,1],[1,0],[1,-1],[0,-2],[1,0],[1,0],[1,2],[1,2],[3,-1]],[[5649,9646],[0,-2],[0,-1],[-1,-2],[-2,-3],[0,-1],[1,-2],[3,-2],[3,-5],[3,-2],[2,-4],[4,-2],[0,-1],[0,-1],[0,-1],[0,-1],[0,-1],[1,-1],[1,0],[0,-1],[1,-13],[0,-1],[0,-1],[-1,-2],[0,-3],[-1,-3],[-1,-2],[-1,-1],[-5,2],[-1,0],[-1,-1],[-2,-1],[-1,-3],[2,-5],[-2,-3]],[[5651,9576],[-2,-2],[-1,0],[-1,0],[-3,1],[-1,0],[-1,-1],[-2,-1],[0,-2],[0,-1],[0,-1],[-1,0],[-1,-1],[-18,-3],[-3,-3]],[[5617,9562],[-1,0],[-1,1],[-1,1],[-2,2],[-1,3],[-1,0],[0,-1],[0,-1],[0,-1],[0,-1],[-1,0],[-1,1],[-1,0],[-1,1],[-1,-1],[-1,-1],[0,-1],[-1,0],[-1,0],[-2,0],[-1,0],[-1,0],[-1,0],[-1,-1],[-1,-1],[-1,0],[-2,1],[-1,0],[-3,0],[-2,0],[-1,1],[-1,1],[0,1],[0,1],[0,3],[-1,1],[-1,0],[-1,0],[-1,0],[-2,1],[0,1],[0,1],[1,0],[1,0],[0,1],[0,1],[-6,11],[-2,2],[-1,2],[0,1],[-1,1],[0,1],[-1,1],[-1,0],[-1,0],[0,-1],[-1,-1],[-1,0],[-1,0],[-2,1],[-2,2],[-4,2],[1,1],[0,1],[1,1],[1,1],[0,1],[0,1],[0,2],[0,1],[0,1],[-1,2],[-1,2],[-6,8],[-1,1],[-1,1],[-3,2],[-1,0],[-2,0],[0,1],[-1,2],[0,1],[-1,2]],[[5541,9630],[-1,1],[1,2],[0,1],[0,1],[0,1],[-1,2],[1,1],[2,2],[0,1],[-1,2],[-1,1],[1,0],[0,1],[1,0],[1,0],[1,1],[1,0],[1,2],[1,3],[1,2],[4,4]],[[5553,9658],[2,0],[3,-5],[2,0],[1,-4],[0,-1],[2,1],[2,0],[1,0],[1,1],[1,1],[1,0],[0,-1],[1,-2],[1,-1],[3,-1],[4,0],[1,-1],[1,4],[0,1],[1,2],[2,1],[10,11],[1,0],[1,0],[2,1],[2,4],[1,0],[2,0],[7,2],[9,-1],[1,0],[1,-1],[0,-1],[0,-2],[0,-3],[-1,-4],[0,-1],[1,-1],[17,-11],[1,0],[3,2],[2,1],[6,-3]],[[5470,8941],[2,-1],[-2,-3],[-1,-3],[1,-3],[2,-3],[2,-3],[2,-1],[2,0],[2,4],[1,-3],[1,-2],[0,-2],[2,-1],[2,-1],[7,8],[1,4],[0,3],[1,2],[1,0],[1,0],[3,-9],[1,0],[2,-1],[4,1],[0,-3],[1,-2],[1,-1],[2,0],[1,0],[3,-2],[1,-1],[4,0],[3,-1],[2,-2],[3,-2]],[[5528,8913],[-2,-2],[0,-1],[-1,-1],[-1,-2],[-2,-1],[-1,-2],[-1,-2],[-1,-2],[-2,-2],[-1,-3],[-1,-2],[-1,-3],[-1,-3],[-1,-3],[0,-2],[-1,-4],[-1,-3],[1,-1],[1,-1],[0,-3],[-1,-8],[0,-2]],[[5511,8860],[-13,9],[-2,2],[-1,0],[-6,-3],[-2,-2],[-2,-4],[-1,-1],[-2,-1],[-28,2],[-3,-1],[-1,-3],[2,-10],[0,-2],[-1,-2],[-2,-1],[-1,-1],[-2,1],[-1,0],[-5,-6],[-2,-2],[-2,2]],[[5397,8920],[0,2],[0,1],[2,2],[0,1],[0,1],[1,1],[2,1],[3,0],[1,1],[0,1],[0,1],[0,1],[-1,1],[1,1],[0,1],[1,1],[0,1],[1,1],[0,1],[1,1],[2,0],[0,-1],[0,-1],[0,-1],[1,0],[0,-1],[1,0],[1,1],[1,1],[3,1],[7,1]],[[5425,8941],[2,-3],[1,-1],[1,0],[1,0],[1,0],[1,0],[3,1],[1,0],[1,0],[2,-2],[1,0],[1,1],[1,1],[0,1],[-1,1],[0,1],[1,1],[0,1],[1,1],[1,0],[2,-1],[7,-1],[8,0],[9,-1]],[[5505,9110],[8,-11],[1,-4],[0,-1],[0,-1],[0,-1],[0,-1],[0,-3],[1,-1],[0,-1],[4,-5],[0,-1],[0,-1],[0,-1],[0,-1],[0,-1],[0,-1],[-1,-1],[0,-1],[0,-1],[0,-1],[0,-2],[0,-2],[1,-2],[1,-1],[-1,-1],[-1,-4],[0,-1],[0,-1],[2,0],[1,-2],[3,-2],[1,0],[1,-1],[0,-1],[1,-1],[0,-1],[0,-1],[1,-1],[6,1],[2,0],[1,0],[1,-1],[0,-1],[1,-2]],[[5539,9044],[-3,-2],[-1,-3],[0,-1],[0,-1],[0,-2],[-1,0],[-2,-1],[-1,-1],[0,-1],[1,-1],[1,-1],[1,0],[1,1],[1,-1],[0,-1],[1,0],[1,0],[1,0],[1,-1],[1,0],[1,-2],[2,-1],[0,-1],[1,-1],[0,-1],[0,-1],[-3,-3],[-1,-2],[-1,0],[-1,-2],[-1,-1],[-1,-1],[-1,-4]],[[5536,9008],[-2,-2],[-4,-1],[-1,0],[-1,-2],[-1,-1],[0,-1],[0,-1],[0,-1],[-1,-2],[-1,-1],[-1,-1],[-1,0],[-1,0],[-2,1],[-2,0],[-1,0],[-1,0],[-1,0],[-2,0],[-1,0],[0,-1],[-1,-1],[0,-2],[0,-1],[0,-1],[1,0],[0,-1],[0,-1],[0,-1],[0,-1],[0,-1],[0,-2],[0,-1],[-1,-2],[0,-1],[-1,-1],[-1,0],[-1,0],[0,1],[-1,0],[-1,1],[-2,-1],[-3,0]],[[5501,8979],[-1,4],[-1,2],[-8,2],[-3,-3],[-3,0],[-3,0],[-3,3],[-5,6],[-2,4],[-2,6],[-1,7],[-1,1],[-2,2],[0,1],[0,2],[0,2],[-3,8],[-2,1],[-3,1],[-1,1],[-1,4],[-2,2],[-3,2],[-3,1],[-2,2],[-1,1],[-3,0],[-1,1],[-2,2],[-4,3],[-2,1],[-2,0],[-7,-6],[-3,0],[-1,2]],[[5420,9044],[0,1],[-5,2],[-1,3],[1,3],[4,2],[1,4],[-7,1],[-2,1],[0,2],[0,2],[0,1],[1,2]],[[5412,9068],[2,1],[0,2],[-2,4],[-2,3],[-2,10],[5,3],[3,2],[5,5],[3,2],[2,1],[1,1],[7,-1],[3,1],[2,2],[0,3]],[[5439,9107],[1,3],[2,1],[6,2],[1,0],[1,-1],[1,-1],[1,0],[1,1],[1,0],[1,0],[3,0],[3,0],[1,1],[1,1],[1,2],[3,3],[0,1],[0,1],[1,1],[0,2],[0,1],[1,3],[2,3],[1,1],[0,1],[0,1],[0,1],[1,1],[11,14],[1,-1],[1,-1],[1,-2],[0,-1],[1,-1],[0,-1],[0,-1],[0,-1],[0,-1],[1,0],[2,1],[1,0],[0,-1],[1,0],[1,-2],[1,-2],[1,-1],[0,-3],[1,-1],[0,-1],[1,0],[2,-1],[1,-1],[0,-1],[-1,0],[-1,-1],[0,-1],[1,-1],[0,-1],[0,-1],[0,-3],[0,-1],[1,-2],[0,-2],[1,0],[0,-1],[3,-3]],[[5902,9716],[1,0],[1,1],[1,0],[1,0],[2,-1],[1,0],[1,0],[2,1],[1,1],[7,-3],[5,1],[1,0],[14,-8],[8,-2],[1,-1],[-2,-2],[-2,-5],[-4,-12],[-1,-2],[-1,0],[-3,-2],[-1,0],[0,-1],[-1,0],[0,-2],[-1,-1],[-3,0],[-1,-1],[0,-1],[0,-2],[-1,-2],[0,-1],[-2,-1],[-1,-1],[-2,-3],[-1,-1],[-2,0],[-1,-1],[-3,-6],[-1,-5],[0,-5],[1,-2],[0,-1],[-2,-2],[-1,-1],[0,-2],[-1,-2],[0,-2],[-1,0],[0,-2],[-1,-1],[0,-4],[0,-2],[0,-1],[0,-2],[1,-2],[0,-2],[-1,-2],[-2,-1],[-1,-1],[-1,-3],[0,-3],[-1,-2],[-1,-2],[-5,-8],[0,-2],[-1,-2],[0,-1],[-1,-1],[0,-1],[-1,-1]],[[5896,9590],[-3,0],[-1,1],[-1,3],[-2,0],[-1,0],[-1,1],[0,2],[0,2],[0,1],[0,2],[-14,7],[-1,4],[-3,1],[-4,1]],[[5865,9615],[0,1],[-1,1],[-1,2],[-1,0],[-3,0],[-1,0],[-1,1],[-1,0],[0,1],[0,1],[0,1],[1,2],[0,1],[0,2],[1,7],[0,5],[0,1],[1,0],[1,1],[-1,1],[-4,2]],[[5855,9645],[0,1],[8,1],[1,0],[1,2],[4,2],[0,1],[1,2],[1,1],[0,4],[1,3],[1,1],[-1,1],[-1,1],[-1,0],[0,1],[-1,0],[0,1],[1,2],[2,2],[2,4],[0,1],[0,1],[0,1],[-1,1],[0,1],[-5,6],[-1,0],[-1,1],[-1,0],[0,1],[0,1],[0,1],[-1,1],[-1,-1],[0,-1],[0,-1],[0,-1],[-1,-1],[-1,0],[-1,0],[-1,-1],[-1,-2],[0,-1],[-1,0],[-1,0],[-1,1],[0,2],[-1,1],[-1,1],[0,1],[1,1],[1,2],[0,1],[-2,0],[-5,3],[-1,1],[-1,0],[0,1],[-1,1],[0,1],[0,1],[0,1],[1,1],[0,1],[1,1],[3,3],[1,1],[0,1],[0,1],[0,1],[1,2],[2,2],[0,1],[0,1],[0,1],[0,1],[0,1],[1,0],[2,-1],[0,-1],[1,-4],[1,-1],[0,-1],[1,0],[4,-1],[3,-2],[3,-1],[1,0],[1,-1],[0,-1],[1,-1],[0,-1],[1,0],[2,-1],[3,0],[9,2],[1,0],[1,-1],[3,-1],[0,-1],[1,0],[1,1],[1,0],[0,1],[1,2],[2,4],[3,6]],[[5741,8984],[2,-1],[2,-4],[1,-1],[-2,-4],[-7,-2],[-2,-5],[0,-3],[1,-2],[2,-1],[1,-2],[0,-2],[-2,-5],[0,-2],[1,-1],[5,-9],[-2,-1],[-4,0],[-2,-1],[1,-4],[1,-2],[-1,-1],[0,-1],[-1,-1],[0,-2],[1,-1],[2,0],[3,-2],[1,-3],[-2,-2],[-2,-2],[-2,-2],[-1,-2],[-1,-5]],[[5734,8908],[-1,1],[-2,0],[-1,-2],[-1,-2],[-2,1],[-1,0],[-1,2],[-1,2],[-1,2],[-1,0],[-1,0],[-1,-1],[-4,1],[-2,0],[-2,0],[-1,0],[-3,0],[-2,1],[1,2],[0,2],[1,1],[0,2],[-1,2],[0,1],[0,1],[-1,5],[-4,3],[-5,-4],[-6,0],[-3,0],[-5,0],[-3,1],[-2,3],[-1,4],[2,3],[3,2],[7,0],[3,1],[1,2],[2,2],[1,3],[0,3],[-3,-1],[-2,-1],[-2,0],[-2,2],[-1,3],[0,1],[0,1],[-2,0],[-2,0],[-1,1],[-1,2],[-1,0],[0,-1],[-1,-2],[0,-2],[0,-1],[0,-2],[1,-1],[1,-1],[1,-1],[1,-4],[-1,-3],[-2,-2],[-2,0],[-1,1],[-5,3],[-2,-1],[-1,-1],[-2,-1],[-1,-1],[-1,-2],[1,0],[1,-3],[0,-2],[3,1],[-2,-3],[-2,-1],[-1,2],[-1,4],[-4,2],[-3,3],[-1,4],[0,8],[0,2],[0,2],[-1,3],[-1,2],[-2,1],[0,-1],[3,-5],[0,-1],[0,-10],[1,-5],[2,-3],[3,-2],[2,-2],[0,-3],[-3,0],[-10,0],[-7,2],[-2,1],[0,2],[2,3],[0,1],[-1,2],[-2,2],[-3,2],[-9,-1],[-16,1]],[[5611,8946],[1,2],[1,2],[0,1],[0,1],[1,0],[1,1],[1,1],[2,1],[1,0],[2,1],[3,4],[2,1],[1,0],[0,1],[0,1],[1,1],[2,0],[1,1],[0,2],[0,1],[-1,0],[-1,0],[0,1],[0,1],[0,2],[1,1],[0,1],[0,1],[3,4],[1,1],[3,1],[1,0],[3,-1],[1,-1],[1,0],[1,0],[0,1],[0,2],[1,1],[-1,0],[0,1],[0,1],[2,4],[1,4],[0,1],[0,1],[0,1],[0,3],[0,1],[-1,2],[0,1],[1,1],[1,1],[3,1],[3,4],[1,0],[3,2]],[[5658,9012],[11,-5],[5,-4],[9,-10],[1,-1],[9,-6],[6,0],[4,-1],[2,0],[1,0],[1,-1],[2,-3],[2,-1],[1,-1],[10,-4],[5,0],[3,2],[2,2],[5,1],[3,2],[1,2]],[[5288,9703],[-2,3],[-2,0],[-3,-2],[-1,-1],[-2,1],[-1,1],[-1,2],[-1,0],[-1,-1],[-1,-2],[-1,-1],[-1,0],[-3,0],[0,-1],[-2,-1],[-1,0],[-1,3],[-1,0],[-2,0],[-4,-7],[-17,-10],[-14,4],[-2,0],[0,-1],[0,-1],[0,-1],[-1,-1],[-1,0],[-1,2],[-3,3],[-1,1],[-2,0],[-5,-2],[-10,-3],[-2,0],[-3,1],[-1,0],[-1,0],[-1,-1],[0,-1],[0,-1],[1,0],[0,-1],[-1,-2],[-6,-1],[-1,-1],[-3,-4],[-1,0]],[[5181,9677],[-5,3],[-5,1],[-4,-1],[-4,0],[-4,2],[-1,3],[-3,1],[0,2],[1,2],[3,3],[3,2],[1,1],[1,1],[0,1],[-1,1],[-1,2],[0,2],[0,1],[2,1],[3,-1],[1,0],[3,3],[5,6],[3,2],[-1,2],[-1,9],[0,1],[-3,5],[0,1],[0,2],[1,3],[0,1],[0,1],[-1,0],[-5,-2],[-3,0],[-9,11],[-2,3],[1,2],[1,2],[0,3]],[[5157,9759],[1,0],[0,1],[-1,1],[1,2],[1,2],[2,1],[11,-1],[10,-4],[15,-1],[3,-1],[2,0],[4,1],[2,0],[3,-2],[6,0],[2,0],[2,-2],[4,-1],[8,-5],[3,2],[13,3],[4,2],[2,2],[2,1],[1,1],[2,3],[6,4],[10,3],[1,0]],[[5277,9771],[0,-1],[1,-5],[0,-4],[0,-2],[0,-1],[0,-3],[0,-1],[1,-2],[1,-1],[0,-1],[2,0],[1,0],[1,-1],[0,-1],[0,-1],[-1,-1],[-1,0],[-1,0],[0,-1],[0,-1],[0,-1],[0,-1],[1,-1],[1,-1],[1,0],[1,-2],[1,-4],[0,-2],[2,-2],[0,-1],[0,-1],[-1,-1],[0,-1],[0,-2],[0,-1],[0,-1],[0,-1],[-1,0],[-1,0],[-1,0],[0,-1],[0,-1],[0,-1],[1,-1],[0,-1],[3,-2],[0,-1],[1,-1],[0,-1],[0,-1],[-1,-2],[0,-2],[0,-1],[0,-1],[0,-1]],[[5516,9208],[0,-2],[1,-3],[0,-5],[4,1],[2,-1],[3,-1],[0,-1],[1,-5],[1,-2],[1,-2],[1,-2],[0,-5],[0,-2],[2,-2],[0,-1],[2,0],[1,-1],[0,-2],[-1,-1],[-1,-1],[-1,-1],[0,-3],[0,-2],[5,-6],[1,-2],[0,-3]],[[5538,9153],[-1,0],[-1,-1],[-4,-3],[-1,0],[-1,-1],[0,1],[-1,0],[-1,-1],[-5,-5],[-2,-2],[-1,0],[0,1],[-2,2],[0,1],[-1,-1],[-1,0],[0,-1],[-1,-4],[0,-3],[-1,-1],[-2,0],[0,-2],[-1,-3],[-1,-6],[-1,-4],[0,-1],[-2,-3],[0,-2],[-2,-4]],[[5439,9107],[-2,1],[0,1],[0,2],[-1,4],[-1,1],[-1,1],[-1,0],[0,1],[1,2],[2,8],[-1,1],[0,2],[-1,3],[-4,6],[-1,2],[0,3],[-1,8],[-1,3]],[[5427,9156],[2,1],[3,0],[1,0],[0,1],[0,1],[0,1],[-2,4],[0,1],[0,1],[1,1],[3,3],[1,1],[0,1],[1,2],[0,1],[1,2],[2,4],[0,2],[0,1],[-1,1],[0,1],[-1,1],[0,1],[0,1],[1,1],[3,3],[1,3],[0,1],[2,1],[2,1],[3,6],[1,0],[1,1],[0,2],[1,2],[0,1],[0,1],[0,1],[0,1],[-1,0],[0,1],[0,1],[2,0],[1,0],[1,0],[0,-1],[2,-1],[2,-1],[2,0],[1,0],[1,1],[0,3],[2,8]],[[5466,9225],[2,0],[4,-3],[5,-2],[2,-1],[3,-7],[4,0],[7,2],[6,-4],[1,-2],[1,-4],[2,-2],[4,-3],[3,1],[6,8]],[[5320,9315],[1,-3],[0,-1],[0,-1],[0,-2],[0,-1],[0,-1],[0,-1],[0,-1],[3,-4],[1,-1],[2,1],[1,-1],[0,-1],[3,-5],[0,-1],[-1,-1],[-1,-1],[-1,-1],[-1,-1],[-1,-1],[-1,0],[-1,0],[-2,0],[-1,-1],[0,-1],[0,-2],[0,-1],[-1,-1],[0,-2],[0,-1],[0,-5],[-1,-2],[0,-1],[-1,-1],[0,-1],[-2,0],[-1,1],[-1,1],[-1,0],[-1,-1],[0,-2],[-1,-1],[-1,-1],[-1,-2],[-1,0],[-2,-6]],[[5306,9257],[-3,-3],[-1,-2],[-2,-4],[-1,0],[-1,-1],[0,1],[-1,-1],[-1,0],[0,-1],[0,-1],[0,-3],[0,-1],[-1,-2],[0,-2],[-1,-1],[-2,-3],[-2,-5],[-1,-2],[-1,0],[-1,0],[-2,-1],[-8,-7],[-1,-1],[-1,-1],[0,-1],[-1,-6],[0,-1],[0,-2],[0,-4],[0,-1],[-1,-2],[-1,-1],[-1,-1],[-1,-1],[-3,-1],[0,-1],[-1,0],[0,-1],[0,-2],[-1,-1],[-1,-1],[-1,0],[0,-1],[-1,1],[-1,0],[-1,1],[-1,0],[-1,-1],[-6,-4]],[[5252,9185],[0,5],[-3,2],[-7,1],[1,6],[-3,0],[-6,4],[-3,-1],[-2,-1],[-1,1],[0,1],[0,2],[0,1],[0,1],[0,2],[-2,2],[3,3],[1,2],[1,3],[-2,5],[1,1],[1,3],[-6,5],[0,1],[1,2],[1,1],[-8,7],[-3,1],[0,1],[1,5],[0,8],[0,2],[-4,0],[1,3],[1,2],[2,1],[5,0],[7,3],[2,-1],[2,-2],[2,-1],[2,2],[3,3],[1,3],[1,2],[-1,2],[-2,8],[0,1],[2,0],[3,1],[1,2],[-2,3]],[[5243,9293],[2,0],[2,2],[1,1],[1,3],[2,5],[4,4],[5,3],[4,0],[1,0],[1,-2],[1,0],[2,1]],[[5269,9310],[2,-1],[4,-3],[1,0],[10,0],[4,-2],[1,1],[1,3],[-2,2],[1,3],[0,1],[1,1],[2,0],[1,0],[0,-1],[1,-1],[3,-4],[4,-1],[4,2],[3,3],[1,2],[1,1],[1,0],[7,-1]],[[5143,9297],[1,0],[1,0],[1,0],[1,-1],[1,-2],[-1,-1],[0,-2],[1,-1],[0,-1],[0,-1],[1,-1],[2,-2],[1,-1],[0,-1],[-1,-6],[0,-4],[-2,-2],[-1,1],[-1,5],[-1,2],[-1,2],[-5,6],[-2,1],[-2,3],[-1,3],[0,1],[0,1],[0,3],[-2,5],[2,0],[3,-2],[3,-2],[2,-3]],[[5127,9331],[0,-1],[-2,1],[-1,0],[1,-3],[3,0],[2,1],[2,1],[0,-1],[-1,0],[0,-1],[1,-1],[9,-2],[2,-1],[1,-2],[1,-3],[-1,0],[-1,-1],[0,1],[-1,0],[-3,1],[-9,6],[-4,-1],[-2,1],[-3,4],[-1,1],[0,1],[5,1],[1,0],[1,-1],[0,-1]],[[5188,9339],[1,-3],[0,-2],[0,-1],[-1,-2],[3,-2],[7,-11],[2,-1],[2,-1],[3,0],[2,-1],[2,-2],[1,-2],[4,1],[2,-1],[5,-3],[5,-1],[4,-1],[7,-6],[4,-6],[2,-1]],[[5252,9185],[-1,-2],[0,-1],[1,-1],[0,-1],[0,-1],[-1,-1],[-2,-2]],[[5249,9176],[-2,-2],[-2,1],[-2,0],[-3,-2],[-2,0],[-1,0],[-4,2],[-1,0],[-1,1],[-2,2],[-1,1],[-1,1],[-1,0],[-3,2],[-1,0],[-2,-1],[-1,1],[-1,1],[-1,2],[0,1],[-1,1],[0,1],[0,1],[0,1],[0,2],[0,1],[0,2],[-1,1],[-3,2],[-1,1],[-1,0],[-1,0],[-1,0],[-2,0],[-1,1],[-1,1],[0,3],[0,1],[-1,1],[-1,1],[-1,-1],[-1,-1],[0,-1],[-1,-1],[-1,0],[-3,1],[-3,-1]],[[5192,9203],[-1,6],[-3,8],[-2,4],[-2,4],[-3,5],[-13,10],[0,1],[0,2],[-1,1],[-2,1],[-5,5],[-3,1],[-1,1],[-2,1],[-1,1],[-1,2],[-1,1],[-3,-1],[-2,1],[2,10],[0,1],[5,2],[2,0],[5,-7],[1,-1],[1,-1],[6,-3],[-2,2],[-7,7],[-3,3],[0,2],[0,1],[-1,2],[0,2],[-1,2],[1,0],[1,1],[0,1],[1,1],[1,1],[1,0],[1,1],[0,-1],[1,1],[0,1],[0,2],[0,1],[-1,1],[-1,1],[1,1],[1,1],[-1,1],[-1,2],[-1,4],[1,-1],[2,0],[1,1],[1,2],[0,1],[0,1],[-1,1],[-2,1],[0,1],[0,1],[-1,2],[0,1],[0,1],[-2,1],[-1,1],[0,1],[1,1],[-2,1],[-1,1],[0,1],[0,1],[-2,-1],[0,1],[-1,0],[-1,0],[-1,1],[0,1],[1,1],[1,2],[0,3],[1,2],[6,4],[0,1],[0,2],[0,1],[0,2],[-1,1]],[[5157,9340],[0,1],[2,2],[0,1],[1,0],[5,2],[2,0],[1,0],[2,1],[1,-1],[0,-1],[-1,-1],[0,-1],[-1,-1],[1,0],[0,-1],[2,0],[1,0],[1,1],[3,0],[0,1],[1,0],[2,0],[2,0],[6,-4]],[[5496,9507],[1,-1],[1,-2],[1,-3],[0,-1],[2,-2],[0,-1],[0,-1],[0,-4],[-1,-1],[0,-1],[0,-1],[-1,0],[0,-1],[-1,-2],[-1,-2],[-1,-1],[0,-1],[0,-1],[1,0],[0,-1],[1,-1],[0,-1],[1,0],[1,-1],[2,-3],[1,-1],[1,-1],[1,0],[0,-1],[0,-1],[1,-5],[0,-1],[1,-1],[1,-4],[1,-4],[0,-1],[1,-2],[0,-1],[0,-1],[0,-2],[0,-2],[0,-1],[0,-1],[1,0],[1,-2],[1,0],[0,-1],[0,-2],[0,-4],[0,-2],[0,-1],[0,-1],[0,-1],[-1,-3],[0,-3],[0,-1],[0,-1],[0,-1],[1,-2],[0,-1],[0,-1],[0,-1],[-1,-1],[-2,-4],[0,-2],[0,-3]],[[5444,9355],[-9,0],[-1,0]],[[5434,9355],[0,2],[1,2],[3,3],[0,1],[1,2],[0,1],[-1,4],[-1,1],[-1,1],[0,1],[-1,1],[2,5],[1,2],[0,2],[0,2],[-1,1],[-2,1],[-1,1],[0,2],[1,1],[-1,2],[0,1],[-1,1],[-4,0],[-1,1],[0,1],[0,2],[0,1],[3,3],[1,1],[-1,2],[-1,1],[-1,0],[0,1],[-1,2],[1,3],[0,2],[1,2],[3,3],[0,2],[-1,1],[-2,2],[-1,2],[0,2],[1,4],[0,2],[-1,2],[-1,1],[-2,2],[0,2],[0,1],[0,2],[1,2],[-1,1],[0,2],[-1,0],[-1,1],[-5,1],[-2,0],[-3,-2],[-2,-1],[-7,3],[-2,1],[4,5],[1,3],[0,4]],[[5408,9465],[2,0],[1,-1],[2,1],[1,1],[0,1],[0,2],[0,1],[1,1],[2,3],[1,0],[4,-2],[4,0],[5,0],[3,2],[1,2],[0,2],[-3,7],[0,2],[0,2],[0,2],[1,1],[1,1],[1,1],[5,-2],[3,0],[1,4],[0,2],[0,2],[-1,1],[-2,3],[-2,6],[-1,1],[-4,0],[-1,1],[0,4],[3,2],[6,3]],[[5442,9521],[3,0],[2,0],[4,-3],[3,-1],[4,2],[2,0],[4,-4],[2,-1],[4,0],[2,-1],[3,-7],[3,-3],[2,-1],[2,0],[1,2],[1,2],[0,1],[2,0],[3,-3],[1,0],[2,0],[3,2],[1,1]],[[5464,9261],[2,-4],[1,-2],[0,-1],[0,-2],[0,-2],[-1,-1],[0,-1],[0,-1],[-1,-1],[-1,0],[-1,-1],[-1,-1],[0,-4],[0,-2],[0,-1],[2,-1],[0,-2],[0,-1],[0,-3],[0,-2],[0,-1],[1,-1],[1,-1]],[[5427,9156],[-5,-1],[-1,0],[-1,0],[-2,-1],[-1,0],[-1,1],[-1,0],[-1,0],[-5,-4],[-4,-1],[-2,0],[-1,0],[-1,1],[-1,1],[-1,1],[-1,0],[-1,1],[0,1],[-1,1],[0,1],[-3,3],[-3,2],[-1,1],[-3,1],[-1,0],[-2,-1],[0,1],[0,1],[-1,0],[-1,0],[-1,-1],[0,-1],[-2,0],[0,-1],[-1,0],[-1,-1]],[[5376,9161],[-1,2],[-1,2],[-1,1],[-1,1],[-1,2],[0,2],[0,1],[0,1],[0,1],[0,1],[0,2],[-1,0],[-5,0],[-1,0],[-1,1],[-1,1],[-1,1],[0,1],[0,1],[0,1],[1,1],[0,1],[0,1],[-1,1],[-1,0],[-1,-1],[-1,1],[-1,1],[1,1],[0,1],[2,2],[1,1],[0,1],[-1,1],[-1,1],[-1,1],[0,1],[0,1],[0,1],[0,1],[0,1],[1,1],[0,1],[1,1],[2,2],[2,2],[1,1],[0,1],[0,1],[-1,0],[-1,0],[-1,0],[-1,0],[-1,1],[0,1],[0,1],[0,1],[1,1],[0,1],[1,1],[-1,1],[-1,0],[-1,0],[0,1]],[[5359,9221],[0,1],[2,3],[2,2],[2,1],[2,0],[2,1],[3,3],[1,2],[2,6],[5,-4],[5,0],[11,10],[5,2],[1,2],[1,1],[1,2],[2,0],[0,-1],[1,-1],[1,0],[1,0],[1,0],[1,0],[3,2],[-1,2]],[[5413,9255],[2,0],[5,1],[1,3],[1,2],[2,2],[1,1],[2,0],[1,0],[0,-1],[2,-2],[1,-1],[6,-1],[10,-7],[1,0],[1,0],[1,1],[1,1],[1,3],[1,0],[6,0],[2,1],[3,3]],[[6039,8653],[-1,1],[1,0],[0,-1]],[[6039,8658],[1,0],[0,-1],[-1,0],[-1,0],[0,1],[1,0]],[[5980,8798],[2,-1],[3,0],[7,-5],[10,-3],[3,1],[1,-1],[1,-5],[0,-2],[9,-8],[2,0],[2,0],[1,-1],[0,-1],[1,-4],[0,-1],[6,-9],[1,-2],[0,-4],[1,-3],[1,-1],[5,1],[-1,-2],[1,-8],[1,-4],[1,-3],[0,-2],[-2,-5],[6,-3],[2,0],[3,3],[2,1],[2,0]],[[6051,8726],[-1,-2],[1,-9],[0,-11],[-1,-1],[-1,0],[0,-2],[-1,-1],[1,0],[0,-2],[0,-2],[-1,-1],[-1,0],[-1,0],[0,-3],[-1,1],[-1,1],[-1,0],[-1,-1],[0,-1],[-1,-1],[0,-1],[1,-1],[3,1],[1,0],[1,-1],[0,-2],[-1,-1],[-1,-2],[-2,0],[-1,-1],[0,-1],[-1,-1],[-2,-1],[1,-1],[0,-1],[0,-1],[-1,-1],[1,0],[1,-1],[-1,-1],[-1,-1],[1,-1],[-1,-1],[-3,-2],[-1,0],[0,-1],[1,-1],[0,-1],[0,-1],[-1,-1],[0,-1],[1,1],[1,1],[1,1],[0,-2],[-1,-2],[0,-2],[-1,-2],[-1,-1],[-2,1],[-2,2],[-1,1],[-3,0],[-2,2],[1,3],[0,1],[1,0],[-1,1],[-2,1],[-1,2],[1,2],[0,1],[-1,-1],[-3,-2],[0,1],[0,1],[-1,-1],[-1,1],[-1,1],[-2,0],[-2,1],[-2,-1],[0,1],[-1,1],[-1,1],[-2,0],[0,1],[0,1],[-1,0],[-1,0],[-1,1],[-1,0],[1,1],[0,1],[-1,0],[0,1],[-1,0],[-1,0],[-1,1],[-1,0],[1,3],[-1,1],[-1,1],[1,1],[0,3],[1,2],[2,-1],[4,3],[1,1],[0,2],[1,1],[1,0],[1,2],[-2,0],[-5,2],[-2,0],[-2,0],[-1,2],[1,2],[-2,0],[-4,-1],[-2,0],[1,1],[-2,0],[0,1],[-1,0],[-1,0],[1,1],[2,1],[1,0],[1,1],[0,2],[0,1],[-1,1],[0,1],[2,0],[2,1],[3,2],[-1,1],[0,1],[-1,0],[-1,1],[3,1],[0,1],[0,1],[-1,1],[0,-1],[1,2],[0,1],[1,1],[0,1],[-1,1],[0,1],[-1,1],[0,1],[-1,0],[-2,0],[-3,-2],[-2,-1],[-3,0],[-2,-1],[-1,-1],[0,2],[1,2],[-1,2],[-2,4],[4,0],[2,1],[1,2],[-1,1],[0,2],[2,1],[2,1],[0,1],[3,1],[0,2],[0,1],[-2,1],[-1,4],[-1,1],[-3,0],[-1,2],[-2,1],[-1,0],[-2,0],[0,2],[0,1],[-1,0],[-1,0],[1,1],[1,1],[0,1],[-2,0],[0,1],[1,0],[0,2],[0,1],[-1,1],[1,1],[-1,1],[-1,1],[-1,0],[1,1],[1,1],[2,0],[1,1],[1,0],[3,1],[1,1],[1,0],[1,1],[0,-1],[0,1],[0,1],[-1,1],[-3,2],[0,1],[-1,0],[0,1],[-1,-1],[-1,0],[0,1],[0,1],[3,2],[-2,2],[-2,-1],[-3,-1],[1,1],[-1,1],[0,1],[0,2],[0,1],[1,0]],[[5709,9519],[3,-2],[1,1],[0,1],[1,1],[1,0],[1,0],[1,-1],[0,-1],[1,0],[0,-1],[-1,-1],[0,-1],[1,-1],[0,-1],[1,-1],[0,-1],[0,-1],[0,-1],[0,-1],[-1,-1],[-1,-1],[-1,-2],[-2,0],[0,-1],[-1,0],[-1,-1],[0,-2],[0,-1],[0,-1],[0,-1],[1,0],[1,0],[0,-1],[1,0],[0,-1],[1,-1],[0,-1],[0,-2],[0,-2],[1,-1],[1,-1],[1,-1],[0,-1],[0,-1],[0,-4],[0,-1],[1,-2],[0,-1],[1,-1]],[[5721,9475],[-2,-8],[0,-4],[-1,-2],[-7,-12],[-1,-2],[0,-1],[-2,0],[-1,-1],[-1,-1],[-2,-1],[-1,0],[0,-1],[0,-1],[0,-1],[0,-1],[0,-1],[0,-1],[0,-1],[0,-1],[-3,-1],[-2,-2]],[[5698,9432],[-1,1],[-2,0],[-4,-3],[-7,0],[-1,0],[-1,2],[-1,0],[-1,0],[-4,-1],[-7,-1],[-10,-5],[-4,-1],[-1,0],[-2,-2],[-1,0],[-1,0],[-1,1],[0,2],[-1,2],[-5,1],[-2,2],[-2,7],[-1,1],[-2,-1],[-1,0],[-6,3],[-1,1],[-2,3],[0,1],[-2,0],[-1,-1],[-1,0],[-1,1],[0,2],[-1,2],[-2,1],[-1,0],[-2,1],[-4,5],[-1,0]],[[5610,9456],[0,3],[1,4],[0,2],[-1,2],[-2,2],[-1,0],[-2,0],[-2,0],[-1,11],[-1,2]],[[5601,9482],[0,4],[-1,1],[-1,0],[-1,4],[0,1],[0,2],[1,1],[2,1],[1,2],[0,7],[1,1],[1,1],[5,11],[2,4],[2,3],[0,2],[1,3],[0,4],[0,2],[6,4],[1,2],[0,2],[-2,7],[-1,1],[-1,0],[-2,0],[-1,-1],[0,4],[1,2],[2,5]],[[5651,9576],[3,-2],[5,-1],[1,-1],[1,-1],[-1,-2],[0,-1],[1,0],[3,-1],[1,-1],[0,-1],[0,-1],[-1,-2],[0,-1],[0,-1],[0,-1],[1,0],[1,0],[1,1],[0,1],[1,0],[4,-7],[2,-3],[2,-4],[0,-1],[0,-1],[-1,-1],[-1,0],[-1,0],[-1,-1],[-1,0],[0,-1],[1,-1],[0,-1],[1,-1],[0,-1],[1,-4],[0,-2],[1,-1],[0,-1],[1,0],[1,0],[1,2],[1,0],[1,0],[1,-1],[1,-3],[1,-1],[1,-1],[1,-1],[1,-1],[1,0],[1,0],[1,1],[1,1],[0,1],[1,1],[1,0],[1,0],[0,-1],[0,-1],[0,-1],[1,-1],[2,-1],[2,-2],[1,0],[0,-1],[1,0],[0,-2],[0,-2],[1,0],[1,0],[2,2],[1,1],[1,0],[0,-1],[1,-1],[1,0],[0,1],[1,1]],[[5086,9647],[2,2],[0,-1],[2,-6],[0,-2],[-1,-2],[-2,-3],[-1,-3],[0,-1],[2,-8],[0,-1],[-1,-1],[-1,0],[-1,-1],[0,-1],[0,-3],[0,-2],[-1,-2],[-3,0],[-2,1],[-3,1],[-2,-2],[-1,-2],[-1,-1],[-4,0],[0,-1],[-1,-1],[-1,-3],[0,-1],[-2,-1],[0,-1],[-1,-4],[-1,-1],[-1,-2],[-2,-1],[-1,-2]],[[5058,9591],[-2,0],[-3,-2],[-1,0],[-1,1],[-1,3],[-1,2],[-1,0],[-2,1],[-7,0],[-1,-1],[-1,-2],[0,-4],[-1,-2],[-1,-2],[-4,-5],[-3,-2],[-2,1],[0,11],[-1,1],[-5,-2],[-2,-3],[-1,0],[-1,1],[-2,4],[-1,1],[-3,0],[-6,4],[-2,1],[-4,-2],[-1,0],[0,1],[-1,3],[0,1],[-2,1],[-5,1],[-2,-1],[-1,-1],[-1,-3],[0,-2],[-2,-1],[-11,-1],[-2,1],[-1,1],[0,1],[-1,0],[-1,0],[-4,-2],[-2,0],[-1,1],[0,1],[0,1],[0,1],[-1,0],[-8,0],[-2,1]],[[4949,9599],[2,1],[-1,4],[1,2],[1,3],[1,3],[-1,1],[-2,5],[0,1],[-1,5],[-1,1],[0,1],[-3,1],[0,2],[0,1],[0,1],[1,0],[2,0],[1,0],[1,1],[0,2],[0,1],[-1,1],[0,1],[-2,0],[-1,1],[0,2],[2,4],[1,2],[0,2],[0,1],[-1,2],[-4,5],[-1,1],[0,2],[0,9]],[[4943,9668],[2,-1],[2,0],[2,1],[-1,3],[-1,2],[1,1],[4,1],[-1,1],[-3,4],[0,2],[1,1],[2,1],[2,4],[0,1],[1,0],[1,-1],[2,0],[3,-2],[1,0],[0,-1],[-1,-1],[2,0],[1,0],[1,1],[1,1],[8,3],[1,1],[1,0],[3,3],[1,0],[0,-2],[0,-3],[0,-2],[-1,-2],[0,-1],[1,1],[0,2],[3,3],[2,2],[1,1],[1,0],[1,2],[1,0],[1,-1],[1,-1],[0,-2],[-1,-1],[0,-1],[2,-1],[-1,-1],[-1,-3],[-1,-2],[-2,-2],[0,-1],[1,0],[3,6],[2,3],[1,-1],[1,1],[1,0],[1,0],[0,-1],[0,-1],[0,-1],[-1,0],[-2,-1],[0,-1],[2,-1],[2,-1],[4,0],[2,-1],[0,-1],[0,-1],[0,-1],[-1,-1],[0,-1],[1,-1],[1,-1],[2,-2],[0,-1],[6,-5],[1,-4],[0,-2],[0,-1],[0,-1],[0,-1],[2,0],[2,-2],[4,-3],[0,-1],[0,-1],[-1,-1],[1,0],[0,-1],[1,-1],[1,-1],[1,-1],[0,1],[0,2],[1,1],[3,0],[1,1],[2,2],[2,3],[1,1],[1,1],[1,0],[6,4],[1,2],[0,1],[-1,0],[-1,1],[3,1],[2,0],[1,-2],[2,1],[3,1],[2,3],[1,2],[1,-1],[0,-1],[1,-1],[1,1],[0,-2],[-1,0],[0,-1],[0,-1],[-1,0],[-2,-3],[2,-1],[1,1],[2,2],[2,1],[0,-1],[1,-3],[0,-1],[1,-1],[0,-1],[1,-1],[0,-2],[1,1],[0,1],[1,1],[0,2],[0,-2],[1,-2],[0,-1],[2,1],[0,1],[-1,0],[-1,1],[1,2],[1,0],[1,0],[2,-1],[-1,1],[-1,1],[0,2],[4,1],[4,1],[0,-1],[2,-4],[0,-1],[0,-1],[1,-1],[1,-1],[0,-1],[-1,-1],[3,-3],[0,-2],[0,-3],[1,1],[2,2],[-1,0]],[[5470,9316],[0,-7],[0,-1],[0,-1],[0,-1],[2,-3],[1,-2],[0,-2],[0,-1],[-1,-1],[1,-1],[-1,-1],[1,-2],[-1,-1],[-1,-2],[-1,0],[0,-2],[-1,-1],[0,-2],[-1,-1],[-1,-1],[0,-1],[-1,-1],[-1,-2],[-1,0],[-2,0],[-1,0],[0,-1],[-1,-1],[-1,-1],[-2,-1],[-1,-2],[0,-1],[0,-1],[2,-2],[0,-1],[1,-1],[0,-2],[0,-1],[1,-1],[1,0],[1,0],[1,-1],[0,-1],[1,0]],[[5413,9255],[-2,2],[1,4],[0,5],[-1,2],[-6,4],[-1,1],[-1,1],[0,2],[-1,1],[-1,0],[-2,0],[-6,-2],[-2,0],[-1,1],[-1,0],[0,2],[1,4],[0,2],[-1,1],[-1,1],[-6,0],[-1,1],[0,3],[2,2],[2,1],[1,3],[-2,1],[-1,3],[0,4],[-1,3],[-3,2],[-1,1],[1,2],[0,2],[0,1],[-1,2],[-1,3],[-2,1],[-4,2],[-1,3],[0,4],[4,10],[0,3],[-2,2]],[[5372,9345],[3,2],[6,7],[1,0],[1,0],[1,-1],[1,0],[2,1],[1,-1],[0,-1],[0,-1],[1,-1],[1,0],[2,0],[0,1],[1,0],[1,1],[1,1],[4,-1],[1,0],[0,1],[1,0],[0,1],[0,1],[0,1],[0,1],[0,1],[1,1],[1,0],[1,0],[2,-3],[1,-1],[1,0],[1,0],[1,2],[1,0],[1,0],[8,0],[1,0],[1,-1],[1,0],[5,0],[3,-2],[3,1]],[[5243,9445],[2,-6],[0,-3],[1,-2],[2,0],[0,-1],[1,-1],[0,-1],[-1,-1],[1,-1],[2,-9],[1,-3],[2,-2],[0,-1],[0,-2],[-1,-1],[-1,0],[-1,0],[-1,-2],[1,-4],[0,-2],[0,-1],[2,-1],[0,-1],[0,-1],[0,-2],[-1,-3],[-1,-3],[-1,-2],[0,-2],[0,-3],[0,-1],[1,0],[0,-1],[2,-1],[1,0],[0,-2],[0,-1],[-3,-7],[-1,-2],[-1,-2],[0,-1],[0,-1],[0,-1],[1,-1],[0,-1],[1,-1],[0,-2],[0,-5],[1,-2],[1,-2],[1,-1],[0,-1],[0,-2],[0,-3],[2,-2],[2,-2],[1,1],[1,2],[2,2],[1,1],[2,-1],[2,-1],[0,-3],[0,-4],[-2,-2],[-3,-5],[0,-2],[-1,-2],[0,-1],[0,-1],[1,-1],[1,-1],[5,-2],[1,-1],[0,-2],[0,-2],[0,-1],[0,-1],[0,-2]],[[5188,9339],[1,0],[1,1],[1,0],[2,2],[1,0],[2,0],[1,0],[1,0],[2,4],[1,0],[1,0],[1,0],[1,0],[1,1],[0,1],[0,1],[-1,1],[-3,3],[-1,0],[-1,0],[-1,2],[0,2],[1,2],[0,1],[0,1],[-1,7],[0,1],[0,1],[1,1],[1,1],[0,1],[0,1],[-1,4],[0,3],[0,1],[-1,1],[-1,1],[0,2],[-1,1],[0,1],[0,1],[0,1],[0,1],[-3,5],[-2,5],[-1,2],[0,1],[1,2],[0,1],[1,1],[-1,0],[0,2],[-2,1],[-5,4],[-1,1],[-1,1],[0,3],[0,3],[-1,1],[-1,2],[-2,1],[-1,1],[-1,3],[-1,2],[-3,2]],[[5172,9435],[0,1],[0,1],[1,0],[1,0],[1,0],[3,-3],[1,0],[1,0],[1,0],[5,1],[2,-1],[5,-1],[5,1],[2,1],[2,1],[3,2],[1,1],[0,1],[-1,2],[0,1],[1,1],[0,1],[2,0],[1,0],[1,0],[2,-1],[1,0],[5,2],[2,1],[9,1],[5,0],[2,1],[1,0],[1,-1],[1,0],[0,-2],[0,-1],[0,-1],[1,0],[2,-1],[1,2]],[[5376,9161],[-2,-2],[-1,-2],[2,-7],[0,-2],[0,-1],[-1,-1],[0,-1],[0,-1],[0,-1],[0,-1],[-1,-1],[-2,-2],[-1,-1],[0,-2],[-1,-2],[-1,-1],[-1,-1],[-1,0],[-1,0],[-1,-2],[-1,-1],[1,-1],[0,-1],[0,-1],[0,-1],[0,-2],[-1,-2],[-1,-1],[-1,-1],[-2,0],[-1,-1],[-1,-1],[-1,-1],[-2,-1],[-1,0],[-1,-1],[-4,-8],[-1,-2],[-2,-2],[-1,-2]],[[5344,9100],[-2,4],[-4,3],[-3,2],[-3,0],[-6,-5],[-2,0],[-2,3],[1,2],[1,3],[-1,2],[-2,2],[-2,0],[-4,-2],[-5,0],[-1,1],[-2,2],[0,1],[-4,0],[-1,-1],[-1,-1],[-1,-2],[-1,-1],[-1,0],[-2,1],[-1,0],[-6,-3],[-2,-1],[-3,2],[-2,4],[-2,5],[-3,5]],[[5277,9126],[-1,2],[-1,2],[-1,5],[2,0],[1,1],[2,1],[0,2],[0,1],[-1,0],[0,1],[-5,1],[-1,1],[0,-2],[-1,-2],[-3,-3],[-1,-1],[-12,2],[-1,0],[-1,2],[-1,1],[-1,0],[4,7],[0,1],[-2,2],[-1,2],[1,1],[0,2],[1,2],[1,1],[0,2],[0,2],[3,6],[-1,2],[-1,4],[-1,2],[-6,0]],[[5306,9257],[2,-2],[2,0],[3,0],[1,0],[2,-2],[2,-3],[0,-1],[0,-1],[-1,-3],[0,-1],[0,-1],[2,-1],[3,-1],[1,0],[1,1],[1,2],[1,0],[1,0],[1,-1],[1,0],[3,1],[3,-1],[2,1],[1,0],[1,-1],[0,-1],[2,-1],[2,-5],[0,-1],[1,-1],[2,0],[3,-1],[1,0],[1,-1],[0,-1],[-1,-1],[-1,-1],[-1,-1],[0,-1],[0,-1],[1,-1],[2,-1],[1,-1],[2,-1],[2,1],[3,-2]],[[5842,9494],[-1,0],[0,-3],[-3,-1],[-1,-2],[-1,-2],[0,-2],[10,1],[1,1],[2,-1],[1,-2],[1,-1],[-1,-2],[-1,0],[-1,0],[0,-1],[-2,-2],[-1,0],[-2,-2],[0,-3],[0,-3],[-6,-5],[-2,-3],[-2,-3],[-5,-5],[-3,-1],[0,-3],[-1,0],[0,-1],[0,-1],[-3,0],[0,-1],[-2,-2],[1,-3],[-1,-3],[-6,-5],[-9,-3],[-4,-3],[-2,-5],[1,-1],[1,-2],[0,-2],[0,-2],[0,-1],[-1,0],[0,-1],[-1,-5],[-1,0],[1,-1],[0,-1],[1,-1],[0,-2],[-1,-1],[0,-1],[-1,-1],[-3,-2],[-2,-3],[-1,0],[-6,-4],[-12,-12],[-1,-2],[0,-1],[2,-2]],[[5774,9374],[-2,1],[-3,2],[-2,3],[0,2],[0,1],[1,1],[2,2],[0,1],[0,1],[-1,2],[0,1],[0,1],[1,1],[8,8],[2,2],[-11,11],[-1,0],[-2,0],[-1,1],[-1,0],[-2,4],[-1,2],[0,5],[0,2],[-1,2],[-1,2],[-1,1],[-3,2],[-7,1],[-2,2],[-1,1],[-1,0],[-1,-2],[-1,0],[-1,1],[0,1],[0,2],[1,1],[1,1],[0,1],[0,2],[0,2],[1,0],[1,2],[1,1],[0,1],[0,1],[0,2],[0,1],[-3,5],[-4,4],[-1,1],[-1,4],[-1,2]],[[5736,9472],[3,-1],[17,11],[1,0],[3,-1],[2,0],[6,3],[2,1],[2,4],[3,0],[1,0],[1,1],[0,1],[1,2],[1,1],[1,0],[1,1],[2,-1],[1,0],[1,2],[3,7],[1,1],[2,1],[7,1],[1,0],[1,0],[2,-2],[0,-1],[1,1],[1,1],[1,0],[4,-2],[1,1],[2,4],[1,1],[2,0],[1,-1],[1,1],[2,2],[3,1],[6,-2],[3,3]],[[5831,9513],[1,-2],[2,0],[2,0],[2,0],[1,-1],[1,-1],[0,-2],[0,-4],[0,-1],[1,-5],[1,-3]],[[5746,9119],[1,-1],[0,-1],[1,-1],[0,-1],[-1,-1],[-1,-1],[-1,-1],[-1,-1],[-2,0],[-2,-1],[-1,0],[-1,-1],[-1,1],[-1,0],[-1,0],[-1,0],[-1,-1],[0,-1],[-1,-2],[0,-1],[-3,-5],[0,-1],[0,-1],[0,-1],[0,-1],[1,-1],[2,-1],[1,-1],[0,-1],[0,-2],[-1,-1],[-3,-3],[-1,0],[-1,0],[-5,2],[-3,1],[-1,0],[-1,-1],[0,-1],[0,-1],[0,-1],[0,-1],[1,-1],[1,-1],[1,-1],[0,-1],[-1,0],[0,-1],[-1,0],[-1,0],[-2,1],[-1,0],[-1,0],[0,-1],[1,-1],[1,-2],[0,-1],[1,-2],[0,-1],[3,-3],[1,0],[2,-1],[1,0],[1,-1],[1,-1],[4,1],[1,0],[0,-1],[1,0],[-1,-1],[0,-1],[0,-1],[0,-1],[1,-1],[1,-1],[1,-1],[1,-1],[1,0],[0,-1],[0,-4],[0,-5],[0,-1]],[[5720,9038],[-3,0],[-1,1],[-3,3],[-1,1],[-1,0],[-1,1],[0,1],[0,1],[0,2],[-1,1],[-1,1],[-1,0],[-1,0],[-6,2],[-1,0],[-2,0],[-1,0],[-3,1],[-1,0],[-1,1],[0,1],[0,1],[0,2],[0,1],[1,2],[0,1],[0,1],[-1,0],[-1,0],[-1,-2],[-1,0],[-2,0],[-3,1],[-2,0],[-5,-2],[-2,-1],[-2,-1],[-1,-1],[-1,0],[-2,0],[-1,-1],[-1,0],[-1,-1],[-1,-1],[-1,0],[-1,0],[-1,0],[0,1],[-2,7],[-1,1],[0,1],[-1,1],[-1,1],[-1,0],[-2,0],[-3,0],[-2,0]],[[5661,9200],[6,0],[7,6],[2,0],[1,0],[1,-1],[0,-1],[1,-1],[1,0],[1,0],[1,-1],[1,-3],[1,-1],[4,0],[-1,-5],[4,1],[1,-2],[0,-5],[1,-7],[-1,-7],[0,-3],[1,1],[4,0],[1,-3],[1,-1],[2,1],[2,-1],[2,1],[1,-1],[0,-1],[1,-1],[3,0],[6,5],[2,0],[-1,-3],[0,-3],[1,-2],[1,-4],[0,-1],[-1,-4],[0,-5],[-2,-14],[0,-3],[1,-1],[7,-3],[0,3],[1,0],[2,-3],[3,-2],[2,-3],[1,-1],[10,-2],[3,0]],[[5668,9064],[7,0],[1,1],[1,1],[1,2],[1,2],[1,1],[1,1],[0,1],[-1,1],[0,1],[-4,4],[-1,1],[-1,0],[-1,0],[-1,-2],[-4,-8],[-1,-2],[0,-1],[0,-1],[0,-1],[1,-1]],[[5449,9676],[2,-1],[3,-2],[1,0],[9,1],[1,0],[2,-4],[1,-1],[1,-1],[2,0]],[[5471,9668],[0,-2],[-1,-2],[-2,-2],[-1,-2],[-1,-7],[0,-3],[-2,-6],[0,-3],[1,-2],[0,-5],[0,-1],[2,-2],[-1,-1],[-3,-2],[-8,-10],[0,-2]],[[5455,9616],[-2,0],[-4,2],[-1,0],[-1,0],[0,-1],[-1,-1],[-2,-1],[-1,1],[-1,0],[0,1],[0,1],[-1,1],[-1,1],[-1,0],[-1,-1],[0,-2],[-1,-1],[-1,0],[-3,-2],[-12,-3]],[[5421,9611],[-1,1],[0,1],[0,1],[1,1],[1,2],[0,1],[-2,1],[-1,2],[0,2],[-1,3],[0,1],[-1,1],[-1,1],[-1,1],[0,1],[0,3]],[[5415,9634],[0,3],[3,12],[0,1],[1,0],[3,0],[1,1],[2,2],[0,2],[0,3],[-1,5],[1,2],[1,3],[1,0],[2,1],[1,0],[0,2],[1,4],[1,1],[1,1],[7,3],[1,0]],[[5441,9680],[1,-1],[3,-2],[2,-3],[1,0],[1,1],[0,1]],[[5398,9768],[0,-4],[3,-10],[2,-6],[1,-2],[0,-1],[-1,0],[-1,0],[-1,0],[-1,2],[0,1],[-1,0],[-1,0],[-1,0],[-1,-2],[0,-1],[0,-1],[0,-1]],[[5396,9743],[-2,-6],[-4,-15]],[[5390,9722],[-4,-2],[-10,-2],[-1,-1],[0,-1],[1,-2],[0,-1],[0,-1],[-1,-1],[0,-1],[0,-1],[1,-1],[1,0],[1,0],[1,-1],[0,-1],[-1,-1],[1,-1],[0,-1]],[[5379,9703],[-3,-3],[-1,0],[0,-2],[1,-2],[0,-2],[-1,-1],[0,-1],[-1,-1],[-2,-1],[-1,-1],[-2,-1],[-1,-2],[-1,-1],[0,-1],[-1,-2],[-1,-1],[0,-1],[-2,-1],[-4,-2],[0,-1],[-1,0],[-1,1],[-1,1],[-3,-1],[-1,0],[-1,0],[-1,1],[-2,2],[-1,0],[-1,0],[0,-2],[0,-1],[-1,0],[-1,-1],[-1,1],[-1,0],[-2,-1],[0,-1],[-1,-1],[0,-1],[-1,-1],[-1,0],[-1,0],[-1,0],[-1,0],[-8,-3],[-1,0],[-1,-1],[-3,-3]],[[5321,9665],[-2,1],[-1,0],[-1,1],[-1,2],[-1,1],[-1,0],[0,1],[1,1],[0,1],[1,1],[0,1],[1,1],[0,1],[-1,1],[0,1],[-1,1],[0,1],[-1,0],[-4,1],[-1,1],[-1,1],[-4,6],[0,1],[0,1],[-1,1],[0,1],[-1,0],[-1,0],[-1,-1],[-1,0],[-1,0],[-7,2],[-2,-1],[0,1],[-1,0],[-1,1],[-1,1],[0,1],[0,1],[1,4],[1,0]],[[5277,9771],[10,2],[4,2],[2,2],[1,2]],[[5294,9779],[1,0],[1,-1],[2,-2],[3,-4],[1,-1],[2,1],[2,0],[2,-5],[4,-1],[8,3],[2,-1],[4,-4],[3,-2],[1,-1],[0,-3],[-5,1],[1,-5],[3,-1],[3,-2],[2,-1],[2,-2],[1,-1],[2,-1],[2,1],[-1,2],[1,2],[1,2],[6,1],[1,1],[1,2],[2,2],[2,0],[6,0],[1,1],[4,9],[2,3],[3,2],[13,-2],[12,-6],[3,2]],[[5421,9611],[-2,-3],[0,-1],[0,-2],[1,-4],[0,-2],[-1,-1],[-1,-1],[-1,0],[-2,-1],[-1,-2],[-1,-5],[-2,-3],[-1,-1],[-2,-1],[-2,1],[-2,0],[-5,-3],[-5,1],[-2,0],[-1,-1],[-2,-3],[-1,-1],[-1,-1],[-3,2],[-1,0],[-2,-2],[0,-2],[0,-4]],[[5381,9571],[0,-1],[-2,2],[-2,0],[-2,-1],[-6,-4],[-2,-1],[-2,0],[-7,4],[-1,-1],[-2,-1],[-1,1],[-1,1],[-2,5],[-4,4],[-2,3],[-1,1],[-3,0],[-1,1],[0,2],[-1,3],[0,2],[-1,0],[-2,-1],[-2,-1],[-3,-2],[-5,0],[-3,-1]],[[5323,9586],[0,1],[0,1],[1,0],[3,3],[2,0],[1,1],[0,1],[-1,1],[-1,0],[0,1],[-3,0],[-1,0],[-4,4]],[[5320,9599],[1,0],[1,1],[0,1],[0,1],[0,1],[0,1],[-2,3],[0,1],[0,1],[0,1],[0,2],[0,1],[0,1],[-1,0],[-1,1],[0,1],[0,2],[1,1],[1,0],[1,1],[1,0],[6,3],[2,1],[2,2],[1,1],[0,2],[1,1],[0,1],[1,1],[0,1],[0,1],[-1,1],[0,1],[-1,1],[0,1],[0,1],[-1,1],[1,1],[0,1],[0,1],[0,1],[-1,1],[-4,5],[-3,2],[-1,1],[-1,3],[-1,3],[-1,6]],[[5379,9703],[5,-10],[1,-2],[1,-1],[0,-2],[0,-2],[0,-1],[-1,-2],[0,-1],[0,-1],[0,-1],[1,-1],[0,-1],[3,-1],[0,-1],[-1,-1],[0,-1],[-1,-2],[-1,-1],[0,-1],[0,-1],[2,-1],[0,-1],[1,-2],[1,-2],[1,-1],[4,-4],[1,-1],[1,-1],[0,-2],[0,-1],[1,-1],[2,-1],[1,-1],[0,-1],[1,-1],[0,-1],[0,-1],[0,-1],[0,-2],[0,-1],[1,-2],[1,-1],[1,-2],[4,-2],[2,-1],[3,1],[1,-1]],[[4823,9638],[1,0],[0,-1],[-4,-2],[-2,-1],[0,1],[1,0],[0,2],[-1,0],[-2,-1],[0,1],[3,2],[2,1],[2,-1],[0,-1]],[[4949,9599],[-12,-6],[-2,-2],[0,-2],[0,-2],[1,-1],[0,-1],[3,-3],[1,-2],[2,-8],[2,-1],[5,1],[1,-1],[5,-3],[2,-1],[4,1],[1,0],[2,-2],[0,-2],[0,-3],[0,-4],[-1,-2],[-1,-1],[-2,0],[-1,0],[-1,-1],[0,-1],[0,-2],[-2,-1],[-1,0],[-1,1],[-1,1],[-1,-1],[-1,0],[0,-1],[-1,-2],[0,-1],[0,-2],[1,-1],[0,-1]],[[4951,9542],[-1,0],[-3,1],[-2,-1],[-1,1],[-1,0],[-1,1],[-3,0],[-2,1],[-1,2],[-5,-3],[-1,2],[-2,0],[-2,-1],[-1,0],[0,1],[-2,3],[-1,1],[0,1],[-1,0],[1,2],[-1,0],[-2,1],[0,1],[-1,2],[-3,2],[-2,1],[1,-3],[-1,-2],[-2,-3],[-1,1],[1,0],[1,1],[0,1],[-1,-1],[-1,0],[-1,0],[0,-1],[-2,2],[-2,1],[-1,0],[-1,0],[-1,2],[-1,2],[0,2],[-1,-1],[0,-2],[2,-2],[1,-1],[0,-1],[-1,0],[-1,-1],[-1,0],[-1,-1],[-1,3],[-2,0],[0,-2],[1,-1],[0,-1],[0,-1],[2,0],[0,-1],[-3,-3],[-1,-1],[-2,0],[-12,0],[0,1],[-1,2],[1,1],[1,0],[1,1],[0,1],[0,2],[-2,4],[-1,3],[-1,3],[-4,6],[-7,6],[-1,1],[-1,-1],[-1,-2],[-2,0],[-2,2],[-2,1],[-2,0],[-7,2],[1,0],[0,1],[1,1],[0,1],[0,1],[1,0],[1,-1],[27,7],[5,-2],[1,1],[1,1],[1,4],[-1,1],[-1,2],[0,1],[-1,3],[-1,1],[-3,1],[-1,1],[-1,0],[0,1],[0,1],[-2,-1],[-5,3],[-2,-1],[-1,-2],[-2,-3],[-1,-3],[-2,-1],[0,3],[1,1],[-1,2],[-1,1],[0,1],[1,2],[1,1],[-1,1],[-1,0],[-5,1],[0,1],[0,2],[1,0],[1,0],[1,0],[1,0],[0,1],[0,1],[2,5],[1,1],[1,-1],[-1,-5],[2,-1],[8,0],[1,0],[0,-1],[1,0],[1,0],[1,0],[4,1],[6,0],[-1,0],[-2,-1],[2,0],[7,1],[0,1],[-2,0],[-1,1],[-1,1],[-1,-1],[-1,0],[-1,0],[0,2],[-1,0],[-3,-1],[0,2],[1,0],[0,1],[1,0],[1,1],[1,2],[-1,0],[-2,-2],[-1,0],[0,1],[0,1],[-1,-1],[-1,-1],[-1,1],[-3,-2],[-1,-1],[0,1],[0,1],[-1,-1],[-1,0],[-1,-1],[-1,0],[0,1],[4,6],[1,1],[8,5],[-1,0],[-3,-2],[-1,0],[-6,-1],[-3,-2],[-5,-3],[-4,-1],[-3,-2],[-1,0],[-2,0],[-3,2],[-2,0],[0,-1],[0,-1],[-1,-1],[-4,0],[-1,1],[-1,1],[0,3],[1,0],[0,2],[-1,4],[-1,2],[1,3],[1,2],[1,0],[0,1],[-2,2],[1,4],[2,4],[2,2],[1,0],[1,-1],[-1,1],[1,1],[2,1],[3,0],[1,0],[3,-2],[1,0],[-2,3],[-1,2],[2,1],[3,-1],[2,0],[-2,1],[0,1],[-1,1],[0,1],[7,0],[2,0],[3,2],[2,0],[-2,0],[0,1],[0,1],[2,0],[3,2],[2,1],[2,0],[2,-2],[-1,-4],[2,1],[3,1],[1,1],[1,-1],[2,0],[1,0],[0,1],[-2,0],[0,2],[2,1],[1,1],[2,1],[2,0],[2,0],[1,-1],[1,1],[1,-1],[0,-1],[1,0],[0,1],[1,1],[0,1],[-1,1],[1,0],[2,1],[1,1],[3,1],[1,0],[0,-2],[-1,-1],[1,-1],[0,-1],[0,-1],[1,0],[0,-1],[0,-2],[0,-1],[2,2],[2,1],[1,0],[-1,-1],[0,-1],[1,-2],[3,-2],[1,-1],[0,1],[0,1],[0,1],[0,1],[0,1],[-1,2],[1,0],[0,-1],[1,-1],[0,3],[0,3],[1,1],[1,-1],[0,1],[0,1],[0,1],[1,-2],[2,0],[4,0],[1,0],[2,-2],[1,-1],[1,0],[3,1],[0,-2]],[[5648,9060],[1,-3],[1,-2],[0,-1],[1,0],[0,-1],[0,-1],[-1,-1],[1,0],[0,-1],[1,-1],[1,-1],[0,-1],[1,-4],[0,-1],[-1,-2],[0,-1],[0,-1],[0,-4],[1,-1],[1,0],[1,1],[1,-1],[1,0],[4,-7],[2,-2],[0,-1],[0,-1],[0,-1],[-1,0],[-1,0],[0,-1],[0,-2],[0,-1],[0,-1],[-1,-1],[0,-1],[-1,0],[-1,-1],[-1,0],[0,-1]],[[5611,8946],[-1,0],[-3,1],[-1,1],[-3,2],[-1,3],[1,3],[0,1],[-2,2]],[[5601,8959],[0,1],[-1,4],[5,2],[2,5],[0,7],[-3,7],[-1,1],[-4,2],[-5,5],[-4,0],[0,1],[-1,1],[0,5],[0,2],[-1,1],[-1,1],[-3,0],[-6,-1],[-3,3],[2,6],[-3,4],[-6,1],[-3,-4],[-1,-3],[0,-1],[-1,0],[-2,0],[-2,0],[-2,-5],[-2,-2],[-2,1],[-2,2],[-2,1],[-1,-1],[-1,-1],[0,-2],[-1,-1],[-1,0],[-1,0],[-1,2],[-1,4],[-2,1],[-4,0]],[[5539,9044],[9,-6],[3,-1],[8,0],[2,2],[0,2],[0,3],[1,1],[2,1],[2,0],[8,-6],[7,-1],[4,5],[3,8],[1,3],[0,2],[-2,6],[-1,5],[0,1],[-3,6],[1,1],[3,1],[2,1],[2,5],[1,1]],[[5315,9030],[1,-1],[0,-1],[1,-1],[0,-2],[1,1],[4,2],[1,0],[1,-2],[0,-2],[-1,-2],[-4,-7],[-1,-1],[-1,-1],[1,-2],[2,-1],[3,0],[2,0],[1,0],[1,-2],[1,-2],[0,-5],[1,-5],[0,-2],[-1,-2],[5,0]],[[5333,8992],[1,-2],[1,-3],[3,-5],[3,-2],[1,-1],[0,-2],[0,-1],[1,-1],[6,-5],[4,-4],[-1,-6],[-4,-3],[-5,0],[-1,-2],[-2,-6],[0,-9],[-1,-5],[-2,-2],[-2,0],[-4,5],[-1,1],[-11,1],[-1,-1],[-2,-3],[-3,-2],[-5,-6],[-2,-2],[-2,0]],[[5304,8926],[-12,3],[-4,0],[-1,0],[-1,1],[0,1],[0,1],[-1,1],[-1,-1],[-1,-1],[-1,0],[-1,0],[-1,1],[-1,3],[-1,0],[-1,0],[-6,-1],[-1,0],[-1,0],[-1,2],[-2,2],[0,1],[-2,1],[0,1],[0,1],[1,3],[0,1],[-1,1],[-1,2],[0,4],[-1,0],[-1,0],[-1,0],[-4,4],[-2,0],[-2,5],[0,5],[-3,0],[-2,-1],[-3,-1],[-1,-3]],[[5243,8962],[-8,2],[-3,0]],[[5232,8964],[-1,1],[0,1],[0,1],[0,1],[-2,1],[0,1],[1,1],[1,1],[0,2],[0,1],[0,1],[-1,1],[1,1],[2,0],[0,1],[1,0],[1,5],[0,1],[0,1],[0,1],[-1,0],[0,1],[0,2],[0,2],[0,1],[1,1],[1,2],[0,2],[0,1],[0,1],[0,1],[-1,2],[-1,2],[-1,1],[0,1],[1,1],[3,3],[1,0],[3,0],[2,0],[1,0],[1,1],[1,2],[2,2],[1,1],[1,0],[1,-1],[1,0],[0,-1],[0,-1],[0,-1],[-1,-1],[0,-1],[0,-1],[1,0],[0,-1],[1,0],[1,-1],[3,0],[1,0],[0,1],[1,1],[0,1],[0,4],[0,1]],[[5259,9016],[1,1],[2,1],[1,0],[1,-1],[1,-1],[0,1],[1,0],[1,1],[1,1],[1,3],[0,1],[1,0],[1,1],[4,-2],[1,-1],[1,-1],[1,0],[1,1],[2,2],[1,0],[2,1],[6,3],[1,1],[1,1],[1,0],[1,-1],[1,0],[6,3],[1,0],[2,-1],[1,-1],[2,-2],[1,-1],[2,1],[5,3]],[[5277,9126],[-1,-1],[-1,0],[-3,1],[-1,-1],[0,-1],[0,-3],[0,-1],[-1,0],[-1,-1],[-1,1],[-1,2],[0,1],[-1,0],[-2,0],[-1,-1],[-1,-1],[-1,-2],[0,-2],[1,-2],[1,-1],[3,-1],[1,-2],[0,-2],[-8,-11],[-1,-1],[-1,0],[-1,0],[-1,0],[-3,-6],[-1,-1],[0,-2],[0,-2],[0,-1],[2,-1],[0,-1],[0,-1],[-1,-3],[0,-1],[0,-2],[1,-1],[0,-1],[0,-2],[-1,0],[-6,-2],[-1,-1],[1,-2],[2,-4],[1,-4],[-3,-3],[-6,-4]],[[5240,9052],[-5,5],[-2,0],[0,-7],[-1,-2],[-12,2],[-1,1],[-1,3],[1,6],[0,1],[-4,4],[-6,2],[-1,1],[0,1],[-1,2],[-7,5],[-1,2],[0,3],[-2,2],[-3,0],[-13,-4],[-7,3],[-5,-2],[-1,0],[-2,1],[2,7],[-1,3],[-7,3],[0,-1],[-5,-4],[-9,-3]],[[5146,9086],[0,5],[0,2],[-1,4],[0,1],[2,3],[1,1],[0,2],[2,6],[1,3],[2,0],[6,-2],[3,1],[1,1],[0,2],[-2,3],[1,0],[0,2],[-7,7],[-1,0],[0,1],[-1,0],[-1,0],[0,-1],[-1,-2],[-4,-7],[-1,-6],[0,-3],[-1,-1],[5,68],[4,21],[1,30],[1,2],[3,6],[1,2],[1,1],[1,0],[0,-1],[0,-1],[0,-2],[0,-1],[0,-1],[1,-2],[1,-1],[5,-5],[4,-2],[1,-1],[11,-13],[2,-4],[1,-4],[0,-3],[1,-5],[2,-13],[0,-1],[3,-9],[3,-4],[3,-4],[3,-1],[1,-1],[0,-2],[1,-1],[-1,-3],[0,-2],[1,-3],[0,-3],[2,-1],[-1,2],[0,4],[-1,2],[1,4],[-1,3],[-2,2],[-2,1],[3,0],[2,0],[2,-1],[2,-2],[-2,4],[-3,2],[-4,1],[-3,3],[-2,4],[-1,4],[-3,26]],[[5896,9590],[0,-1],[0,-3],[0,-6],[4,-7],[0,-4],[-1,-2],[-2,-2],[-1,-2],[0,-2],[0,-1],[0,-1],[-1,-1],[0,-1],[-1,0],[0,-1],[0,-1],[1,-3],[0,-1],[-1,-1],[-1,-1],[-1,-4],[0,-2],[1,-5],[0,-2],[-1,-1],[-1,-2],[-1,0],[1,-3],[0,-2],[0,-1],[2,0],[1,-2],[2,-4],[0,-1],[1,0],[0,-1],[0,-1],[0,-1],[0,-1],[-3,-2],[-2,-1],[-1,0],[-3,-3],[2,-2],[0,-1],[0,-1],[-1,0],[-1,0],[-1,0],[1,-1],[0,-1],[0,-1],[-1,-2],[-1,1],[-1,0],[-1,0],[-1,1],[-1,0],[0,-1],[1,-1],[0,-1],[0,-1],[0,-1],[0,-1],[-1,-2],[-2,0],[-1,-1],[-3,1],[-3,0],[-2,-1],[-3,-1],[-1,-1],[0,1],[-1,0],[0,1],[-3,1],[-2,1],[0,2],[1,4],[-2,0],[-1,0]],[[5859,9502],[0,2],[1,1],[0,1],[0,1],[0,1],[-1,1],[-1,2],[-4,5],[-1,1],[-1,0],[-1,0],[-1,0],[-1,1],[0,1],[0,1],[0,1],[2,2],[0,1],[0,1],[1,1],[0,1],[0,1],[0,1],[0,3],[-1,2],[-1,1],[-1,1],[-12,8],[-1,1],[0,1],[0,2]],[[5836,9548],[1,0],[2,2],[1,0],[1,1],[0,2],[-1,1],[0,1],[0,1],[0,1],[1,3],[1,2],[0,1],[0,1],[1,2],[0,1],[1,1],[3,5],[1,1],[1,4],[3,7],[2,2],[0,2],[0,1],[0,1],[-1,1],[0,1],[0,1],[1,2],[11,19]],[[6057,8831],[0,-1],[-1,4],[2,-3],[-1,0]],[[5980,8798],[1,0],[1,1],[1,-1],[0,1],[0,1],[1,1],[0,1],[1,1],[2,0],[1,1],[0,2],[0,1],[1,2],[0,1],[0,1],[-1,0],[0,1],[1,3],[1,2],[1,1],[2,0],[-1,1],[1,4],[-1,1],[0,1],[1,-1],[0,-1],[2,1],[1,-1],[1,-1],[1,0],[1,1],[1,1],[1,2],[0,2],[-1,1],[4,0],[5,3],[10,3],[2,1],[0,3],[5,6],[1,1],[2,0],[2,0],[1,0],[1,0],[4,-1],[2,-2],[1,-1],[0,-1],[1,-3],[1,0],[3,6],[1,4],[-1,3],[1,3],[-1,2],[-1,3],[-1,2],[2,4],[0,1],[0,1],[0,1],[0,2],[1,1],[2,2],[-1,1],[0,1],[1,1],[-1,1],[-1,2],[0,3],[0,1],[2,2],[3,0],[2,0],[1,-2],[1,0],[1,-1],[0,-1],[0,-2],[0,-1],[0,-2],[1,-1],[0,-3],[1,-12],[0,-4],[-3,-13],[0,-2],[0,-2],[0,-4],[0,-1],[0,-1],[1,0],[0,-2],[0,-1],[0,-1],[0,-1],[1,-1],[0,-1],[0,-1],[1,-1],[2,-1],[0,2],[0,1],[-1,3],[2,-4],[1,-2],[0,-3],[0,-8],[0,-4],[1,-3],[0,-2],[-1,-2],[0,-2],[0,-2],[1,-3],[1,-6],[1,-2],[-1,-18],[1,-3],[-1,-1],[0,-2],[0,-1],[-1,-2],[-2,-2],[-1,-2],[-1,-3],[-6,-11],[-1,-1],[-1,-2],[0,-4],[0,-8]],[[5325,8857],[-4,3],[-1,0],[-2,0],[-1,0],[-3,2],[-2,0],[-2,0],[-2,-1],[-1,-2],[1,-3],[-2,-4],[1,-2],[-1,-1],[0,-1],[1,-1],[1,-1],[1,-2],[0,-3],[-1,0],[0,-1],[-1,-1],[-3,1],[-11,0],[-1,0]],[[5292,8840],[0,2],[-1,9],[0,8],[1,3],[1,3],[1,0],[5,0],[2,2],[6,10],[-1,2],[-1,4],[-1,4],[-3,-1],[-3,-2],[-1,-1],[0,2],[1,2],[1,4],[1,2],[-10,8],[5,7],[1,2],[1,1],[3,1],[0,2],[0,1],[0,1],[0,2],[3,3],[1,2],[0,3]],[[5333,8992],[8,2],[5,0],[3,1],[2,1],[2,-2],[1,-2],[2,-2],[2,0],[10,6],[-1,1],[-3,2],[-1,1],[6,5],[2,0],[2,-1],[1,0],[2,1],[1,3],[1,0],[1,0],[1,-1],[1,0],[2,2],[1,1]],[[5384,9010],[0,-5],[2,-6],[0,-4],[3,-2],[3,-1],[0,-1],[3,-10],[1,-2],[2,-2],[1,-1],[0,-2],[-1,-1],[-1,0],[-1,-1],[0,-2],[8,-6],[3,-1],[1,-2],[4,-6],[1,-1],[2,-2],[3,-3],[1,0],[2,1],[1,3],[1,0],[1,0],[2,-1],[1,-2],[-1,-1],[-1,-1],[-1,-2],[0,-2],[1,-3]],[[5582,9208],[1,-1],[1,0],[1,1],[1,1],[1,0],[2,1],[1,0],[0,-1],[1,-1],[0,-1],[1,0],[1,0],[3,0],[7,1],[1,1],[1,1],[0,1],[0,1],[1,0],[1,0],[2,0],[1,0],[4,-2],[1,0],[0,1],[1,0],[1,2],[1,0],[1,0],[1,-1],[1,-4],[1,-2],[0,-1],[0,-1],[-1,-1],[0,-1],[0,-1],[0,-1],[1,-2],[0,-1],[1,0],[1,-1],[2,0],[3,-1],[2,-3]],[[5581,9125],[-2,0],[-1,1],[-1,0],[0,1],[-1,0],[-1,1],[-3,3],[-2,3],[-1,0],[-1,1],[-5,1],[0,1],[0,1],[0,1],[0,1],[0,1],[-1,1],[-2,0],[-1,0],[-1,0],[0,-1],[-1,-1],[0,-2],[0,-1],[-1,-1],[-1,-1],[-3,0],[-1,0],[-1,-1],[-1,0],[-1,0],[-2,2],[-5,11],[0,3],[-1,2],[0,1],[-1,0],[-1,0]],[[5516,9208],[5,0],[3,1],[3,3],[1,1],[3,1],[2,1],[2,2],[1,0],[3,-2],[2,-1],[7,2],[2,0],[5,-3],[1,-1],[2,-3],[1,-1],[1,-1],[1,0],[2,2],[2,1],[1,0],[3,-3],[3,0],[1,1],[1,3],[1,1],[7,-4]],[[5676,9669],[1,-1],[0,-5],[1,-1],[0,-1],[1,-2],[1,-1],[3,-3],[4,-2],[6,-5],[7,-5],[1,0],[3,0],[1,0],[1,-1],[0,-1],[1,0],[0,-2],[9,-8]],[[5716,9631],[-1,-2],[-2,-3],[0,-1],[0,-1],[1,-3],[0,-2],[1,-1],[1,1],[0,1],[1,1],[1,0],[0,1],[2,-1],[1,-1],[1,-1],[2,-4],[2,-2],[1,-1],[2,0],[1,0],[1,0],[1,-1],[0,-1],[1,0],[0,-1],[-1,-2],[1,-1],[3,-2],[2,-2],[0,-1],[0,-1],[-1,-1],[-1,-1],[0,-1],[0,-1],[0,-1],[0,-1],[0,-1],[-2,-3],[0,-1],[-1,-1],[0,-1],[0,-1],[2,-2],[3,-3],[1,-2],[1,-1],[1,0],[1,0],[1,-1],[1,-1],[0,-1],[1,-1],[0,-1],[0,-3],[0,-1],[0,-1],[0,-1],[1,0],[1,1],[2,0],[4,-4]],[[5753,9564],[0,-2],[0,-1],[0,-1],[-1,0],[-1,0],[-1,-1],[-1,-1],[-1,-3],[-1,-1],[-9,-7],[-1,-2],[-1,-1],[1,-2],[0,-2],[0,-2],[0,-2],[0,-1],[0,-1],[0,-2],[0,-1],[-1,-1],[-1,-1],[-8,-3],[-1,0],[-1,0],[-1,0],[-4,3],[-2,0],[-1,-1],[-2,0],[-1,0],[-1,0],[-1,-1],[0,-1],[-3,-7]],[[5649,9646],[9,1],[1,0],[0,2],[-2,3],[0,2],[1,1],[1,1],[5,2],[1,-1],[-2,5],[-3,0],[-2,0],[2,5],[6,2],[10,0]],[[5833,9549],[-4,-6],[-2,-4],[-1,-4],[1,-2],[2,-8],[0,-1],[0,-5],[0,-1],[0,-1],[1,-1],[1,-1],[0,-1],[0,-1]],[[5736,9472],[-1,0],[-1,0],[-5,-1],[-1,0],[-1,0],[-4,3],[-1,1],[-1,0]],[[5753,9564],[1,0],[1,1],[1,1],[1,3],[1,1],[1,0],[0,-1],[0,-1],[0,-2],[0,-1],[1,0],[1,1],[1,1],[2,1],[1,1],[1,3],[1,1],[1,1],[1,0],[1,0],[4,-1],[2,-1],[1,-1],[1,-1],[0,-1],[-1,-2],[1,-1],[1,0],[1,-1],[1,-1],[2,0],[2,0],[1,0],[1,1],[1,1],[1,0],[5,0],[3,-1],[7,-5],[1,-1],[1,0],[2,0],[1,0],[1,1],[1,0],[1,1],[0,1],[1,2],[1,0],[0,1],[1,0],[1,-1],[2,-2],[1,-3],[1,0],[1,-1],[3,-1],[1,-1],[2,-2],[6,-5]],[[5829,9265],[-7,-6],[-1,0],[0,5],[-1,3],[-3,1],[-4,1],[-1,1],[-3,3],[-1,2],[1,2],[0,2],[1,2],[0,1],[-1,0],[-1,1],[-1,1],[-1,0],[-5,-5],[-1,-3],[-2,-5],[-1,-2],[-4,-4],[0,-1],[-1,-5],[-2,-3],[-2,-2],[-2,-1],[-2,0],[-1,1],[-4,6],[-3,2],[-2,2],[-3,0],[-1,-1],[-1,-1],[-1,0],[-2,-1],[-2,1],[-2,1],[-1,1],[0,1],[-1,1],[0,3],[-1,1],[-1,1],[-3,1],[-2,1],[-1,1],[0,2],[-1,10],[-1,2],[-2,0]],[[5758,9315],[3,1],[3,1],[4,1],[3,-2],[3,2],[4,5],[6,4],[2,3],[-1,3],[0,1],[-2,-1],[-1,1],[-1,2],[0,1],[0,2],[-1,1],[1,2],[1,3],[3,4],[3,2],[2,1],[3,0],[3,1],[7,6],[5,1],[6,0],[13,-4],[1,-1],[1,-1],[0,-1],[0,-2],[-1,-2],[-2,-3],[0,-1],[1,-4],[3,-3],[2,-4],[-3,-6],[-1,-5],[-1,-5],[1,-2],[7,-2],[1,-2],[0,-1],[-1,-1],[-1,-1],[0,-2],[1,-1],[-1,0],[0,-1],[0,-1],[1,-1],[1,0],[1,1],[1,1],[2,-1],[6,-8],[0,-1],[1,-3],[1,-3],[0,-1],[1,-1],[-1,-1],[-1,-1],[-1,-2],[0,-2],[-2,-2],[-1,-2],[-2,-1],[-2,0],[-2,0],[-1,0],[0,-1],[0,-1],[0,-1],[-1,0],[0,1],[-1,0],[0,1],[-3,-1],[-1,-1],[-1,-2],[0,-2],[-1,-3],[1,-1]],[[5320,9315],[2,0],[0,1],[0,6],[-1,1],[-1,1],[0,1],[-1,2],[1,1],[0,1],[2,0],[1,0],[1,1],[2,3],[2,2],[1,0],[5,0],[1,0],[1,1],[0,1],[1,0],[0,1],[0,1],[0,1],[2,1],[0,2],[1,2],[1,1],[1,1],[1,0],[1,0],[1,0],[1,0],[1,0],[4,3],[1,0]],[[5352,9350],[2,-1],[1,0],[1,-1],[1,0],[1,0],[4,0],[1,1],[1,0],[0,1],[0,1],[1,1],[1,0],[1,-1],[1,-1],[0,-1],[0,-1],[4,-3]],[[5815,9176],[-1,-1],[-1,-2],[2,-2],[1,-2],[0,-1],[0,-1],[0,-1],[1,-2],[1,-1],[3,0],[2,-2],[1,-4],[0,-8],[1,-3],[3,-3],[6,-4],[2,0],[4,1],[1,0],[5,-2],[1,-2],[0,-1],[1,-1],[-1,0],[0,-1],[0,-2],[0,-1],[1,-3],[0,-3],[1,-1],[1,-4],[1,-2],[1,-2],[-2,0],[-3,1],[-1,0],[-2,-1],[-2,-2],[0,-1]],[[5746,9119],[2,4],[1,1],[1,1],[1,0],[2,0],[2,0],[3,2],[1,0],[1,1],[0,1],[-1,1],[0,2],[1,0],[2,2],[1,1],[1,1],[1,0],[2,-1],[1,0],[1,0],[4,4],[1,0],[1,0],[1,0],[1,0],[3,0],[2,0],[1,0],[3,1],[0,1],[1,0],[1,0],[3,-2],[1,0],[1,1],[0,1],[0,2],[0,4],[0,1],[0,1],[-1,2],[-1,0],[-1,2],[0,1],[0,3],[0,1],[0,1],[-1,1],[-1,0],[-4,-1],[-1,0],[-1,0],[-1,1],[0,1],[0,3],[1,5],[0,2],[0,2],[1,0],[2,3]],[[5785,9176],[1,-1],[1,0],[1,-1],[2,0],[2,0],[2,-1],[0,-1],[1,-2],[0,-1],[6,-3],[1,0],[1,1],[1,2],[1,1],[0,1],[0,1],[0,1],[1,0],[3,0],[1,0],[3,3],[2,0]],[[5243,8917],[-1,0],[-1,1],[0,1],[-1,0],[0,1],[0,2],[2,3],[2,-1],[1,-3],[-1,-3],[-1,-1]],[[5245,8928],[-1,0],[-1,1],[0,1],[-1,1],[1,3],[0,1],[1,1],[1,0],[1,0],[0,-1],[1,-1],[0,-1],[-1,-2],[0,-2],[-1,0],[0,-1]],[[5292,8840],[-3,-1],[-2,0],[-2,1],[0,1],[0,1],[-3,2],[-1,-1],[-2,-2],[-2,-4],[-2,0],[-1,2],[-2,4],[-1,1],[-5,1],[-1,0],[-2,-1],[-5,-1],[-6,-3],[-3,0],[-4,1],[0,1],[-1,1],[-1,0],[-1,1],[0,1],[0,1],[-1,1],[-1,1],[-1,2],[-1,2],[0,3],[-1,-1],[-3,-1],[-2,0],[-1,3],[-5,4]],[[5226,8860],[0,2],[-1,4],[0,1],[0,1],[0,1],[1,1],[0,1],[1,1],[0,2],[1,1],[0,2],[0,1],[0,2],[-1,1],[1,1],[0,1],[2,2],[1,2],[1,0],[2,0],[1,1],[1,0],[0,1],[0,3],[0,2],[0,2],[0,1],[1,1],[2,1],[1,1],[1,1],[1,4],[1,1],[1,0],[1,0],[0,1],[1,1],[0,3],[0,1],[1,1],[1,2],[1,1],[1,1],[0,1],[0,1],[-1,2],[0,2],[0,2],[1,1],[0,1],[1,0],[0,1],[2,0],[1,1],[0,1],[0,1],[-1,3],[0,2],[0,5],[0,1],[-1,1],[-1,0],[0,-1],[-1,0],[0,-1],[-1,-1],[-1,0],[0,1],[0,3],[0,1],[1,0],[1,0],[0,1],[1,0],[0,2],[-1,1],[-2,6],[0,1],[-1,1],[-1,0],[-1,1],[-1,3],[-1,1]],[[5445,9697],[-2,-2],[-1,-2],[-1,-2],[1,-3],[2,1],[6,-3]],[[5450,9686],[0,-2],[-1,-3],[0,-3],[0,-2]],[[5441,9680],[-5,6],[-1,3],[0,6]],[[5435,9695],[1,1],[2,3],[1,1],[1,0],[2,1],[2,2],[3,2],[2,0]],[[5449,9705],[1,-1],[0,-3],[-1,-1],[-3,-1],[-1,-2]],[[5601,8959],[-5,1],[-5,-1],[-3,-2],[-1,-1],[-17,-16],[-10,-5],[-3,-3],[-6,-10],[-2,-1],[-4,2],[-2,-1],[-3,0],[-6,-3],[-6,-6]],[[5470,8941],[1,0],[1,1],[2,0],[2,2],[2,3],[0,1],[0,1],[-1,1],[0,1],[0,1],[1,0],[0,3],[0,1],[-1,1],[-1,1],[0,1],[-1,1],[0,1],[0,1],[0,2],[0,1],[0,1],[1,2],[0,1],[1,1],[0,1],[2,0],[2,0],[1,0],[4,-3],[1,0],[1,0],[9,5],[1,1],[1,1],[1,2],[1,2]],[[5117,9662],[0,-1],[0,-1],[1,-1],[0,-2],[2,-3],[0,-2],[1,-1],[0,-2],[0,-1],[1,-2],[3,-5],[0,-1],[2,-1],[1,-1],[1,-1],[1,0],[2,0],[3,1],[1,1],[2,2],[1,0],[2,1],[0,1],[1,0],[1,1],[1,2],[0,1],[2,0],[2,0],[9,-3],[1,-1],[2,-1]],[[5160,9642],[0,-6],[0,-2],[0,-3],[1,-10],[0,-3],[0,-1],[0,-1],[-2,-3],[0,-2],[-1,-1],[1,-1],[0,-1],[0,-1],[1,-1],[0,-1],[0,-3],[1,-1],[0,-4],[0,-1],[0,-1],[-1,0],[0,-1],[1,-9],[0,-1],[1,0],[1,-2],[1,0],[0,-1],[-1,-2],[0,-2],[1,-2],[0,-1],[0,-1],[-1,0],[0,-1],[-1,0],[-1,0],[-1,-1],[-2,0],[-2,0],[-1,-1],[-1,-1],[-1,-1],[-1,-1],[0,-1],[-1,-2],[0,-5],[-1,-2],[-1,-2],[0,-2],[-1,-3],[0,-1],[-1,-1],[-1,-1]],[[5146,9547],[0,-4]],[[5146,9543],[-9,1],[-1,1],[-1,1],[0,1],[-1,1],[-1,0],[-1,1],[-2,0],[-2,0],[-1,-1],[-1,-2],[-9,-4],[-2,-2],[-1,0],[0,-1],[-1,-1],[0,-1],[-2,-1],[-2,-2],[-10,-4],[-1,0],[-2,1],[-3,1],[-6,-3],[-1,-1],[-3,0],[-3,0],[-1,0],[0,-1],[-1,-1],[-3,-1],[0,-3]],[[5075,9522],[-2,1],[0,1],[0,3],[0,1],[-1,2],[0,1],[-1,3],[1,1],[0,1],[2,0],[2,0],[0,1],[1,1],[-1,1],[-3,1],[-1,0],[0,2],[0,1],[1,0],[2,1],[1,0],[0,1],[1,1],[1,2],[0,2],[-1,2],[-1,0],[-3,0],[0,2],[0,4],[1,3],[0,1],[-1,2],[0,1],[-1,2],[0,1],[-4,3],[-8,2],[-1,1],[0,2],[1,2],[6,2],[1,2],[0,1],[-1,1],[-1,0],[-2,0],[-1,0],[-1,1],[-1,3],[-1,2],[-1,1]],[[5086,9647],[-1,1],[0,2],[-1,2],[0,2],[1,0],[0,-1],[1,-1],[-1,2],[0,1],[-1,0],[-1,0],[-1,1],[-2,4],[0,2],[0,1],[1,1],[1,1],[1,0],[0,1],[0,1],[0,1],[1,0],[3,0],[0,1],[8,2],[0,-1],[0,-1],[1,-1],[-2,-3],[0,-4],[2,-2],[3,-1],[7,0],[6,1],[4,2],[1,0],[0,1]],[[5352,9350],[2,6],[-1,2],[-2,1],[-1,1],[-1,1],[0,1],[1,4],[0,1],[-1,1],[-1,1],[-1,1],[-1,1],[-6,0],[-1,0],[0,1],[0,2],[-1,1],[-2,1],[-2,1],[-2,2],[-1,2],[-1,1],[-1,2],[0,2],[0,3],[0,1],[1,1],[0,1],[0,1],[0,2],[-1,3],[-1,1],[-1,2]],[[5327,9401],[3,2],[2,-3],[3,1],[3,7],[2,15],[0,3],[0,1],[2,1],[0,2],[0,3],[0,1],[1,3],[3,1],[4,2],[2,0],[4,-3],[1,0],[3,4],[2,4],[1,0],[0,1],[1,3],[1,0],[2,0],[0,1],[1,3],[-1,3],[-1,3],[-1,2]],[[5365,9461],[8,5],[4,1],[5,-1],[0,3],[2,2],[2,0],[1,-1],[1,1],[0,2],[0,1],[3,0],[2,-1],[1,0],[5,2],[9,-10]],[[5327,9401],[-1,0],[-3,3],[-10,17],[-2,6],[-1,2],[-1,1],[-1,1],[-2,1],[-4,3],[-1,0],[-1,0],[0,-1],[1,-1],[0,-1],[0,-1],[1,0],[0,-1],[-1,-1],[-1,-1],[-7,0],[-1,0],[-1,-1],[-1,0],[0,-1],[-1,0],[-4,1],[-4,-1],[-1,0],[-1,1],[-1,1],[0,1],[0,1],[0,2],[0,3],[0,3],[1,1],[-1,1],[0,1],[-1,0],[-1,0],[-1,1],[0,1],[-1,1],[-1,0],[-2,-1],[-1,0],[-1,0],[-1,0],[0,1],[0,1],[1,1],[0,1],[0,1],[-1,1],[-2,0],[-1,0],[-1,0],[0,1],[0,1],[0,1],[-1,0],[-1,0],[-1,-1],[-1,1],[-1,1],[0,1],[-1,2]],[[5258,9456],[1,11],[2,8],[0,1],[0,1],[1,2],[3,4],[2,4],[0,1],[0,3],[0,1],[1,4],[0,2],[3,6],[0,1],[0,1],[-1,3],[0,2],[1,1],[2,6]],[[5273,9518],[3,-1],[3,0],[5,-2],[1,0],[0,1],[0,1],[0,1],[0,1],[-1,1],[1,1],[1,1],[1,0],[2,-1],[1,-1],[0,1],[1,0],[0,1],[2,1],[3,1],[5,3],[1,0],[1,0],[1,1],[0,1],[0,1]],[[5304,9530],[1,1],[1,1],[1,0],[1,0],[4,-3],[1,0],[1,2],[1,0],[8,-3],[1,0],[1,-2],[0,-2],[0,-3],[0,-1],[0,-2],[1,0],[1,0],[1,0],[2,3],[1,0],[3,1],[1,0],[1,-1],[0,-1],[0,-2],[1,-1],[1,0],[1,1],[1,0],[2,-4],[1,-1],[0,-1],[0,-1],[-1,-2],[-1,0],[1,-2],[0,-1],[1,-1],[3,-5],[1,-4],[1,-5],[-1,-5],[-2,-6],[1,-2],[1,-1],[3,-3],[1,0],[3,0],[3,-1],[3,-3],[5,-9]],[[5728,9249],[2,-5],[10,-23],[1,-1],[13,-7],[0,3],[0,7],[1,2],[1,1],[2,0],[1,0],[2,0],[5,-6],[6,-1],[1,0],[3,-5],[2,-3],[1,-3],[-1,-4],[-1,-1],[-1,-1],[-2,-2],[-1,-2],[0,-3],[2,-9],[0,-5],[1,-1],[5,0],[3,-1],[1,-3]],[[5657,9209],[-1,5],[1,6]],[[5657,9220],[2,4],[6,6],[1,5],[-3,3],[-3,3],[1,0],[1,1],[16,1],[2,2],[1,4],[1,1],[4,4],[2,2],[2,0],[0,2],[-1,1],[-5,3],[-1,2],[0,2],[2,5],[1,2]],[[5774,9374],[0,-1],[-3,-4],[-3,-6],[-1,-1],[0,-1],[0,-1],[0,-1],[1,0],[0,-1],[0,-1],[0,-1],[-1,-1]],[[5703,9360],[2,1],[6,1],[1,1],[1,1],[0,1],[0,1],[-1,1],[0,1],[-3,1],[-1,1],[0,1],[0,1],[0,2],[0,1],[0,1],[1,1],[1,1],[1,0],[1,1],[0,1],[0,1],[0,1],[1,1],[0,1],[0,2],[0,2],[-2,8],[0,1],[-2,2],[-1,1],[1,1],[1,2],[0,1],[-1,1],[-1,1],[-1,1],[0,2],[0,1],[1,0],[1,0],[5,1],[1,1],[0,1],[1,1],[0,1],[-1,1],[-2,0],[-1,1],[-1,1],[0,1],[-2,0],[-1,0],[-1,1],[-2,2],[-5,5],[-2,5]],[[5240,9052],[1,-2],[0,-3],[0,-5],[4,0],[17,-4],[2,-1],[-3,-5],[-2,-6],[-2,-2],[2,-8]],[[5232,8964],[-3,-1],[-4,-2],[-10,-2],[-1,1],[0,2],[0,1],[0,1],[-1,1],[-1,-1],[-7,-6],[-1,0],[-9,2],[-3,-1],[-1,0],[-4,2],[-1,1],[-2,-1],[-5,-3],[-4,0],[-1,0],[0,-1],[-2,0],[-4,1],[0,-3],[0,-1],[-1,-1],[-2,-1],[-1,0],[-4,3],[-2,-1],[-2,-2],[-2,-1],[-2,2],[1,4],[-1,2],[-2,2],[-1,-2],[-3,-3],[-3,-2],[-3,-1],[-6,0],[-2,-1],[-2,0],[-3,1],[-4,4]],[[5123,8957],[1,2],[3,4],[0,4],[2,8],[4,23],[2,8],[3,18],[5,39],[2,19],[1,4]],[[5381,9571],[2,0],[1,0],[1,-1],[0,-2],[0,-1],[-2,-3],[0,-1],[1,-1],[1,-1],[1,-1],[0,-6],[-2,-3],[-2,-2],[4,-4],[-1,-1],[-1,-2],[0,-1],[4,-5],[1,1],[1,0],[0,3],[4,-2],[3,-2],[1,-1],[1,-7],[2,-3],[3,-2],[3,1],[1,3],[1,3],[0,1],[1,1],[3,-1],[4,-4],[3,0],[17,1],[4,-2],[1,-5]],[[5304,9530],[-1,2],[1,3],[2,2],[2,1],[1,0],[2,1],[2,2],[2,1],[0,2],[3,7],[0,1],[0,1],[0,1],[0,1],[0,1],[0,1],[0,2],[0,1],[1,1],[1,1],[2,2],[1,1],[1,2],[-1,2],[0,1],[0,2],[1,3],[0,1],[-1,1],[-1,0],[-1,0],[0,1],[-1,1],[0,1],[0,2],[1,1],[2,0],[1,0],[1,1],[-1,1],[-1,0],[0,1]],[[5625,9328],[1,-1],[2,-1],[1,-3],[0,-2],[0,-3],[-2,-1],[-5,0],[-1,-2],[-7,-9],[-1,-2],[2,-2],[3,-2],[0,-1],[-1,-2],[-2,-1],[-1,-1],[0,-2],[6,-4],[1,-2],[0,-2],[-1,-2],[0,-2],[1,-1],[3,-2],[1,-3],[0,-3],[-4,-6],[0,-2],[2,-1],[1,0],[2,-1],[0,-1],[-2,-4],[-1,-2],[2,-6],[4,-5],[5,-4],[4,-1],[6,1],[2,-1],[2,-2],[1,-1],[-2,-7],[1,-2],[0,-2],[2,0],[3,0],[1,-1],[3,-4]],[[5582,9208],[1,6],[1,2],[1,2],[2,2],[1,1],[1,2],[0,3],[0,1],[0,1],[-1,1],[-2,8],[0,1],[-1,1],[-10,10],[-1,1],[-1,3],[-2,7],[-1,2],[-1,0],[0,1],[-1,3],[-2,2],[0,1],[0,1],[1,2],[0,1],[0,1],[0,1],[0,1],[0,1],[1,0],[1,3],[0,1],[0,1],[0,1],[-1,1],[0,1],[-2,2],[-1,1],[-1,1],[0,1],[1,1]],[[5582,9335],[1,-2],[0,-1],[0,-1],[0,-3],[0,-1],[0,-1],[1,0],[1,-1],[2,0],[0,-1],[3,-2],[1,-1],[2,0],[4,3],[1,0],[2,-1],[3,-1],[1,0],[1,0],[2,1],[1,0],[4,-1],[3,-1],[1,0],[1,0],[1,0],[1,0],[1,1],[2,2],[3,4]],[[5146,9543],[0,-2],[0,-5],[1,-1],[0,-1],[2,0],[2,-1],[0,-1],[1,-1],[0,-1],[0,-5],[1,-2],[1,-1],[10,-4],[2,-2],[-2,-2],[-2,-1],[-9,1],[-1,-1],[0,-3],[2,-4],[2,-1],[14,-2],[0,-4],[1,-4],[1,-3],[2,-3],[-1,0],[-1,0],[-1,0],[-1,0],[0,-1],[-1,0],[-1,0],[-1,0],[-11,0],[-3,-1],[-5,-4],[-2,0],[-3,0],[-2,-1],[0,-1],[-1,0],[0,-1],[-1,0],[-1,-4],[3,0],[5,-7],[2,-1],[2,1],[1,-2],[1,-4],[1,-2],[-5,-8],[0,-3],[5,-3],[3,-3],[1,-3],[-3,-2]],[[5154,9439],[-7,5],[-3,1],[-2,-2],[-1,-3],[-3,1],[-2,-1],[0,-2],[0,-5],[0,-2],[0,-1],[-1,-1],[-4,-3],[-2,0],[-1,1],[-1,2],[0,7],[0,3],[-1,1],[-1,0],[-4,-2],[-1,-4],[1,-7],[2,-6],[2,-2],[-1,-1],[-1,-1],[-3,-1],[-8,2],[-5,0],[-1,1],[-5,6],[-8,4],[-3,3],[-5,6],[-2,2]],[[5083,9440],[0,2],[-1,3],[-1,1],[-1,2],[-6,3],[-9,2],[-3,2],[1,0],[1,1],[1,1],[2,1],[1,0],[0,1],[1,2],[0,2],[-1,2],[-1,2],[1,2],[0,2],[0,1],[1,2],[2,1],[8,0],[1,1],[1,0],[1,-1],[5,-2],[1,1],[-1,0],[1,0],[1,0],[1,0],[1,-1],[-2,0],[0,-1],[3,-3],[4,-1],[1,-1],[2,-2],[2,-1],[4,0],[-1,1],[-4,1],[-1,1],[-3,4],[-3,3],[-3,1],[-2,1],[-2,0],[0,1],[-2,1],[-3,1],[-12,-1],[-2,-2],[-1,-1],[0,-1],[-1,0],[0,-1],[-3,-1],[-2,-2],[-2,-1],[-1,0],[-2,1],[-1,1],[-2,3],[-1,0],[-2,1],[-1,0],[0,-1],[-1,0],[0,-1],[0,-1],[-1,0],[-2,0],[-8,4],[0,1],[2,0],[4,-2],[2,0],[1,2],[-1,2],[-1,2],[-2,2],[-1,-1],[0,-1],[1,0],[-1,-2],[-1,0],[0,4],[-1,2],[-3,3],[7,4],[1,0],[2,0],[0,-1],[-1,-1],[1,0],[1,1],[3,1],[0,1],[-2,1],[-2,0],[-1,0],[1,2],[-2,1]],[[5043,9497],[1,2],[1,0],[1,0],[1,-1],[1,0],[1,0],[1,0],[1,0],[1,0],[1,0],[1,1],[1,2],[1,1],[0,1],[0,1],[1,0],[0,1],[1,0],[1,0],[0,-1],[1,0],[1,-1],[1,0],[1,1],[1,1],[1,0],[0,-1],[0,-1],[0,-1],[1,0],[0,-1],[1,1],[1,1],[0,2],[1,1],[1,1],[1,0],[1,1],[1,2],[1,6],[0,2],[1,0],[0,1],[0,1],[0,1],[0,1]],[[5455,9616],[1,0],[1,-2],[1,-1],[1,-5],[0,-1],[5,-3],[1,-1],[1,-2],[-1,-1],[0,-2],[0,-1],[0,-1],[0,-1],[0,-1],[-1,0],[-2,1],[-1,0],[0,-1],[-1,-1],[0,-1],[0,-1],[1,0],[1,-1],[1,0],[1,0],[3,1],[2,0],[11,-1],[1,0],[2,1],[1,1],[1,1],[0,1],[2,1],[2,0],[1,0],[0,-1],[0,-1],[0,-1],[0,-1],[1,0],[1,0],[9,3]],[[5501,9594],[1,0],[1,0],[4,-1],[1,0],[0,-1],[1,-1],[0,-1],[2,-7],[1,-1],[0,-1],[3,-2],[1,-2],[1,-1],[0,-1],[0,-2],[0,-2],[-2,-4],[-1,-1],[-1,-1],[-1,-1],[-1,-1],[-1,-2],[-1,0],[-1,-1],[-1,0],[-1,-1],[1,-3],[0,-2],[1,-1],[0,-1],[0,-1],[-1,-1],[0,-1],[0,-2],[0,-1],[-1,-2],[-3,-2],[-3,-1],[-1,-1],[-2,0],[-2,0],[-1,0],[0,-1],[-1,0],[0,-1],[0,-1],[0,-1],[0,-1],[0,-1],[1,-1],[1,0],[1,0],[0,-1],[3,-2],[1,-2],[1,-2],[0,-2],[0,-1],[0,-2],[0,-1],[0,-1],[3,-4],[0,-2]],[[5504,9513],[-1,0],[-4,0],[0,-1],[-4,-2],[0,-1],[1,-2]],[[5412,9068],[-3,-1],[-7,-1],[-7,-3],[-2,-4],[-1,-1],[-1,1],[-1,2],[-1,1],[-2,0],[-1,0],[-1,-2],[1,-3],[0,-2],[-1,-2],[-2,0],[-1,2],[-1,2],[-1,1],[-1,1],[-2,1],[-1,-3],[-2,-2],[-6,-4],[-2,1],[-5,1],[0,1],[0,2],[1,1],[1,1],[-2,2],[-1,0],[-2,-2],[-3,1],[-5,4],[-2,2],[-1,2],[0,2],[1,3],[0,2],[-1,1],[-1,0],[-3,-2]],[[5343,9073],[0,4],[0,1],[0,1],[-1,1],[-1,2],[-1,1],[0,2],[-1,1],[0,1],[0,1],[0,2],[0,1],[-1,1],[-1,1],[0,1],[0,1],[1,2],[4,2],[2,1]],[[5343,9073],[-2,-1],[-7,-1],[-1,0],[-1,1],[-1,1],[-1,0],[-1,-1],[0,-1],[0,-1],[0,-1],[0,-1],[-1,-1],[-1,-2],[0,-1],[1,-1],[0,-1],[1,-1],[2,0],[1,-1],[0,-1],[1,0],[-1,-1],[0,-1],[-3,-8],[-1,-1],[-2,-2],[0,-1],[1,0],[0,-1],[1,0],[0,-1],[0,-1],[0,-1],[-1,-1],[-1,0],[-1,0],[-2,1],[-1,1],[-1,-1],[-1,0],[0,-1],[0,-1],[0,-1],[-1,-1],[-2,-1],[0,-1],[-1,0],[-1,-2],[0,-1],[0,-2]],[[5216,9540],[15,-8],[1,1],[3,2],[1,-1],[0,-2],[-1,-1],[-1,-1],[0,-1],[0,-2],[2,-2],[2,-2],[2,-1],[2,1],[1,2],[1,1],[4,-1],[9,-6],[3,0],[5,-3],[2,0],[1,4],[5,-2]],[[5258,9456],[-5,1],[-1,0],[-3,-4],[0,-1],[-1,-1],[0,-1],[0,-2],[-1,0],[-3,-1],[0,-1],[-1,-1]],[[5172,9435],[-2,0],[-1,2],[-1,1],[-4,-3],[-3,1],[-7,3]],[[5146,9547],[5,-3],[4,-2],[10,0],[3,-2],[1,1],[1,3],[1,0],[28,-8],[1,0],[1,1],[1,2],[1,0],[2,0],[1,0],[1,0],[2,3],[4,-2],[2,0],[1,0]],[[5097,9693],[-1,0],[0,1],[1,0],[0,-1]],[[5181,9677],[-1,-4],[2,0],[7,-5],[-1,-3],[-1,-1],[0,-2],[1,-3],[0,-2],[0,-1],[-1,-1],[-2,-5],[-4,-5],[-2,-3]],[[5179,9642],[-3,0],[-1,0],[-1,0],[-2,1],[-1,-1],[-1,0],[-2,-1],[-3,0],[-5,1]],[[5117,9662],[1,0],[7,-1],[9,2],[3,-1],[-2,2],[-1,1],[-4,0],[-1,-1],[0,1],[0,1],[0,1],[-1,0],[-3,1],[-1,1],[0,1],[-1,3],[-3,3],[-1,3],[0,4],[0,3],[-1,3],[-2,0],[0,1],[1,1],[1,1],[0,2],[1,6],[1,2],[0,-2],[1,2],[0,1],[0,1],[-1,0],[-1,1],[1,8],[1,2],[1,1],[2,-1],[0,1],[-2,0],[-2,0],[-1,-1],[-1,-2],[-1,1],[0,1],[-1,1],[0,3],[1,2],[0,1],[-1,1],[-1,1],[0,1],[1,2],[0,2],[1,1],[2,1],[-1,1],[-1,-1],[-1,2],[0,3],[-1,2],[0,3],[1,1],[1,0],[3,-1],[0,1],[-1,1],[-3,1],[-1,0],[-1,-3],[-1,2],[-2,5],[-1,2],[1,0],[0,1],[-2,2],[-1,1],[-1,2],[2,0],[0,1],[-1,3],[-1,0],[-1,-2],[-1,1],[-2,2],[-2,1],[0,1],[1,0],[0,1],[-1,0],[-1,-1],[-1,0],[-1,1],[-1,2],[1,4],[0,2],[-1,1],[0,1],[-1,3],[0,1],[-1,1],[0,2],[-3,2],[0,1],[0,2],[3,2],[0,2],[1,4],[0,2],[-1,2],[-1,2],[0,1],[-1,1],[-3,1],[-3,1],[0,4],[0,2],[1,1],[2,0],[1,0],[1,-1],[1,-1],[3,1],[1,-1],[0,-2],[1,-1],[1,0],[2,0],[6,-1],[6,-3],[2,1],[0,-1],[0,-1],[1,0],[1,1],[1,1],[1,-1],[2,0],[1,0],[2,0],[1,2],[2,3],[1,1],[4,1],[2,0],[10,-2],[1,0],[0,-1],[0,-2],[2,-5],[1,-2],[-2,-2],[-1,-1],[0,-1],[0,-1],[-2,0],[-1,0],[-1,-1],[0,-3],[1,-3],[2,-2],[1,-4],[6,-9],[1,-2],[0,-3],[0,-1],[0,-1],[-1,-1],[0,-1],[1,-1],[1,1],[1,0],[1,-1],[1,-1],[1,0]],[[5675,9743],[0,-3],[-1,-2],[-1,-2],[0,-1],[0,-1],[2,-7],[1,-2],[0,-2],[0,-5],[0,-2],[1,-1],[2,-1],[1,-1],[0,-1],[0,-1],[-1,0],[0,-1],[-1,-2],[1,-2],[0,-1],[-1,-1],[0,-1],[0,-1],[-1,-1],[-1,0],[-3,-1],[-1,-1],[0,-1],[-1,-1],[-1,-3],[0,-1],[0,-2],[1,-1],[0,-1],[0,-1],[-1,-2],[-1,-2],[0,-1],[1,-1],[3,-3],[3,-3],[0,-3],[0,-4]],[[5553,9658],[-2,2],[-1,1],[0,1],[-1,0],[-1,-1],[-1,0],[-1,1],[0,1],[0,1],[0,4],[0,1],[0,2],[0,1],[-1,1],[0,1],[-1,0],[0,1],[-1,1],[-1,1],[-1,-1],[0,1],[0,1],[0,1],[1,1],[1,1],[0,1],[0,1],[-1,1],[0,1],[1,1],[3,-1],[0,1],[1,1],[1,3]],[[5248,9625],[-2,0],[-5,-1],[-1,-1],[0,-1],[-1,-2],[1,-15],[-1,-4],[-6,-5],[-1,0],[0,-1],[0,-2],[0,-2],[1,-3],[0,-2],[0,-1],[0,-2],[-1,-1],[-2,-1],[-6,-2],[-1,0],[0,-2],[1,-2],[2,-3],[1,-2],[0,-1],[0,-2],[0,-2],[-2,0],[-4,-1],[-1,0],[-1,-1],[0,-1],[-1,-2],[1,-1],[0,-2],[1,-1],[0,-1],[-1,-1],[-1,-1],[-2,-1],[-2,-1],[0,-2],[1,-2],[2,-1],[3,-1],[-1,-2],[-1,-2],[-2,-1]],[[5179,9642],[1,-1],[1,-2],[1,-3],[1,0],[0,-1],[1,1],[1,0],[1,-1],[1,-1],[1,0],[1,0],[1,1],[0,1],[0,1],[1,0],[4,1],[1,0],[0,-1],[1,-1],[1,0],[7,2],[1,0],[1,1],[2,3],[1,1],[1,0],[1,0],[4,0],[6,-2],[1,0],[1,1],[1,2],[1,0],[1,0],[2,0],[1,1],[1,1],[1,1],[-1,1],[0,1],[1,1],[6,-2],[0,-1],[1,-1],[-1,-1],[0,-1],[0,-2],[1,-1],[3,-4],[1,-2],[2,0],[1,0],[1,-1],[0,-2],[1,-7]],[[5756,9777],[1,-3],[0,-4],[0,-2],[-1,-3],[0,-2],[0,-1],[0,-1],[1,-1],[1,0],[0,-1],[1,-2],[0,-2],[3,-2],[0,-2],[1,-3],[1,-3],[0,-2],[-1,-1],[-1,-2],[-1,-1],[1,-3],[1,-2],[0,-2],[0,-3],[-2,-2],[-3,-1],[-2,-1],[0,-2],[2,-5],[1,-1],[6,-3],[0,-1],[1,-1],[0,-3],[0,-1],[1,0],[4,-2],[1,-1],[1,-2],[1,-1],[12,-1],[2,0],[1,-1],[0,-2],[0,-1],[-1,-1],[0,-1],[-1,-2],[0,-2],[1,-1],[1,-2],[5,-7],[1,0],[2,0],[2,1],[2,-1],[3,-3],[2,-1],[3,0],[1,0],[2,-4],[1,-1],[2,-2],[4,-1],[3,-4],[14,-6],[1,0],[2,0],[2,0],[3,-2],[11,-12]],[[5855,9645],[-3,-1],[-8,-6],[-4,-5],[-3,-2],[-2,2],[-4,-5],[-6,2],[-7,1],[-1,2],[0,2],[0,1],[-1,2],[-2,0],[-9,-8],[-6,0],[-3,-3],[-1,0],[0,2],[-2,0],[-3,0],[-2,1],[-2,3],[-1,-1],[-1,-2],[0,-1],[-7,-1],[-2,1],[0,-5],[-3,-1],[-12,-1],[-2,1],[0,3],[-6,3],[-1,1],[0,1],[1,1],[1,1],[0,2],[1,1],[0,2],[0,1],[-1,1],[-2,2],[-2,0],[-2,0],[-3,-2],[-1,0],[-1,1]],[[5742,9641],[0,1],[0,3],[0,1],[0,1],[-1,1],[-2,2],[-1,0],[0,2],[0,2],[3,2],[0,1],[0,2],[0,11],[-1,1],[-1,1],[0,2],[0,1],[0,2],[2,2],[1,1],[1,7],[0,3],[0,3],[-1,3],[0,1],[-1,1],[0,1],[1,1],[0,1],[3,2],[1,1],[2,-1],[1,0],[0,1],[0,1],[0,1],[0,1],[-1,1],[-1,0],[0,2],[0,1],[0,2],[1,3],[1,1],[0,2],[-2,6],[-1,1],[-3,0],[-1,0],[-1,1],[0,2],[0,3],[0,1],[1,3],[0,2],[-3,1],[-1,1],[0,2],[1,3],[0,2],[2,4],[1,1],[-1,1],[-1,1],[-1,1],[0,2],[0,1],[0,2],[0,2],[-1,2],[-2,2],[-3,4],[-1,1],[-2,-1],[-2,-1],[-2,-1],[-6,-1],[-1,1],[0,1],[-1,0],[-1,5],[-1,1],[1,1],[0,2],[1,1]],[[5718,9779],[2,2],[2,1],[2,1],[2,-1],[1,0],[1,0],[1,1],[1,2],[2,1],[2,0],[2,-1],[1,-1],[1,1],[2,1],[0,1],[1,0],[2,-2],[1,0],[3,-4],[1,-1],[2,-1],[6,-2]],[[5742,9641],[-1,-2],[-1,-2],[-2,0],[-4,0],[-5,-3],[-1,-1],[-3,1],[-1,0],[-4,-3],[-2,-1],[-2,1]],[[5710,9795],[1,-1],[4,-8],[1,-1],[0,-1],[-1,-2],[0,-1],[1,-1],[2,-1]],[[4987,9481],[1,-1],[3,0],[1,-1],[-1,-2],[-2,-1],[-6,1],[-5,1],[-1,1],[0,2],[-1,3],[-1,2],[0,2],[1,1],[1,0],[1,-1],[4,-2],[2,-2],[3,-3]],[[5043,9497],[-1,1],[-1,0],[0,3],[-1,2],[1,1],[5,0],[3,1],[2,0],[-1,0],[-3,0],[-1,0],[-7,3],[-1,0],[-1,0],[-3,-1],[-3,0],[-1,-1],[-1,0],[-1,1],[2,0],[1,1],[1,2],[1,1],[-1,-1],[-1,0],[-2,0],[-1,-1],[1,0],[1,-1],[-3,0],[-1,0],[0,1],[-1,-4],[-1,0],[-3,1],[-1,0],[-4,-2],[-2,0],[-1,0],[-1,0],[-2,2],[-1,3],[-1,1],[-1,0],[-1,0],[0,1],[-1,1],[1,1],[3,0],[1,-3],[1,1],[1,0],[1,-1],[0,1],[0,2],[2,-1],[2,-1],[2,0],[2,1],[-1,1],[4,5],[0,3],[-2,3],[0,-1],[1,-1],[0,-1],[-1,-1],[-1,0],[2,-1],[-1,-1],[-1,0],[-1,1],[-4,3],[2,-1],[2,0],[-1,1],[-1,1],[-3,1],[1,-1],[-2,-1],[-4,-1],[-1,-1],[-1,-1],[-1,-1],[-3,-1],[0,1],[1,0],[0,1],[-2,0],[0,-1],[-1,0],[0,2],[0,1],[0,1],[1,1],[-1,0],[-1,1],[-1,1],[0,2],[-1,0],[0,-2],[1,-1],[0,-1],[0,-4],[0,-1],[1,-1],[1,-2],[1,-1],[0,-1],[-1,0],[0,-1],[0,1],[-1,1],[-1,0],[0,1],[-1,1],[-1,1],[0,-2],[0,-1],[-1,1],[-1,2],[0,2],[-1,-2],[1,-2],[-1,0],[-1,0],[-1,1],[-2,-2],[-2,0],[-1,1],[1,1],[0,1],[-1,1],[-1,0],[-1,-2],[1,-1],[-1,-4],[1,-4],[1,-4],[2,-2],[-1,0],[-2,1],[-1,-1],[-1,4],[0,1],[0,2],[1,2],[0,2],[0,3],[-1,2],[-1,2],[-1,2],[-1,0],[-1,1],[-1,0],[0,1],[0,2],[1,4],[7,3],[-1,1],[0,1],[0,1],[0,1],[-1,-1],[-1,0],[0,3],[0,1],[-1,-2],[-1,1],[-1,0],[-1,0],[1,-1],[1,-1],[0,-1],[1,-2],[-1,0],[0,-1],[-1,1],[-1,-1],[-2,-1],[1,0],[1,-2],[-2,0],[0,-2],[0,-1],[-1,0],[-1,0],[-2,3],[-2,1],[-4,1],[-2,0],[1,1],[2,0],[3,-2],[0,1],[-1,1],[-2,1],[-3,0],[0,1],[1,0],[0,1],[0,1],[0,1],[2,0],[1,3],[1,2],[1,1],[0,1],[-2,-3],[-2,-2],[-3,-2],[-1,0],[0,-1],[1,0],[0,-1],[0,-1],[-7,-2],[-1,1],[-3,4],[-1,3],[-1,1],[0,1],[-1,1],[-1,-1]],[[5756,9777],[1,-1],[2,-4],[1,0],[7,1],[2,0],[0,2],[1,0],[1,1],[0,1],[0,1],[1,0],[2,0],[0,1],[4,1],[3,0],[2,-1],[0,-1],[4,-3],[3,-1],[1,0],[1,0],[1,0],[2,1],[1,0],[8,-4],[1,-1],[1,-2],[0,-1],[0,-1],[1,0],[4,-5],[0,-1],[0,-1],[-2,0],[0,-1],[0,-2],[2,-2],[5,-6],[0,-2],[1,-1],[1,0],[1,-3],[0,-1],[1,-1],[1,0],[1,0],[0,-2],[0,-2],[0,-1],[1,-2],[1,-1],[3,0],[4,-1],[1,0],[1,2],[0,3],[-1,2],[1,2],[1,0],[3,-1],[3,0],[1,0],[5,-3],[2,0],[0,-5],[1,-4],[2,-1],[2,2],[0,1],[0,1],[1,1],[0,-1],[3,-2],[2,-1],[1,0],[7,0],[3,-1],[0,-1],[1,1],[1,2],[0,1],[1,0],[2,0],[1,1],[0,2],[1,1],[1,1],[1,0],[1,0],[2,0],[0,-1],[4,-1],[1,0],[1,-2],[-1,-1],[1,-2],[2,-3],[1,-2],[2,-1],[4,0],[2,-2],[1,-2],[1,-1],[1,0]],[[5610,9456],[-2,0],[-5,-4],[-6,-1],[-1,-3],[0,-1],[0,-2],[1,-4],[1,-1],[-1,-1],[0,-2],[-1,0],[-1,-1],[-2,0],[-1,-1],[0,-2],[0,-1],[1,-1],[2,0],[1,-2],[0,-2],[0,-5],[1,-1],[1,-1],[2,-1],[0,-3],[-1,-1],[-3,-2],[-1,-1],[1,-2],[1,-3],[-1,-1],[0,-1],[-1,0],[-2,0],[-1,-1],[-7,-5],[-5,-2],[-2,-2],[-2,-1],[-4,5],[-2,2],[-10,-2]],[[5504,9513],[3,0],[8,2],[1,0],[1,-1],[0,-1],[1,-3],[0,-1],[1,-2],[4,0],[2,-1],[2,-2],[0,-1],[2,0],[2,1],[1,0],[3,-3],[1,0],[2,1],[2,3],[2,0],[7,-2],[0,5],[0,4],[1,-1],[2,-4],[3,-3],[1,-2],[0,-1],[1,-2],[1,0],[2,0],[2,-1],[6,-6],[7,-4],[1,0],[1,1],[0,1],[1,2],[0,1],[1,1],[1,1],[1,-1],[1,-2],[0,-1],[-1,-3],[0,-1],[1,-1],[6,3],[1,-2],[1,-7],[2,-2],[2,0],[0,1],[1,2],[1,1],[1,0],[4,0]],[[5513,9870],[0,-3],[-2,0],[-2,-1],[-2,0],[0,4],[2,0],[1,0],[1,1],[1,2],[1,-3]],[[5520,9852],[-5,4]],[[5515,9856],[0,3],[3,15],[1,2],[2,3],[0,1],[0,1],[0,1],[-3,3],[-1,1],[-2,0],[-1,0],[-3,-2],[-1,1],[-1,1],[0,1],[0,2],[3,2],[0,2],[0,1],[-1,3],[-2,2],[-2,3],[1,2],[2,2],[2,2],[0,2],[-1,1],[-3,1],[-1,2],[0,2],[-1,1],[0,1],[-1,1],[-2,0],[-4,-1],[0,1],[-1,2],[-1,1],[-2,0],[-3,-1],[-1,1],[-1,0],[0,1],[-1,1],[0,1],[0,1],[1,1],[1,2],[-1,3],[1,1],[1,1],[1,1],[2,1],[1,0],[-3,4],[-1,1],[-2,0],[-1,-1],[-3,-3],[-2,-2],[-2,1],[-18,0],[-2,1],[-4,4],[-1,1],[-2,0],[-1,0],[-1,1],[0,1],[0,2],[0,1],[0,1],[-1,0],[0,1],[0,2],[1,1],[2,2],[0,1],[-1,2],[-1,0],[-8,0],[-2,1],[-2,2],[-3,10],[-7,15],[-4,4]],[[5427,9989],[6,1],[15,5],[1,0],[1,0],[5,0],[7,1],[3,2],[1,1],[2,-3],[1,-6],[0,-3],[3,-3],[2,-2],[0,-3],[0,-1],[-2,-2],[-1,-1],[2,-6],[0,-1],[-1,-2],[0,-1],[1,0],[1,-1],[0,-2],[1,0],[0,-1],[2,0],[2,0],[1,0],[1,0],[0,-1],[1,-1],[0,-1],[3,-3],[1,-1],[1,-3],[0,-1],[2,-1],[7,-3],[0,-1],[1,0],[2,1],[2,5],[2,1],[2,2],[4,1],[7,2],[2,-1],[1,-1],[2,-3],[1,-2],[1,-2],[1,-1],[1,0],[1,-1],[1,-1],[1,-3],[-1,-3],[0,-4],[2,-7],[1,-5],[0,-1],[1,-2],[2,-1],[3,-2],[2,0],[2,0],[3,1],[2,1],[0,1],[1,1],[2,0],[1,-1],[0,-2],[-1,-1],[1,-1],[6,0],[2,0],[2,-1],[1,-2],[2,-3],[1,-5],[0,-6],[0,-6],[3,-3],[1,1],[0,1],[1,1],[1,2],[1,1],[1,1],[4,0],[3,0],[2,-1],[2,-1],[1,-1],[2,0],[5,2],[2,0],[2,0],[3,-4],[2,-1],[1,-1],[3,-6],[1,0],[1,0],[0,1],[0,1],[1,1],[1,-1],[1,0],[1,-1],[0,-1],[0,-2],[-1,-1],[-2,-1],[-1,-2],[0,-1],[0,-2],[-2,-6],[0,-2],[1,-1],[2,1],[1,0],[0,-1],[2,-5],[0,-2],[1,-1],[0,-1],[-2,-1],[-2,-1],[-2,-2],[0,-1],[-1,-1],[0,-1],[1,-3],[0,-2],[-1,0]],[[5514,9726],[-2,-2],[-1,0],[-1,0],[-2,0],[-1,-1],[-1,-1],[-1,0],[-1,1],[-1,0],[-1,0],[-7,-2],[-5,2],[-1,0],[-1,-1],[-1,-1],[-1,-1],[-1,0],[0,1],[-1,0],[-1,1],[-2,-1],[-1,0],[-1,1],[-2,2],[-2,0],[-3,-1]],[[5472,9723],[-2,1],[-1,1],[0,1],[-1,1],[-2,-1],[-1,0],[-14,9],[-2,1],[-1,-1],[-3,-2],[-1,0],[-2,0],[-5,3],[-2,1],[-2,-1],[-2,2],[-1,1],[-1,1],[-1,0],[-1,0],[-1,-1],[-4,-3],[-1,-1],[-2,0],[-4,0],[-3,-1],[-1,1],[-3,0],[-4,2],[-2,0],[-1,0],[-1,0],[-1,1],[-1,1],[0,1],[0,1],[-2,2]],[[5398,9768],[0,1],[0,2],[1,2],[1,2],[0,1],[1,0],[1,1],[0,2],[0,1],[0,1],[-1,0],[-1,0],[-1,0],[0,-1],[-1,0],[0,1],[-1,2],[0,5],[0,1],[-1,2],[0,4],[0,2],[0,1],[-1,1],[0,1],[0,1],[2,1],[1,1],[1,1],[1,2],[-1,1],[-1,0],[-1,0],[0,-1],[-1,0],[-1,0],[0,1],[0,2],[3,5],[1,1],[1,1],[1,1]],[[5401,9817],[6,-3],[1,-1],[1,-1],[0,-4],[1,0],[10,2],[8,-5],[14,2],[6,-1],[4,-3],[7,-2],[3,-3],[1,-1],[2,1],[1,0],[4,-4],[1,0],[1,0],[2,1],[1,0],[0,-1],[1,-3],[1,-1],[1,1],[0,1],[0,1],[1,1],[2,3],[2,0],[2,0],[3,-1],[1,0],[1,1],[0,1],[0,1],[0,1],[0,2],[1,0],[3,1],[1,1],[1,4],[1,1],[2,0],[3,-2],[1,0],[1,1],[2,0],[1,0],[2,-2],[2,0],[1,1],[-1,2],[6,-1]],[[5320,9599],[-2,-1],[-2,0],[-2,2],[-1,1],[-1,1],[-2,3],[-1,2],[-1,1],[-1,0],[-1,-1],[-3,0],[-7,3],[-1,0],[-1,1],[1,1],[0,1],[-1,1],[0,1],[-1,0],[-2,0],[-1,0],[-3,2],[-1,1],[-1,1],[0,2],[-1,1],[0,2],[0,4],[0,4],[0,1],[0,1],[0,1],[-1,1],[-1,0],[-4,2],[-1,0],[-1,0],[-8,-2],[-1,-1],[-1,0],[-1,-1],[-1,0],[0,-1],[-1,-2],[-1,-1],[-1,0],[0,-1],[-1,0],[-1,0],[-1,-1],[0,-2],[-1,-1],[-1,0],[-1,1],[-2,0],[-5,-1]],[[5462,9692],[0,-4],[-1,-2],[-1,0],[-10,0]],[[5445,9697],[9,0],[1,0],[2,-3],[2,-1],[3,-1]],[[5515,9856],[-5,3],[-1,0],[-1,0],[-2,0],[-1,0],[0,-1],[0,-2],[0,-1],[-1,-1],[-2,0],[-3,0],[-1,-1],[-2,-2],[-1,0],[-1,1],[0,1],[0,1],[0,1],[0,1],[0,1],[0,1],[-1,0],[0,1],[-1,-1],[-3,-3],[-2,-1],[-1,0],[-1,2],[2,2],[0,1],[0,1],[0,1],[-1,2],[-1,1],[-1,2],[-1,0],[-1,1],[0,-1],[-1,0],[0,-1],[0,-1],[0,-2],[0,-1],[0,-1],[-1,0],[-1,1],[-2,1],[-2,0],[-3,1],[-1,1],[-1,0],[1,1],[0,1],[0,1],[-1,0],[-1,0],[-1,0],[-1,-1],[-1,0],[-1,0],[-2,1],[-2,0],[-1,-1],[-1,-1],[-1,0],[0,-2],[-1,-1],[-1,0],[-1,1],[-1,1],[0,1],[0,1],[0,1],[0,1],[0,1],[2,2],[1,1],[3,2],[1,1],[1,1],[0,1],[-1,1],[-4,2],[-1,0],[-1,0],[-1,-1],[-1,-1],[-1,1],[-1,1],[0,1],[-1,1],[-1,0],[0,-1],[-1,-1],[0,-1],[-1,0],[-2,0],[-3,-1],[-1,0],[-1,0],[-1,0],[-2,-1],[-5,0],[-2,0],[-1,1],[-1,1],[-1,1],[0,1],[0,1],[0,1],[-1,1],[-2,1],[-7,5],[0,1],[1,1],[0,1],[0,1],[-1,0],[-2,0],[-1,-1],[-1,-1],[-1,0],[-1,1],[-1,1],[-1,2],[-1,1],[-1,1],[-2,0],[-1,0],[-4,0],[-5,-2],[-1,0],[-1,0],[-2,0],[0,1],[-3,3]],[[5388,9900],[1,0],[0,1],[-5,4],[0,1],[2,4],[0,7],[0,6],[3,2],[-2,3],[-1,2],[0,7],[-1,6],[0,2],[0,3],[2,5],[1,2],[1,3],[-1,3],[-1,5],[-1,2],[0,1],[2,2],[1,0],[2,0],[2,1],[1,1],[2,4],[3,2],[16,7],[2,0],[3,2],[7,1]],[[5226,8860],[-1,1],[-1,-1],[0,-1],[-1,-1],[-1,1],[-4,-3],[-2,-2],[-3,0],[-4,2],[-2,0],[0,-3],[-1,0],[-2,-1],[-1,0],[0,1],[0,1],[0,1],[-1,0],[-1,0],[-1,0],[0,1],[0,1],[-3,5],[-2,2],[-2,2],[-1,0],[-1,0],[-1,0],[-1,1],[0,1],[0,1],[0,1],[0,1],[0,1],[-2,4],[-2,1],[-6,-2],[-7,1],[-3,1],[-3,3],[-1,1],[-2,1],[-3,0],[0,1],[-2,1],[-4,0],[-2,2],[-3,2],[-5,1],[-2,2],[-1,2],[-1,1],[1,2],[2,2],[-2,1],[-2,-1],[-2,-2],[0,-3],[0,-4],[-1,-1],[-1,-1],[-3,0],[-2,1],[-2,1],[-1,2],[-1,3],[0,1],[4,5],[1,2],[1,4],[1,5],[0,6],[-3,3],[-1,0],[-1,-1],[-1,0],[-3,2],[-3,1],[-1,0],[-2,-1],[0,-2],[-1,-1],[-1,-1],[-1,0],[-1,0],[-1,1],[-1,3],[0,1],[0,1],[-1,1],[-1,1],[-1,0],[-2,-1],[-2,0],[-1,-1],[-1,1],[0,3],[-1,2],[-3,1],[0,2],[0,3],[1,1],[1,-1],[1,1],[1,1],[8,1],[2,3],[2,2],[1,1],[1,1],[2,4],[0,2],[1,1],[3,5]],[[5511,8860],[-1,-6],[0,-6],[1,-3],[-1,-6],[1,-7],[0,-6],[0,-4],[2,-2],[1,-1],[3,-1],[2,-1],[0,-1],[0,-2],[0,-1],[1,-2],[1,0],[1,-3],[0,-3],[0,-1],[-3,0],[-2,0],[-3,0],[-1,1],[-1,0],[-1,1],[-1,2],[0,1],[-1,0],[-3,0],[0,1],[-2,-1],[-3,1],[-2,-3],[-2,0],[-1,0],[-2,0],[-1,-1],[-3,-3],[-1,-1],[-2,-1],[-3,1],[-2,0],[-1,-1],[-4,-3],[-1,-2],[1,-2],[1,-2],[-2,0],[-2,0],[-4,2],[-1,0],[-1,-1],[-1,-2],[0,-1],[-1,0],[-1,0],[-2,1],[-1,1],[-2,2],[-1,2],[-1,2],[-1,0],[-3,1],[-5,2],[-1,1],[-2,2],[-3,0],[-5,-2],[-4,0],[-2,0],[0,-1],[-1,-2],[0,-1],[-2,-2],[-2,-2],[-1,0],[-1,-1],[-2,0],[-1,0],[-1,1],[-2,2],[-1,2],[-1,5],[-1,2],[-1,1],[-2,0],[-2,1],[-5,4],[-2,0],[-5,1],[-1,1],[0,1],[-1,0],[0,4],[1,1],[0,2],[2,1],[2,1]],[[5421,8806],[1,0],[-1,2],[-1,3],[-1,1],[-1,-1],[-1,-2],[1,-2],[1,-1],[2,0]],[[5625,9328],[0,1],[1,3],[0,3],[0,1],[1,1],[1,1],[3,-2],[3,-1],[2,0],[1,1],[1,0],[0,1],[1,0],[1,-1],[1,-1],[0,-1],[1,-1],[1,0],[1,1],[1,1],[0,1],[0,1],[0,1],[1,0],[3,-1],[0,-1],[0,-1],[0,-1],[1,-1],[1,-1],[1,-1],[0,-1],[0,-2],[0,-1],[1,-2],[0,-2],[2,-2],[5,0]],[[5829,9265],[0,-1],[1,-6],[1,-3],[3,-2],[2,0],[1,-1],[2,-2],[1,-1],[3,-1],[1,-1],[0,-2],[-1,-3],[0,-1],[0,-1],[1,-2],[0,-1],[1,-6],[1,-2],[3,-2],[4,-3],[0,-1],[1,-1],[1,-1],[0,-2],[1,-1],[4,-2],[1,0],[0,-2],[-1,-2],[-2,-4],[-3,-4],[0,-4],[1,-3],[0,-2],[-2,-3],[-2,-3],[0,-1],[-1,1],[-1,1],[-3,-1],[-4,-1],[-1,-1],[-1,-3],[-1,-2],[-1,0],[-2,0],[-1,0],[0,-1],[0,-1],[1,-1],[-1,-1],[-2,-1],[-3,1],[-3,2],[-3,1],[-1,-1],[-2,-1],[0,-1],[-1,0],[-2,0],[-3,-2],[-1,0]],[[5541,9630],[-3,-3],[-1,-2],[-1,-1],[-2,1],[-1,0],[-8,-2],[-2,1],[-1,0],[-4,0],[-1,0],[-1,0],[-1,-1],[-4,0],[-1,-1],[-1,-1],[0,-1],[0,-1],[0,-1],[-1,-1],[0,-1],[0,-1],[0,-1],[0,-1],[1,-1],[0,-1],[1,-1],[-1,-1],[0,-1],[-1,-1],[0,-2],[-1,0],[-1,-2],[-2,-1],[-1,-1],[-1,-1],[-1,-2],[0,-2],[0,-2]],[[5471,9668],[0,2],[0,1],[1,1],[0,2],[1,2],[-1,8]],[[5472,9684],[0,3],[-1,4],[0,2],[1,4],[0,3],[0,2],[-1,5],[0,1],[0,2],[0,1],[-1,1],[-1,0]],[[5469,9712],[1,3],[1,5],[1,3]],[[5294,9779],[-6,-4],[-7,-1],[-7,1],[-6,2],[-2,0],[-1,0],[-2,1],[-2,1],[-1,1],[0,1],[-1,1],[-1,1],[1,2],[0,1],[4,8],[4,12],[1,2],[4,4],[1,0],[1,0],[11,6],[1,1],[10,7],[3,1],[4,2],[6,3],[8,0],[35,12],[2,1],[2,1],[3,4],[10,8]],[[5369,9858],[12,-9],[14,-15],[1,-2],[1,-6],[1,-2],[2,-3],[1,-2],[0,-1],[0,-1]],[[5472,9684],[-3,4],[-3,2],[-4,1],[0,1]],[[5449,9705],[2,2],[9,-2],[2,1],[5,5],[2,1]],[[5369,9858],[1,1],[5,6],[1,1],[1,1],[1,7],[3,5],[3,0],[9,-4],[1,0],[0,1],[-1,0],[0,1],[-1,0],[0,1],[2,0],[0,1],[-2,0],[-2,1],[-1,1],[-1,2],[0,1],[-4,2],[-1,1],[0,5],[1,5],[2,4],[2,-1]],[[5384,9010],[0,1],[0,3],[0,1],[1,1],[4,0],[1,0],[2,4],[3,3],[1,2],[0,3],[-1,2],[-1,2],[-2,2],[1,3],[2,1],[8,-4],[1,1],[1,3],[1,1],[4,2],[1,0],[2,0],[3,3],[3,-1],[1,1]],[[5859,9502],[-1,1],[-2,0],[-4,0],[-3,0],[0,1],[-1,0],[-1,0],[-1,-1],[-1,-1],[0,-1],[1,-2],[0,-2],[0,-1],[-2,-1],[-1,-1],[-1,0]],[[5833,9549],[1,-1],[2,0]],[[5435,9695],[-2,0],[-1,4],[2,3],[2,3],[1,0],[0,1],[0,2],[0,1],[-1,1],[-2,1],[-4,0],[-2,-1],[-1,-1],[-1,-5],[-2,-1],[-1,1],[-1,1],[1,3],[-2,3],[-1,1],[-1,1],[-2,0],[-5,-2],[-1,2],[-1,6],[-1,0],[0,1],[-2,1],[-2,0],[-1,-1],[-5,-3],[-2,0],[-1,3],[-2,1],[-1,1],[-3,0]],[[5783,8885],[0,-2],[-1,-1],[-2,0],[-1,-1],[-1,1],[-2,1],[0,1],[1,0],[2,0],[1,1],[1,0],[1,0],[0,1],[1,0],[0,-1]],[[5800,8885],[-1,-1],[0,2],[0,1],[2,0],[0,2],[1,1],[2,0],[1,1],[0,-1],[0,-1],[-1,0],[-1,-1],[-1,-2],[-2,-1]],[[5841,8949],[0,-1],[-1,-3],[-2,-2],[0,-1],[-2,0],[0,1],[-1,1],[0,-1],[0,-1],[0,-2],[-1,0],[-1,0],[-1,0],[-3,-1],[-1,2],[-2,0],[-1,0],[-1,-2],[0,-3],[-1,-2],[0,-3],[-2,0],[-2,0],[0,-2],[-1,-2],[-1,-1],[-2,-2],[-2,-2],[-1,-2],[2,-1],[5,2],[2,0],[0,-1],[-1,-3],[-1,-1],[0,-3],[0,-1],[1,-1],[-2,-2],[-2,-1],[-1,0],[-1,-1],[-1,0],[0,1],[-1,1],[-1,-1],[-1,0],[-2,0],[0,-1],[-1,-2],[-2,-1],[-2,0],[-3,0],[-2,0],[-2,-1],[-2,-1],[-1,-3],[0,-1],[1,-3],[-3,0],[-1,2],[-2,1],[-2,1],[-2,1],[-3,-1],[-3,-1],[-1,-1],[-1,-1],[-1,-3],[0,-3],[2,-1],[1,0],[-1,-1],[-2,0],[-5,-1],[0,1],[1,1],[1,0],[1,1],[0,3],[-2,2],[-1,-1],[-4,0],[-2,0],[-1,3],[-2,0],[-3,0],[-2,2],[1,0],[0,2],[-1,0],[-2,0],[-2,-1],[1,-1],[1,-3],[2,-1],[2,-1],[-1,-1],[-2,0],[-3,0],[-1,-1],[-1,-3],[-3,1],[-3,3],[-1,1],[2,1],[2,2],[-1,1],[-1,0],[-1,1],[-1,1],[0,1],[-1,0],[-2,0],[-4,2],[-1,3],[-1,2]],[[5058,9395],[1,-2],[-2,1],[-6,0],[-1,3],[0,1],[2,0],[1,0],[4,-2],[1,-1]],[[5066,9432],[3,-2],[1,-1],[0,-2],[0,-3],[0,-2],[-1,1],[-2,4],[-1,3],[-3,1],[-2,-1],[-1,2],[-2,5],[-1,3],[5,0],[1,0],[2,-2],[0,-1],[0,-2],[0,-2],[1,-1]],[[5157,9340],[-1,2],[-4,0],[-3,-2],[0,-5],[-2,1],[-2,2],[-2,3],[-1,0],[-1,1],[-2,1],[-2,2],[-1,1],[-5,-2],[-2,0],[-1,3],[0,4],[-2,2],[-2,2],[-2,0],[-6,1],[-2,0],[1,2],[-2,2],[-4,1],[-3,2],[-3,1],[-1,1],[0,1],[-1,3],[-1,1],[0,-1],[1,-2],[0,-2],[-1,0],[-1,0],[0,1],[-2,11],[0,2],[-1,1],[-1,1],[0,2],[-1,2],[-1,1],[-1,2],[-1,1],[-1,3],[-1,1],[-2,1],[-1,0],[-1,1],[-2,6],[-5,5],[-3,2],[-2,1],[-1,1],[-1,2],[0,3],[0,2],[0,3],[1,2],[2,1],[-1,2],[2,2],[3,2],[1,2],[1,5],[1,3],[2,1]]],"transform":{"scale":[0.011766411016101602,0.0072465569599440265],"translate":[-61.79784094999988,-21.3707821589999]},"bbox":[-61.79784094999988,-21.3707821589999,55.854502800000034,51.08754088348043]}