{"type":"Topology","objects":{"subunits":{"type":"GeometryCollection","geometries":[{"type":"MultiPolygon","id":"Pohnpei","arcs":[[[0]],[[1]],[[2]],[[3]],[[4]],[[5]],[[6]],[[7]],[[8]]]},{"type":"MultiPolygon","id":"Chuuk","arcs":[[[9]],[[10]],[[11]],[[12]],[[13]],[[14]],[[15]],[[16]],[[17]],[[18]],[[19]]]},{"type":"MultiPolygon","id":"Yap","arcs":[[[20]],[[21]],[[22]],[[23]],[[24]],[[25]]]},{"type":"Polygon","id":"Kosrae","arcs":[[26]]}]}},"arcs":[[[6705,5],[-1,-5],[-5,0],[-1,7],[2,3],[2,1],[2,-2],[1,-4]],[[6672,55],[-3,-7],[-5,1],[0,5],[3,4],[5,-3]],[[6697,54],[-2,-4],[-3,1],[-2,6],[0,6],[2,2],[4,-4],[1,-7]],[[6736,3211],[-6,-12],[-1,18],[6,12],[1,-18]],[[6695,3227],[-7,-12],[-1,17],[7,12],[1,-17]],[[7644,5484],[0,-2],[-1,2],[0,2],[-1,2],[1,0],[2,-1],[0,-2],[-1,-1]],[[7958,6553],[-4,-7],[1,12],[1,4],[3,1],[-1,-7],[0,-3]],[[8060,6832],[3,-6],[3,7],[3,-1],[3,-3],[4,-3],[10,2],[4,-2],[0,-2],[7,-12],[1,-1],[3,-10],[-1,-2],[-4,-3],[2,-11],[3,-5],[4,2],[4,6],[6,-59],[0,-11],[-3,-3],[-9,2],[-2,-3],[1,-12],[4,-21],[0,-13],[-1,-18],[-4,-11],[-5,-5],[-19,-7],[-8,1],[-4,13],[-8,-8],[-6,10],[-4,17],[-4,12],[2,14],[1,15],[-2,13],[-4,12],[2,4],[1,12],[-11,2],[-2,17],[2,38],[4,11],[8,1],[7,5],[1,26],[8,-10]],[[6500,8121],[-3,-7],[-7,23],[-10,12],[-6,7],[2,15],[2,19],[4,8],[3,3],[10,3],[3,-12],[4,-9],[2,-33],[-2,-21],[-2,-8]],[[6249,4935],[-4,-4],[2,13],[5,14],[7,8],[3,-3],[-1,-10],[-5,-10],[-7,-8]],[[4506,6530],[-3,-6],[1,7],[0,7],[1,6],[2,5],[0,-8],[0,-6],[-1,-5]],[[4459,7272],[-4,-16],[-1,7],[0,6],[2,3],[1,7],[2,-7]],[[5522,7235],[-2,-12],[-1,42],[1,18],[3,-9],[1,-12],[0,-14],[-2,-13]],[[4452,7277],[-1,-6],[-3,4],[-3,4],[0,8],[4,-1],[3,-9]],[[4452,7290],[-1,-5],[-2,11],[3,0],[0,-2],[0,-4]],[[5432,7303],[6,-20],[0,-17],[-2,-21],[-5,-9],[-4,17],[-3,0],[-3,-8],[-5,1],[-5,4],[-6,3],[1,4],[1,1],[3,2],[4,5],[11,6],[2,8],[-2,11],[-9,-4],[-3,13],[14,9],[5,-5]],[[5526,7389],[2,-5],[3,5],[4,-1],[4,-4],[6,0],[-4,-14],[-7,-13],[-7,-10],[-7,-2],[0,14],[0,12],[3,20],[2,-1],[1,-1]],[[4941,8649],[-1,-5],[-1,12],[2,-1],[0,-3],[0,-3]],[[4647,8651],[-2,-8],[-2,15],[1,19],[3,13],[5,0],[1,-10],[-3,-15],[-3,-14]],[[4826,9099],[-1,-2],[2,10],[1,2],[3,-1],[-1,-6],[-2,-2],[-2,-1]],[[2344,7266],[-2,-12],[1,12],[0,6],[1,-6]],[[2313,7284],[-3,-3],[1,11],[2,0],[0,-8]],[[2319,7292],[1,-6],[-2,2],[1,4]],[[2343,7287],[-1,-7],[-3,4],[1,10],[3,-7]],[[48,9738],[6,-6],[8,11],[-2,-13],[-5,-18],[-5,-16],[-4,-8],[-6,5],[-3,24],[-5,-5],[-4,-11],[-22,-97],[-4,-15],[-2,27],[4,38],[6,35],[7,15],[3,8],[3,38],[2,12],[6,10],[2,-8],[2,-30],[0,11],[1,11],[2,10],[2,8],[4,7],[4,7],[4,0],[-1,-14],[-4,-20],[1,-16]],[[985,9986],[-4,-3],[0,7],[3,8],[4,1],[0,-4],[-3,-9]],[[9991,4993],[2,-6],[2,-2],[3,-3],[1,-9],[-1,-14],[-7,-35],[-3,-8],[-5,-4],[-5,4],[-5,5],[-6,3],[-8,0],[-6,2],[-6,6],[-2,19],[5,19],[19,46],[8,15],[8,6],[6,-13],[0,-7],[0,-17],[0,-7]]],"transform":{"scale":[0.002498524592059195,0.0008858307705770564],"translate":[138.06381269600016,0.918158270000148]},"bbox":[138.06381269600016,0.918158270000148,163.04656009200005,9.775580145000134]}