{"type":"Topology","objects":{"subunits":{"type":"GeometryCollection","geometries":[{"type":"MultiPolygon","id":"Kiribati","arcs":[[[0]],[[1]],[[2]],[[3]],[[4]],[[5]],[[-7]],[[7]],[[8]],[[9]],[[10]],[[11]],[[12]],[[13]],[[14]],[[15]],[[16]],[[17]],[[18]],[[19]],[[20]],[[21]],[[22]],[[23]],[[24]],[[25]],[[26]]]},{"type":"MultiPolygon","arcs":[[[27]],[[28]],[[29]],[[30]],[[31]],[[32]],[[33]],[[34]]]}]}},"arcs":[[[648,4],[-1,-4],[0,11],[0,14],[0,13],[0,8],[0,-9],[1,-17],[0,-16]],[[66,4290],[1,-2],[0,1],[0,4],[0,-12],[-1,8],[0,13],[1,3],[0,-2],[0,-2],[-1,-1],[0,-3],[0,-7]],[[557,4551],[0,10],[-1,3],[0,2],[0,6],[0,6],[0,3],[1,9],[1,0],[0,-13],[-1,-5],[0,-6],[0,-8],[0,-7]],[[80,5376],[1,-10],[1,-13],[1,-19],[0,-12],[0,-6],[0,-8],[0,5],[-1,7],[0,6],[0,4],[0,1],[-1,5],[0,1],[0,-3],[1,-5],[0,-2],[0,-3],[1,-11],[0,2],[0,1],[0,1],[0,2],[-1,28],[0,8],[0,5],[-1,6],[-1,2],[0,-8],[0,4],[0,4],[0,4],[0,4]],[[9999,5441],[0,-5],[-1,4],[-1,30],[0,1],[0,1],[0,-2],[1,-4],[1,-12],[0,-13]],[[9975,5530],[-1,0],[0,2],[0,1],[0,5],[0,5],[0,-3],[0,-3],[0,-3],[1,-4]],[[9963,5910],[0,-17],[0,7],[0,25],[0,9],[-1,15],[0,8],[0,-4],[1,-30],[0,-13]],[[9948,6135],[-1,-13],[0,2],[0,14],[0,16],[1,10],[0,-4],[-1,-4],[0,-6],[0,-8],[0,-7],[0,-6],[0,3],[1,7],[0,4],[0,7],[0,16],[0,17],[-1,11],[1,4],[0,-2],[0,-1],[0,-1],[0,-16],[0,-22],[0,-21]],[[9988,6212],[0,-18],[0,6],[-1,11],[0,11],[0,10],[-1,15],[0,8],[0,11],[0,-1],[0,-2],[0,-5],[1,-9],[0,-17],[1,-20]],[[9974,6287],[0,-13],[1,-17],[0,-18],[0,-15],[0,4],[0,3],[-1,5],[0,4],[1,-1],[0,-7],[0,11],[0,8],[-1,15],[0,15],[0,5],[-1,1],[0,-3],[0,-1],[0,-4],[0,3],[0,5],[1,3],[0,-3]],[[9940,6310],[0,-10],[-1,4],[0,12],[0,24],[0,8],[-1,32],[1,-1],[0,-1],[0,-3],[0,-4],[0,-10],[1,-23],[0,-28]],[[9791,6544],[0,-2],[0,-1],[0,-1],[0,-1],[0,-1],[0,1],[0,2],[0,1],[0,1],[0,-1],[0,1],[-1,2],[0,2],[0,2],[0,1],[1,2],[0,1],[0,2],[0,1],[0,1],[0,-2],[0,-2],[0,-1],[0,-2],[0,-1],[0,-1],[0,-2],[0,-2]],[[9932,6584],[0,-9],[-1,4],[0,4],[0,3],[1,1],[0,-3],[0,-1],[0,-1],[0,-3],[0,10],[0,1],[0,12],[-1,22],[0,57],[0,-13],[0,-25],[1,-7],[0,-17],[0,-26],[0,-4],[0,-5]],[[9931,6683],[0,-2],[-1,4],[-1,22],[0,8],[0,-6],[1,-13],[0,-3],[1,-2],[0,-4],[0,-4]],[[9908,7190],[-1,-27],[0,6],[0,8],[0,11],[1,14],[-1,3],[0,4],[0,5],[0,2],[1,-1],[0,-5],[0,-5],[0,-5],[0,-10]],[[9913,7358],[2,-19],[1,-11],[0,-12],[-2,24],[-1,11],[-1,-2],[0,5],[1,3],[0,3],[0,2],[0,-4]],[[9890,7704],[1,-20],[1,-6],[0,-4],[0,-9],[-1,-19],[0,-6],[-1,-31],[-1,-13],[0,7],[1,10],[0,13],[1,12],[0,16],[0,7],[0,7],[0,8],[0,7],[0,8],[-1,7],[0,3],[0,-2],[0,-6],[0,7],[-1,5],[0,5],[0,4],[1,0],[0,-10]],[[9894,7923],[0,-4],[-1,3],[-1,0],[0,-1],[-1,-4],[0,-8],[-1,-2],[0,-1],[0,1],[1,14],[1,4],[2,4],[0,1],[0,4],[0,4],[0,-2],[0,-6],[0,-7]],[[9889,8027],[0,1],[0,2],[0,1],[-1,14],[0,30],[0,11],[0,-4],[1,-19],[0,-36]],[[9890,8141],[0,-4],[-1,1],[0,1],[0,2],[1,3],[0,14],[0,19],[0,19],[0,1],[0,1],[0,1],[0,1],[0,-21],[1,-22],[-1,-16]],[[9890,8210],[0,-4],[-1,33],[-1,16],[0,5],[0,9],[0,5],[0,7],[0,-10],[1,-12],[0,-6],[0,-9],[1,-34]],[[487,8329],[1,-18],[2,-12],[0,1],[0,-6],[0,-7],[0,-4],[0,-4],[0,-5],[-1,-14],[0,-29],[1,-16],[1,-10],[1,-15],[0,-7],[1,-6],[0,-5],[1,-1],[0,-6],[0,-13],[0,-9],[0,2],[-1,-3],[0,-3],[0,-2],[-1,2],[0,5],[0,4],[-1,4],[0,8],[0,2],[-1,1],[-2,19],[-2,11],[-1,16],[0,15],[-1,8],[0,-4],[-1,4],[0,11],[0,17],[0,3],[1,10],[0,1],[0,-2],[0,-3],[0,-1],[0,-3],[0,-9],[0,-11],[0,-11],[0,-1],[1,1],[0,-6],[0,-4],[1,-1],[0,-1],[1,-5],[0,7],[-1,5],[0,2],[0,4],[0,8],[0,-3],[1,5],[-1,11],[1,-5],[0,-6],[0,-7],[0,-6],[0,-3],[1,5],[0,8],[-1,14],[0,6],[0,6],[0,5],[1,-5],[0,2],[0,11],[0,-4],[0,-6],[0,-6],[0,-5],[0,-4],[0,2],[1,4],[0,4],[0,4],[0,4],[0,5],[0,5],[0,3],[-1,2],[0,9],[-1,15],[-1,2],[0,3],[0,7],[0,3],[-1,-7],[0,-4],[0,1],[0,5],[0,9],[0,6],[1,-1],[1,-8]],[[9898,8348],[0,-5],[0,-6],[0,-12],[0,-13],[0,-5],[0,-1],[0,-2],[0,-2],[0,-1],[0,-2],[0,-2],[0,-2],[0,-1],[0,-1],[0,1],[-1,3],[0,2],[0,2],[0,7],[0,2],[0,2],[0,-1],[0,-2],[0,-3],[0,-3],[0,-2],[1,-3],[0,-1],[0,1],[0,2],[0,2],[0,3],[0,3],[0,2],[0,1],[0,2],[0,2],[0,5],[0,6],[0,3],[0,4],[0,5],[0,2],[0,1],[-1,1],[0,2],[0,1],[0,-1],[0,-5],[0,-10],[0,-5],[0,-5],[0,-4],[0,2],[0,4],[0,4],[0,3],[0,6],[0,4],[0,5],[0,4],[0,4],[0,2],[0,-2],[1,-3]],[[9886,8973],[0,-6],[-1,4],[-1,-12],[-1,-14],[0,-3],[0,1],[0,3],[-1,4],[0,4],[1,-5],[0,3],[1,8],[0,9],[1,5],[1,2],[0,4],[0,-5],[0,-2]],[[9887,8996],[-1,0],[2,17],[0,9],[0,-4],[1,-2],[0,-2],[-1,-4],[-1,-14]],[[433,9506],[0,-9],[0,-6],[0,-6],[0,-7],[1,-2],[0,-1],[0,-5],[1,-13],[0,-11],[0,-5],[0,-6],[0,-7],[-1,-5],[0,-4],[-1,1],[-1,8],[0,13],[1,0],[1,-9],[0,4],[0,7],[0,9],[0,6],[0,4],[-1,7],[0,4],[0,6],[-1,13],[0,4],[0,2],[0,-3],[-1,-5],[0,-7],[1,-29],[-1,13],[0,25],[1,19],[1,-5]],[[403,9989],[0,-1],[-1,2],[0,5],[0,3],[0,1],[1,-1],[0,-5],[0,-4]],[[692,898],[0,-1],[-1,2],[1,4],[0,-1],[0,-4]],[[693,930],[-1,-3],[0,18],[1,-15]],[[530,3614],[1,-3],[0,4],[1,-3],[0,-6],[-1,-4],[-1,-3],[0,4],[0,12],[0,1],[0,-2]],[[1,4185],[0,-2],[0,9],[-1,5],[0,2],[0,3],[0,2],[1,-5],[0,-14]],[[94,4320],[0,-1],[-1,3],[0,6],[0,7],[1,2],[0,-5],[0,-7],[0,-5]],[[9905,7188],[0,-1],[-1,2],[0,2],[1,3],[0,-1],[0,-5]],[[9901,7209],[0,-9],[-1,4],[0,10],[0,5],[1,1],[0,-1],[0,-7],[0,-3]],[[9900,7231],[0,-3],[-1,10],[0,6],[1,3],[0,-4],[0,-5],[0,-7]]],"transform":{"scale":[0.035142947074607446,0.0016185822684268408],"translate":[-174.54340572799987,-11.46111419099988]},"bbox":[-174.54340572799987,-11.46111419099988,176.8509220710001,4.723089911000102]}