{"type":"Topology","objects":{"subunits":{"type":"GeometryCollection","geometries":[{"type":"Polygon","id":"Briceni","arcs":[[0,1,2]]},{"type":"Polygon","id":"Donduseni","arcs":[[3,4,5,6,7,8]]},{"type":"Polygon","id":"Edineţ","arcs":[[-7,9,10,-2,11]]},{"type":"Polygon","id":"Ocniţa","arcs":[[-8,-12,-1,12]]},{"type":"Polygon","id":"Rîşcani","arcs":[[13,14,15,16,17,-10,-6]]},{"type":"Polygon","id":"Bălţi","arcs":[[18,19,-16,20]]},{"type":"Polygon","id":"Drochia","arcs":[[21,22,23,-14,-5]]},{"type":"Polygon","id":"Făleşti","arcs":[[-19,24,25,26,27]]},{"type":"Polygon","id":"Glodeni","arcs":[[-20,-28,28,-17]]},{"type":"Polygon","id":"Sîngerei","arcs":[[29,30,-25,-21,-15,-24,31]]},{"type":"Polygon","id":"Ungheni","arcs":[[-31,32,33,34,35,-26]]},{"type":"Polygon","id":"Cahul","arcs":[[36,37,38,39,40,41,42,43]]},{"type":"Polygon","id":"Taraclia","arcs":[[-40,44,-38,45,46,47]]},{"type":"MultiPolygon","id":"Comrat","arcs":[[[-42,48]],[[-45,-39]],[[-46,-37,49,50,51,52]]]},{"type":"Polygon","id":"Chişinău","arcs":[[53,54,55,56]]},{"type":"Polygon","id":"Stîngă Nistrului","arcs":[[57,58,59,60,61,62,63]]},{"type":"Polygon","id":"Anenii Noi","arcs":[[64,65,66,-55,67,68]]},{"type":"Polygon","id":"Basarabeasca","arcs":[[69,-47,-53,70]]},{"type":"Polygon","id":"Cantemir","arcs":[[-50,-44,71,72]]},{"type":"Polygon","id":"Calarasi","arcs":[[73,74,75,-34,76]]},{"type":"Polygon","id":"Cimişlia","arcs":[[77,78,-71,-52,79,80,81]]},{"type":"Polygon","id":"Criuleni","arcs":[[82,-59,-68,-54,83,84,-61]]},{"type":"Polygon","id":"Floreşti","arcs":[[85,86,87,-32,-23,88]]},{"type":"Polygon","id":"Grigoriopol","arcs":[[89,-69,-58,90]]},{"type":"Polygon","id":"Transnistria","arcs":[[-83,-60]]},{"type":"Polygon","id":"Hîncesti","arcs":[[-81,91,92,93,94]]},{"type":"Polygon","id":"Ialoveni","arcs":[[-56,-67,95,-82,-95,96,97]]},{"type":"Polygon","id":"Leova","arcs":[[-80,-51,-73,98,-92]]},{"type":"Polygon","id":"Nisporeni","arcs":[[99,-97,-94,100,-35,-76]]},{"type":"Polygon","id":"Orhei","arcs":[[101,-62,-85,102,-74,103,104]]},{"type":"Polygon","id":"Rezina","arcs":[[-105,105,106,107]]},{"type":"Polygon","id":"Rezina","arcs":[[-63,-102,-108,108,109]]},{"type":"Polygon","id":"Şoldăneşti","arcs":[[-107,110,-87,111]]},{"type":"Polygon","id":"Străşeni","arcs":[[-84,-57,-98,-100,-75,-103]]},{"type":"Polygon","id":"Teleneşti","arcs":[[-106,-104,-77,-33,-30,-88,-111]]},{"type":"Polygon","id":"Causeni","arcs":[[112,113,114,-78,-96,-66]]},{"type":"Polygon","id":"Bender","arcs":[[115,-113,-65,-90,116]]},{"type":"Polygon","id":"Ştefan Voda","arcs":[[117,-114,-116]]},{"type":"Polygon","id":"Camenca","arcs":[[-109,-112,-86,118,119]]},{"type":"Polygon","id":"Soroca","arcs":[[-119,-89,-22,-4,120]]}]}},"arcs":[[[1804,9643],[5,-10],[46,-146],[119,-94]],[[1974,9393],[-50,-70],[20,-107],[-73,-52],[-92,-5],[-83,-28],[-81,36],[-33,62],[-68,8],[-69,-55],[-10,-98],[-17,-94],[-61,-59],[-42,-89],[-66,-46],[-25,-3]],[[1224,8793],[0,3],[-15,17],[-26,17],[-24,9],[-35,-23],[-54,14],[-78,36],[0,21],[56,2],[33,25],[0,29],[-99,29],[-21,35],[-14,38],[-36,24],[-25,-19],[-33,-36],[-27,-12],[-12,56],[-18,25],[-120,95],[-30,-15],[-65,64],[-49,19],[-117,-18],[-56,9],[-31,50],[-31,-36],[-31,5],[-65,45],[-65,-2],[-136,-51],[2,27],[19,52],[31,40],[94,46],[14,43],[16,28],[56,-17],[39,-34],[30,-41],[35,-35],[53,-19],[56,4],[33,22],[12,43],[-2,63],[-15,63],[-17,40],[-2,30],[30,32],[16,1],[47,-14],[19,-1],[25,20],[8,24],[10,21],[31,8],[94,-32],[94,-62],[98,-47],[108,15],[27,22],[20,-3],[20,-9],[31,2],[34,-5],[15,8],[-3,17],[-9,18],[-3,13],[2,22],[-8,28],[2,24],[32,9],[30,-7],[59,-29],[305,-90],[93,-4],[108,44],[15,15]],[[3942,9470],[1,-3],[37,-139],[-1,-141],[-120,-40],[-62,-109]],[[3797,9038],[-102,-18],[-93,45],[-87,18],[-4,-63],[67,-26],[7,-51],[12,-40],[28,-23],[-5,-53],[-101,-17],[-112,15],[-112,-17],[-48,-48],[-16,-62],[-54,-26],[-49,-35],[1,-36],[16,-32],[-41,-15],[-58,19]],[[3046,8573],[-118,56],[-121,23],[-72,89],[-93,49]],[[2642,8790],[-46,91],[70,93],[20,34],[-25,45],[-122,124]],[[2539,9177],[37,57],[62,136],[53,60],[33,84],[47,57],[177,-27],[140,26],[300,-20],[151,58],[68,35]],[[3607,9643],[32,-37],[22,-16],[63,-76],[115,-35],[103,-9]],[[2642,8790],[3,-80],[25,-85],[3,-32],[-228,-131],[-111,-32],[-64,0],[-60,5],[-49,-31],[-72,26],[-52,61],[-85,-19],[-74,-70],[-44,-95],[-58,-73],[-78,-25],[-81,-6],[-22,-2]],[[1595,8201],[0,6],[-18,8],[-60,38],[34,23],[20,29],[-3,31],[-33,29],[-39,-16],[-26,45],[-37,42],[-73,-25],[-7,9],[-5,11],[-4,13],[-3,14],[58,20],[0,25],[-75,33],[-68,48],[-50,64],[-21,81],[7,18],[30,30],[2,16]],[[1974,9393],[261,-183],[304,-33]],[[1804,9643],[154,150],[103,41],[55,-11],[81,-59],[39,-11],[47,18],[173,114],[65,69],[118,0],[34,6],[73,39],[63,-6],[5,-87],[58,-22],[355,2],[95,-34],[184,-106],[42,-35],[59,-68]],[[3046,8573],[-14,-114],[-23,-22],[-6,-29],[16,-31],[3,-36],[-12,-23],[-10,-29],[36,-53],[52,-34],[103,-44],[92,39],[68,70],[85,4],[180,-176],[60,-36],[9,-61],[25,-91],[84,-17]],[[3794,7890],[5,-106]],[[3799,7784],[-146,-58],[-151,-46]],[[3502,7680],[-93,33],[-151,138],[-98,5],[-84,-38],[-97,-8],[-260,118],[-130,26],[-126,-10],[-80,-72],[-96,6],[-115,-22],[-95,-91],[-15,-64],[-25,-60],[-47,-34],[-51,-28],[-32,-11]],[[1907,7568],[-1,5],[-15,11],[-50,30],[-11,15],[-14,28],[-32,49],[-39,48],[-34,22],[98,48],[-22,28],[-31,12],[-35,8],[-29,17],[2,21],[-5,102],[3,15],[-52,48],[-64,28],[-31,30],[50,54],[0,14]],[[3832,7520],[-171,8],[-126,40]],[[3535,7568],[-4,62],[-29,50]],[[3799,7784],[68,-90],[105,14],[88,-36],[15,-127],[14,-40],[-26,-39],[-45,-34],[-53,-1],[-54,95],[-79,-6]],[[3797,9038],[310,-160],[108,-102],[34,-141],[-59,-39],[-74,-26],[-75,-108],[-30,-55],[118,-64]],[[4129,8343],[-12,-79],[27,-77],[18,-23],[8,-32],[-19,-32],[-23,-35]],[[4128,8065],[-183,-156],[-78,-1],[-73,-18]],[[3832,7520],[-53,-95],[-12,-104],[173,-10],[42,-178],[-5,-64],[-72,-20],[-39,-32],[-33,-44],[-96,-55],[-6,-78],[89,-35],[78,1],[51,-56],[-22,-79],[-63,-54]],[[3864,6617],[-69,16],[-69,-4],[-37,-20],[4,-76],[-37,-18],[-197,-19],[-192,4],[-187,-26],[-52,-54],[-169,-52],[-74,-54],[-22,-14]],[[2763,6300],[-7,5],[-40,21],[23,102],[-51,35],[9,39],[11,34],[15,25],[23,15],[-20,32],[-36,26],[-43,20],[-38,12],[-5,-2],[-73,2],[-17,7],[-11,8],[-14,7],[-25,3],[-30,21],[-18,48],[-21,89],[-7,2],[-31,3],[-11,6],[-6,15],[0,30],[-3,12],[-9,20],[-13,42],[-6,18]],[[2309,6997],[178,126],[200,73],[110,-7],[105,29],[39,88],[37,25],[35,29],[71,100],[44,5],[45,-18],[83,37],[67,69],[28,79],[48,12],[61,-54],[75,-22]],[[2309,6997],[-3,10],[-89,26],[-79,64],[-185,193],[-66,87],[-26,73],[66,10],[0,21],[-16,24],[5,35],[-9,28]],[[5087,7360],[6,-99],[26,-94],[-12,-63],[-66,-9],[-41,-20],[-32,-39],[-10,-37],[-14,-33],[-99,-17],[-272,26],[-153,-58],[-30,-67],[30,-69],[-7,-100],[-49,-81]],[[4364,6600],[-133,7],[-110,-52],[-52,-10],[-54,50],[-151,22]],[[4128,8065],[47,-36],[41,-40],[10,-44],[16,-35],[32,-5],[34,-9],[20,-76],[54,4],[72,18],[53,-85],[52,-67],[105,-6],[96,-16],[-39,-90],[-5,-69],[217,-32],[80,-54],[74,-63]],[[4364,6600],[103,-70],[109,-58]],[[4576,6472],[-3,-86],[-51,-48],[-74,-18],[-162,-108],[-106,-42],[83,-87],[119,-26],[-100,-46],[-90,-96]],[[4192,5915],[-97,-30],[-83,-2],[-78,-14],[-65,-150],[-24,-173],[21,-72],[44,-41],[23,-4],[22,-11],[8,-44],[2,-45],[27,-71],[75,-8],[50,-25],[-37,-58],[-38,-30]],[[4042,5137],[-4,3],[-25,55],[-56,-22],[-62,23],[-67,33],[-69,11],[-1,48],[-36,25],[-80,42],[-87,77],[-27,15],[-27,7],[-13,10],[18,24],[0,23],[-123,53],[-34,37],[32,8],[5,14],[-8,20],[-8,26],[-5,2],[-34,90],[-72,73],[-31,42],[4,41],[-58,80],[-30,26],[-71,13],[-22,12],[-22,14],[-30,15],[-77,14],[-22,9],[-37,49],[-68,129],[-32,22]],[[5187,2100],[19,-27],[32,-3]],[[5238,2070],[-18,-125],[-38,-128],[-3,-106],[21,-100],[40,-36],[25,-47],[-32,-54],[-54,-27],[-87,-25],[-44,-87]],[[5048,1335],[-34,-96],[-154,-148],[-68,-103],[-15,-167],[117,-131],[180,-27],[168,114],[79,83],[36,106],[-4,97],[45,64]],[[5398,1127],[74,-85],[26,-131],[38,-6],[1,0]],[[5537,905],[11,-36],[-17,-27],[-83,-21],[-49,-27],[-31,-27],[-66,-80],[-20,-38],[25,-24],[45,-22],[36,-30],[16,-47],[5,-46],[13,-45],[39,-45],[-75,-29],[-17,-12],[-2,-4]],[[5367,345],[-2,0],[-5,2],[-215,2],[-210,72],[-204,-13],[-25,-175],[-3,-35],[0,-1]],[[4703,197],[-152,-93],[-25,-39],[-19,-42],[-6,-23],[-76,75],[-20,33],[-1,112],[-4,8],[-7,7],[-11,20],[-48,70],[-65,42],[-159,69],[36,37],[47,37],[47,28],[37,11],[94,-1],[40,16],[-18,43],[6,53],[-25,332],[-24,31],[-50,79],[-44,100],[-8,96],[12,18],[38,22],[8,16],[-5,13],[-26,42],[-8,24],[4,26],[12,26],[6,25],[-12,26],[-17,23],[-7,20],[-5,37],[-70,165],[-10,47],[5,33],[36,116],[-1,18],[-17,9],[-1,18],[7,17],[23,12],[20,46],[8,18]],[[4248,2115],[125,-36],[134,-6],[109,-42],[43,43],[32,55],[113,2],[111,-68],[138,-3],[134,40]],[[5398,1127],[-92,63],[-114,15],[-65,76],[-79,54]],[[5238,2070],[109,4],[107,-25],[105,-57],[84,-70],[-38,-55],[8,-48],[19,-43],[72,-107],[116,4],[470,138],[169,222],[81,297]],[[6540,2330],[133,104],[61,77]],[[6734,2511],[73,-56],[16,-72],[-34,-78],[-65,-89],[-98,-89],[-21,-52],[6,-82],[51,-144],[-6,-65],[-71,-27],[-496,-106],[-49,-26],[-32,-48],[-2,-56],[40,-114],[11,-55],[-4,-67],[-19,-43],[-36,-29],[-55,-25],[-82,-15],[-22,-15],[-1,-19],[7,-30],[4,-34],[-10,-32],[-74,-35],[-191,-16],[-46,-62],[9,-25]],[[5367,345],[-16,-24],[-1,-8],[6,-6],[18,-113],[-12,-39],[-60,-22],[-183,6],[-213,46],[-203,13],[0,-1]],[[5187,2100],[16,65],[-9,62],[-39,53],[40,57],[82,59],[74,72],[10,94],[-24,99],[24,102],[32,96],[-7,71],[-128,78],[-19,60],[52,52],[-14,69]],[[5277,3189],[191,124],[18,36],[40,5],[45,32],[29,55]],[[5600,3441],[127,-79],[259,-128],[120,-74]],[[6106,3160],[-14,-125],[-43,-115],[-79,-56],[-32,-93],[61,-2],[34,79],[66,-7],[41,-65],[80,-17],[29,-77],[-10,-38],[-3,-41],[44,-48],[60,-20],[109,24],[87,-58],[-12,-90],[16,-81]],[[6331,5401],[71,-76],[103,-6],[129,-144],[31,44],[21,63],[42,-53],[-22,-109]],[[6706,5120],[-116,-45],[-73,-118]],[[6517,4957],[-277,75],[-49,0],[-45,14],[8,37],[27,33],[-7,87],[-45,59]],[[6129,5262],[-103,34],[-207,154],[-2,96],[135,-63],[123,-110],[131,-20],[125,48]],[[7834,6092],[-4,-2],[-49,-55],[6,-34],[3,-44],[-23,-38],[-33,-30],[-93,-69],[-75,-85],[51,-153],[5,-21],[7,-20],[-17,-6],[-1,0]],[[7611,5535],[-4,14],[-1,1],[-36,7],[-39,18],[-1,1],[-40,33],[-1,1],[-37,13],[-28,-44],[-17,0],[-1,0],[-22,29],[0,1],[-35,16],[-36,-1],[-25,-22],[2,-36],[23,-35],[17,-36],[-13,-40],[-28,-7],[-36,10],[-30,3],[-23,-56],[-51,-49],[-16,-25],[-16,13],[-57,46],[-1,1],[-40,22],[-42,8],[-2,0],[27,51],[45,60],[50,49],[93,43],[53,96],[45,17],[-45,112]],[[7243,5849],[1,0],[74,105],[-43,92],[-116,-38],[-24,-15],[73,-98]],[[7208,5895],[-116,-37],[-104,42],[9,78],[-16,86],[-140,123]],[[6841,6187],[-53,59],[-61,41],[50,44],[26,65],[48,15],[74,-34],[40,38],[48,14],[22,103],[49,55],[9,33],[-7,18]],[[7086,6638],[1,0],[53,-13],[26,46],[3,14],[0,1]],[[7169,6686],[8,-13],[45,-99],[23,-36],[52,-31],[29,20],[27,35],[47,17],[41,-18],[51,-69],[88,-46],[19,-35],[13,-40],[23,-35],[39,-18],[45,-7],[44,-16],[37,-43],[15,-52],[1,-48],[9,-47],[9,-13]],[[8093,4924],[25,-31],[9,-61],[0,-80],[7,-31],[-13,-41],[-87,-59],[27,-117]],[[8061,4504],[-74,-13],[-73,-3],[-61,7],[-61,-13],[-78,-99],[-40,4],[-36,28],[-19,-39],[-12,-73],[-73,6],[-77,-3],[-60,61],[-68,-49],[-58,21],[-15,86],[-178,38],[-34,31],[7,32],[17,48],[-39,22]],[[7029,4596],[-109,27],[-19,71],[44,46],[9,63],[-58,41],[-72,13],[-66,21],[-61,13],[-33,-29],[-26,-41],[-80,30],[-41,106]],[[6706,5120],[49,-9],[47,0],[56,76],[82,39],[86,-17],[81,-167],[94,15],[95,30],[80,-47],[87,-33],[40,61],[-15,95],[-1,136],[13,135],[46,78],[65,23]],[[7611,5535],[0,-1],[-4,-23],[11,-22],[11,-7],[17,-11],[70,-27],[98,-80],[22,-18],[17,-26],[13,-96],[-4,-43],[-3,2],[-27,13],[-18,0],[15,-50],[12,-22],[1,0],[11,4],[-1,-2],[-13,-26],[-7,-5],[-10,1],[-73,-37],[-47,-12],[-44,0],[-40,13],[23,-57],[37,-54],[46,-44],[9,-5],[41,-22],[74,-7],[60,26],[54,32],[56,16],[68,-13],[1,-1],[6,-7]],[[6938,3428],[-101,-30],[-212,-115],[-58,-73],[-18,-93],[23,-121],[50,-156],[3,-52],[-17,-60],[-20,-47],[2,-45],[48,-53],[1,0],[95,-72]],[[6106,3160],[96,13],[34,52],[-1,92],[84,45],[60,7],[42,42],[27,52],[97,67],[39,54],[59,30],[64,10],[202,-8],[54,-31],[-14,-88],[-11,-67],[0,-2]],[[4248,2115],[48,112],[16,81],[33,77],[-9,29],[-17,23],[-18,19],[-52,69],[-6,29],[34,12],[32,7],[7,18],[-10,56],[12,23],[28,12],[32,8],[27,11],[34,28],[39,68],[4,12],[-3,40],[-11,67],[7,24],[34,10],[14,14],[16,101],[19,15],[21,7]],[[4579,3087],[7,-7],[56,-15],[52,27],[38,50],[61,16],[52,22],[50,-10],[-2,-33],[3,-36],[109,-37],[96,65],[13,61],[40,28],[62,-8],[61,-21]],[[5415,6466],[35,-123],[156,-80],[-24,-80]],[[5582,6183],[-53,-31],[-128,-12],[-171,-123],[25,-48],[46,-42],[13,-82],[-54,-53],[-143,-106],[-72,-26],[-138,-11],[-44,-44]],[[4863,5605],[-79,3],[-79,13],[-78,38],[-80,22],[-190,90],[-165,144]],[[4576,6472],[112,48],[118,-64],[45,-8],[46,1],[78,26],[26,-1],[31,-15],[100,20],[100,54],[103,9],[80,-76]],[[6697,4436],[51,-202],[87,-160],[151,-189],[150,-43],[120,-85],[43,-111],[1,-87],[0,-1]],[[7300,3558],[-58,1],[-250,-114],[-54,-17]],[[5600,3441],[8,98],[-27,81],[-16,36],[40,47],[0,50],[6,47],[22,35],[15,38],[-47,45],[-7,72]],[[5594,3990],[67,102],[40,147],[81,29],[72,48],[79,41],[84,22],[-14,63],[23,60]],[[6026,4502],[127,-91],[129,-4],[68,5],[68,-9],[49,36],[47,25],[94,-65],[18,-10],[18,0],[53,47]],[[7208,5895],[35,-46]],[[6331,5401],[-67,85],[-98,58],[-17,100],[32,111]],[[6181,5755],[46,26],[-12,94],[72,86],[109,-14],[117,51],[107,76],[121,35],[100,78]],[[5261,8383],[85,-31],[26,-96],[-27,-143],[-52,-89]],[[5293,8024],[-143,-141],[32,-133],[24,16],[21,23],[42,-8],[42,-28],[100,-43],[42,-126]],[[5453,7584],[-83,-117],[-84,-95],[-48,21],[-49,28],[-57,-21],[-45,-40]],[[4129,8343],[196,26],[199,0],[94,-7],[92,16],[19,34],[21,30],[50,-16],[50,-27],[135,-44],[56,14],[55,23],[81,-43],[84,34]],[[8374,4958],[-2,0],[-232,-6],[-47,-28]],[[7834,6092],[29,-38],[38,-27],[43,-16],[46,-4],[46,12],[49,37],[20,46],[13,51],[29,51],[58,5],[56,-3],[54,-15],[48,-34],[38,-57],[26,-77],[3,-76],[-33,-57],[-70,-30],[-10,-71],[29,-174],[-17,-81],[-41,-39],[-62,-14],[-79,-7],[-6,-9],[-2,-10],[2,-11],[6,-10],[87,-130],[25,-20],[31,20],[25,43],[33,37],[53,4],[38,-20],[33,-36],[20,-45],[3,-50],[-22,-45],[-34,-31],[-31,-36],[-21,-124],[-13,-43]],[[5594,3990],[-20,130],[-96,32],[-110,-56],[-101,-18],[-95,71],[-105,23],[-17,-40],[-15,-45],[-45,-3],[-33,-21],[56,-64],[-9,-63],[6,-35],[21,-41],[-26,-27],[-145,-28],[-64,25],[-24,72],[-91,-18],[-50,-17]],[[4631,3867],[-3,13],[-29,90],[-159,256],[0,62],[-115,157],[-46,93],[3,26],[5,40],[0,24],[-32,33],[3,39],[-2,38],[-47,26],[24,50],[-1,8]],[[4232,4822],[25,-6],[311,-43],[94,119],[128,104],[71,13],[49,56],[-20,49],[-27,45],[45,67],[149,-163],[37,-64],[-29,-93],[75,-30],[112,131],[79,135],[-85,50],[30,36],[42,20]],[[5318,5248],[91,-76],[96,-50],[-9,-59],[-20,-53],[131,-117],[142,-97],[32,-31],[13,-47],[2,-49],[18,-40],[51,27],[45,53],[83,-70],[33,-137]],[[7029,4596],[-84,-61],[-91,-52],[-81,-17],[-76,-30]],[[5318,5248],[28,22],[23,26]],[[5369,5296],[92,-7],[81,3],[71,-110],[107,-56],[40,41],[50,29],[71,-24],[68,-36],[117,4],[63,122]],[[4579,3087],[5,2],[13,19],[-21,45],[41,16],[16,25],[4,28],[-1,102],[-3,28],[-10,3],[-12,-3],[-12,8],[-37,59],[-6,26],[6,124],[11,25],[26,14],[-24,55],[14,47],[29,41],[18,36],[1,45],[-6,35]],[[4863,5605],[37,-32],[34,-50],[-21,-47],[-30,-41],[43,-88],[88,-8],[54,23],[57,7],[45,-28],[51,-13],[85,29],[63,-61]],[[4232,4822],[-8,49],[-56,121],[-38,56],[-88,89]],[[6855,6836],[18,-35],[44,-42],[1,0],[125,-62],[31,-30],[12,-29]],[[6181,5755],[-44,68],[-35,77],[-67,7],[-88,-23],[-55,65],[-37,82],[-24,80],[-34,70],[-60,4],[-52,-39],[-52,6],[-51,31]],[[5415,6466],[161,57],[1,38],[-21,31],[4,30],[24,30],[0,34],[7,33],[57,39],[65,27],[239,134]],[[5952,6919],[56,-1],[54,-12],[57,-45],[71,-13],[80,26],[113,114],[70,10],[35,29],[20,39],[71,-15],[72,-48],[93,-115],[111,-52]],[[5952,6919],[4,92],[22,74],[-81,51],[-27,51],[-38,32],[-160,71],[74,166]],[[5746,7456],[159,92],[209,-30],[72,168],[67,30],[71,21],[-1,29],[-45,14],[50,57],[200,-26],[13,49],[34,34],[50,-11],[49,-14],[-22,76],[-37,60],[-1,1]],[[6614,8006],[109,-26],[1,0],[106,-72],[-1,-88],[-106,-203],[-14,-73],[14,-185],[22,-89],[6,-14],[15,-18],[-6,-40],[-12,-39],[-8,-16],[19,-58],[64,-75],[15,-36],[1,-69],[10,-57],[6,-12]],[[6614,8006],[-17,27],[-18,11],[4,102],[14,55]],[[6597,8201],[41,-25],[86,-27],[104,15],[125,128],[90,34],[49,-1],[40,-12],[35,-26],[33,-43],[22,-51],[25,-113],[23,-48],[40,-25],[112,-26],[29,-16],[-10,-45],[-43,-47],[-53,-45],[-35,-37],[-25,-58],[0,-36],[27,-22],[99,-27],[36,-27],[11,-36],[-34,-42],[-85,-85],[-15,-103],[2,-117],[-29,-125],[-74,-100],[-73,-77],[-37,-87],[37,-133],[1,0],[18,-30]],[[5746,7456],[-154,47],[-139,81]],[[5293,8024],[74,-18],[76,32],[110,-19],[90,-80],[103,-69],[91,53],[-35,63],[3,71],[72,117],[106,62],[51,1],[49,14],[42,44],[16,11],[25,28],[0,1],[1,-1],[79,-56],[50,-81],[-4,-79],[34,-22],[57,-36],[231,-54]],[[8061,4504],[54,-39],[37,-64],[36,-9],[22,20],[25,-30],[53,-14],[4,4],[2,-1],[26,-24],[33,-31],[48,-143]],[[8401,4173],[23,-97],[-14,-94],[-41,-11],[-47,-1],[-32,-54],[-37,-54],[-48,7],[-50,11],[-80,-41],[-73,-56],[-5,-47],[1,-47],[-33,-61],[12,-61],[64,-64],[29,-81],[8,-40],[1,-1]],[[8079,3381],[-57,-25],[-53,-47],[-124,-153],[-36,-1],[-51,60],[-66,114],[-40,11],[-50,-67],[-9,-40],[13,-67],[-2,-30],[-19,-42],[-14,-6],[-20,6],[-35,-11],[-103,-92],[-63,-31],[-48,33],[-1,35],[20,32],[25,30],[18,32],[6,39],[-3,280],[-18,71],[-46,46],[-3,0]],[[9337,3608],[-24,17],[-58,61],[-8,13],[0,1],[-43,0],[-35,6],[-28,20],[-19,40],[-1,1],[-104,-60],[-32,-7],[-93,41],[-41,3],[-2,1],[22,43],[35,34],[41,23],[38,15],[-48,98],[-26,22],[-2,1],[-60,14],[-20,-6],[-26,-11],[-23,0],[-10,27],[-11,8],[-1,1],[-29,4],[-53,-2],[-1,0],[-42,53],[-101,20],[-60,48],[-71,36]],[[8374,4958],[-2,-8],[-3,-44],[25,-36],[16,-3],[72,5],[26,-11],[45,-41],[24,-17],[46,-13],[93,-7],[44,-12],[46,-38],[67,-86],[52,-31],[90,-11],[84,7],[81,-8],[81,-55],[13,-23],[23,-60],[13,-18],[26,-1],[26,14],[28,10],[30,-14],[7,-22],[0,-71],[3,-31],[12,-24],[31,-47],[12,-26],[5,-60],[-24,-206],[-11,-39],[-14,-29],[-10,-32],[-2,-43],[10,-35],[36,-67],[6,-32],[-33,-71],[-62,-10],[-49,-4]],[[9337,3608],[8,-73],[41,-40],[125,-43],[6,-8],[14,-32],[10,-7],[18,5],[35,18],[16,0],[23,-14],[18,-21],[35,-57],[-21,-29],[130,-83],[49,-47],[28,20],[43,7],[46,-7],[38,-20],[-69,-102],[-75,-58],[-124,-18],[-338,16],[-46,-8],[-51,-23],[-105,-76],[-56,-6],[-56,50],[-6,23],[2,64],[-5,30],[-14,28],[-59,75],[-149,115],[-37,50],[-1,-93],[-31,-48],[-57,-18],[-81,-1],[-18,-21],[14,-81],[-21,-54],[-38,-31],[-47,-14],[-49,4],[-44,22],[-39,41],[-39,73],[-40,29],[-40,12],[-90,14],[-43,14],[-16,24],[-5,25],[5,25],[16,27],[16,23],[5,22],[-5,22],[-16,20],[-66,9],[-2,-1]],[[5261,8383],[42,119],[107,63],[70,118],[-122,69],[-3,0]],[[5355,8752],[4,13],[52,120],[63,23],[92,-4],[261,-84],[198,-2],[103,-14],[80,-42],[19,-27],[6,-24],[3,-22],[7,-23],[45,-85],[9,-87],[5,-20],[19,-21],[47,-35],[18,-24],[59,-79],[91,-78],[61,-36]],[[3942,9470],[150,-15],[59,-22],[46,-42],[16,-60],[-56,-129],[41,-25],[64,-2],[44,9],[88,58],[47,6],[21,-55],[10,-63],[30,-38],[49,-12],[66,12],[61,27],[45,31],[48,24],[131,12],[49,-5],[30,-26],[5,-63],[-19,-68],[-31,-31],[-41,-21],[-45,-40],[-19,-46],[5,-46],[32,-28],[60,9],[44,39],[30,50],[37,39],[65,7],[45,-24],[27,-44],[-3,-51],[-47,-41],[80,-130],[34,-28],[58,-31],[30,2],[10,30],[1,57],[16,56]]],"transform":{"scale":[0.0003514038740874194,0.0003024562303230319],"translate":[26.617889038000015,45.46177398700007]},"bbox":[26.617889038000015,45.46177398700007,30.131576375000122,48.48603383400007]}