{"type":"Topology","objects":{"subunits":{"type":"GeometryCollection","geometries":[{"type":"MultiPolygon","id":"Haa Alifu","arcs":[[[0]],[[1]],[[2]],[[3]],[[4]],[[5]],[[6]],[[7]],[[8]],[[9]],[[10]],[[11]],[[12]],[[13]],[[14]]]},{"type":"MultiPolygon","id":"Haa Dhaalu","arcs":[[[15]],[[16]],[[17]],[[18]],[[19]],[[20]],[[21]],[[22]],[[23]],[[24]]]},{"type":"MultiPolygon","id":"Shaviyani","arcs":[[[25]],[[26]],[[27]],[[28]],[[29]],[[30]],[[31]],[[32]],[[33]],[[34]],[[35]],[[36]],[[37]],[[38]],[[39]],[[40]],[[41]],[[42]],[[43]]]},{"type":"MultiPolygon","id":"Raa","arcs":[[[44]],[[45]],[[46]],[[47]],[[48]],[[49]],[[50]],[[51]],[[52]],[[53]],[[54]],[[55]]]},{"type":"MultiPolygon","id":"Noonu","arcs":[[[56]],[[57]],[[58]],[[59]],[[60]]]},{"type":"MultiPolygon","id":"Baa","arcs":[[[61]],[[62]],[[63]],[[64]],[[65]],[[66]],[[67]],[[68]],[[69]],[[70]],[[71]],[[72]]]},{"type":"MultiPolygon","id":"Lhaviyani","arcs":[[[73]],[[74]],[[75]],[[76]],[[77]],[[78]],[[79]],[[80]],[[81]],[[82]],[[83]],[[84]]]},{"type":"MultiPolygon","id":"Kaafu","arcs":[[[85]],[[86]],[[87]],[[88]],[[89]],[[90]],[[91]],[[92]],[[93]],[[94]],[[95]],[[96]],[[97]],[[98]],[[99]],[[100]],[[101]]]},{"type":"MultiPolygon","id":"Alifu Alifu","arcs":[[[102]],[[103]],[[104]],[[105]]]},{"type":"MultiPolygon","id":"Alifu Dhaalu","arcs":[[[106]],[[107]],[[108]],[[109]],[[110]],[[111]],[[112]],[[113]]]},{"type":"MultiPolygon","id":"Faafu","arcs":[[[114]],[[115]],[[116]],[[117]],[[118]]]},{"type":"Polygon","id":"Malé","arcs":[[119]]},{"type":"MultiPolygon","id":"Vaavu","arcs":[[[120]],[[121]],[[122]]]},{"type":"MultiPolygon","id":"Meemu","arcs":[[[123]],[[124]],[[125]],[[126]],[[127]],[[128]],[[129]]]},{"type":"MultiPolygon","id":"Dhaalu","arcs":[[[130]],[[131]],[[132]],[[133]],[[134]]]},{"type":"MultiPolygon","id":"Thaa","arcs":[[[135]],[[136]],[[137]],[[138]],[[139]],[[140]],[[141]],[[142]],[[143]]]},{"type":"MultiPolygon","id":"Laamu","arcs":[[[144]],[[145]],[[146]],[[147]],[[148]],[[149]],[[150]],[[151]],[[152]],[[153]],[[154]],[[155]],[[156]]]},{"type":"MultiPolygon","id":"Gaafu Alifu","arcs":[[[157]],[[158]],[[159]],[[160]],[[161]]]},{"type":"MultiPolygon","id":"Gaafu Dhaalu","arcs":[[[162]],[[163]],[[164]],[[165]],[[166]],[[167]],[[168]]]},{"type":"Polygon","id":"Gnaviyani","arcs":[[169]]},{"type":"MultiPolygon","id":"Addu","arcs":[[[170]],[[171]],[[172]],[[173]],[[174]],[[175]]]}]}},"arcs":[[[4670,9632],[-28,3],[8,9],[146,-3],[-73,-7],[-53,-2]],[[2879,9654],[-8,-2],[-19,1],[-1,0],[7,6],[17,1],[18,-1],[17,-1],[-20,-2],[-11,-2]],[[4272,9656],[-9,-1],[-21,1],[9,6],[15,1],[18,-2],[17,0],[-20,-2],[-9,-3]],[[2708,9664],[-25,5],[8,2],[19,1],[16,1],[-5,-4],[6,-2],[1,-2],[-20,-1]],[[3840,9667],[-10,-1],[-12,0],[-9,1],[11,6],[14,1],[18,-1],[16,-1],[-19,-2],[-9,-3]],[[2581,9677],[-17,1],[-3,0],[-1,0],[8,6],[18,1],[17,-1],[16,-1],[-19,-2],[-11,-3],[-8,-1]],[[3948,9721],[-22,-1],[-24,5],[5,2],[21,1],[16,1],[-5,-3],[6,-3],[2,-2],[1,0]],[[4904,9722],[-45,-8],[-28,10],[9,12],[28,12],[39,9],[46,0],[-9,-18],[-40,-17]],[[2260,9802],[-16,-2],[13,7],[0,-1],[3,-4]],[[4760,9799],[-2,0],[-1,0],[-5,0],[-6,0],[-7,13],[7,8],[20,4],[42,1],[-36,-26],[-8,0],[-4,0]],[[1925,9843],[13,7],[0,-4],[-13,-3]],[[2760,9897],[16,-18],[-39,7],[0,4],[0,1],[23,6]],[[2481,9934],[-13,-7],[-7,4],[20,3]],[[2134,9980],[-9,-12],[-51,8],[2,2],[28,1],[30,1]],[[1869,9994],[-19,-2],[12,7],[7,-2],[0,-3]],[[25,9108],[15,-1],[17,0],[-1,0],[-19,-3],[-15,-3],[-12,-1],[-10,3],[10,4],[15,1]],[[2566,9291],[-9,-1],[-21,1],[9,6],[15,1],[1,0],[16,-2],[18,0],[-20,-2],[-9,-3]],[[2274,9296],[-44,1],[-5,2],[9,2],[5,3],[14,-3],[18,-1],[12,-1],[-9,-3]],[[3235,9318],[-22,-1],[-7,1],[-17,4],[5,2],[21,1],[15,1],[-1,0],[-3,-4],[6,-2],[2,-2],[1,0]],[[3338,9372],[-7,-2],[-22,2],[10,6],[15,1],[1,0],[17,-2],[17,-1],[-20,-1],[-11,-3]],[[3600,9436],[-72,-9],[5,7],[17,2],[24,0],[26,0]],[[3848,9475],[-1,0],[8,10],[24,3],[63,1],[-23,-5],[-12,-4],[-17,-4],[-42,-1]],[[3295,9545],[-21,-1],[-7,2],[-18,3],[9,2],[18,1],[17,1],[-5,-3],[1,-1],[5,-2],[1,-2]],[[2158,9554],[-10,-1],[-18,1],[-1,0],[9,6],[15,1],[18,-2],[16,0],[-19,-2],[-10,-3]],[[4184,9509],[-2,0],[41,21],[154,34],[66,24],[44,0],[12,-1],[0,-1],[0,-3],[9,-3],[-128,-40],[-75,-18],[-121,-13]],[[5296,8686],[-15,-5],[-34,0],[50,5],[-1,0]],[[5264,8717],[-4,0],[19,3],[30,2],[-1,-1],[-44,-4]],[[5000,8745],[-36,-1],[49,4],[-1,0],[-12,-3]],[[5433,8772],[-2,0],[3,4],[11,1],[15,1],[19,2],[-13,-3],[-7,-3],[-8,-2],[-18,0]],[[4999,8800],[-46,-5],[17,3],[30,2],[-1,0]],[[5485,8822],[-26,-14],[-25,5],[5,3],[23,2],[23,4]],[[3223,8860],[-2,-1],[14,3],[35,2],[-2,0],[-45,-4]],[[5233,8876],[-35,-4],[-36,5],[7,2],[25,3],[18,4],[5,-4],[13,-3],[3,-3]],[[4102,8942],[-2,0],[52,5],[-22,-4],[-28,-1]],[[4907,8947],[-3,-1],[5,1],[55,10],[-20,-7],[-37,-3]],[[3684,8970],[-3,0],[49,5],[-1,-1],[-17,-3],[-28,-1]],[[4840,8992],[-9,-5],[-55,2],[-1,0],[-8,2],[17,4],[10,4],[1,0],[10,-4],[10,0],[10,-1],[15,-2]],[[4070,9001],[-4,0],[16,2],[33,2],[-3,0],[-42,-4]],[[2519,9022],[-8,-3],[-43,2],[-7,2],[11,2],[4,2],[15,-2],[2,0],[17,-2],[3,0],[6,-1]],[[4702,9029],[-22,-2],[-12,-3],[-14,-1],[-18,1],[8,4],[15,0],[21,0],[22,1]],[[3183,9047],[-7,-3],[-46,1],[-5,2],[11,3],[6,2],[12,-3],[20,-1],[9,-1]],[[2084,9138],[-8,-3],[-43,1],[-2,1],[-7,2],[10,2],[6,2],[16,-2],[18,-2],[5,0],[5,-1]],[[3355,9135],[-1,0],[53,10],[-24,-7],[-28,-3]],[[1988,9153],[-8,-2],[-43,1],[-2,0],[-6,2],[11,2],[5,3],[15,-3],[18,-1],[7,-1],[3,-1]],[[2974,7883],[-15,-2],[-18,7],[9,1],[26,0],[26,1],[-13,-2],[-15,-5]],[[2391,7889],[-19,-1],[-12,5],[11,2],[23,0],[23,1],[-14,-3],[-5,-2],[-7,-2]],[[3053,7921],[-10,4],[-2,1],[11,1],[21,0],[25,1],[-14,-2],[-5,-3],[-7,-2],[-19,0]],[[1837,7923],[-18,-1],[-14,5],[10,2],[23,0],[26,1],[-14,-3],[-6,-2],[-7,-2]],[[3082,8081],[-1,0],[-11,5],[10,1],[24,0],[24,2],[-1,-1],[-15,-2],[-4,-3],[-7,-1],[-19,-1]],[[3061,8158],[-20,-1],[-11,5],[11,1],[22,1],[24,1],[0,-1],[-14,-2],[-7,-3],[-5,-1]],[[3002,8211],[-17,-3],[-5,-3],[-9,-2],[-23,0],[-10,6],[13,2],[1,0],[6,0],[18,0],[26,0]],[[2789,8274],[-1,0],[39,11],[-10,-7],[-28,-4]],[[2717,8328],[-25,3],[-14,2],[1,3],[26,1],[26,3],[-14,-12]],[[2636,8387],[-36,4],[-7,4],[16,10],[1,-1],[26,-17]],[[2310,8539],[-14,-15],[-41,8],[6,4],[49,3]],[[2139,8550],[-5,-2],[-14,1],[-14,2],[-2,5],[12,1],[20,-2],[25,0],[-1,0],[-17,-2],[-4,-3]],[[6623,8241],[-110,-28],[-1,0],[-7,0],[-3,0],[28,9],[96,20],[-3,-1]],[[6549,8306],[-36,-4],[-37,4],[9,3],[23,3],[20,4],[3,-4],[15,-3],[3,-3]],[[7010,8362],[-4,0],[52,9],[39,4],[32,1],[31,-1],[-150,-13]],[[6960,8456],[-21,-1],[-29,4],[9,2],[23,2],[23,2],[-5,-3],[0,-3],[0,-3]],[[6598,8541],[52,-16],[-81,5],[-20,4],[49,7]],[[2666,7143],[-2,0],[6,13],[24,5],[32,1],[30,0],[-90,-19]],[[2226,7167],[-16,-2],[-31,1],[-1,0],[50,1],[-2,0]],[[2102,7336],[-2,-1],[9,3],[25,2],[-32,-4]],[[2242,7339],[32,4],[-1,0],[-5,-3],[-1,0],[-12,-1],[-13,0]],[[3357,7449],[-21,-1],[33,4],[-12,-3]],[[3431,7459],[-36,-1],[-22,4],[8,1],[17,2],[11,2],[1,0],[8,-4],[13,-2],[0,-2]],[[3772,7499],[-1,0],[33,4],[-3,-3],[-29,-1]],[[3951,7517],[33,-2],[-3,0],[-29,1],[-30,2],[3,0],[26,-1]],[[1610,7597],[-2,0],[33,4],[-1,0],[-8,-3],[-22,-1]],[[4184,7607],[-32,-1],[32,4],[0,-3]],[[4004,7679],[-32,-4],[0,2],[34,2],[-2,0]],[[2504,7745],[-26,-1],[33,5],[-7,-4]],[[7604,7611],[0,-1],[-32,2],[55,1],[-1,0],[-22,-2]],[[8405,7650],[-49,-2],[-70,3],[-1,0],[55,4],[57,3],[55,1],[53,0],[-100,-9]],[[7296,7690],[-2,0],[27,2],[1,0],[12,-1],[17,0],[-1,0],[-54,-1]],[[8841,7723],[-21,-2],[-37,1],[59,1],[-1,0]],[[8940,7735],[-1,0],[33,2],[30,-1],[-2,0],[-60,-1]],[[6705,7753],[-17,-1],[-30,2],[-2,2],[11,2],[3,3],[1,0],[10,-4],[19,-2],[5,-2]],[[5975,7769],[15,-2],[1,0],[28,0],[3,0],[17,0],[-11,-4],[-89,-1],[-2,0],[-14,3],[14,1],[27,1],[11,2]],[[8869,7792],[0,-1],[-44,35],[17,7],[47,-10],[20,-10],[-8,-11],[-32,-10]],[[6178,7844],[-3,0],[27,2],[31,-1],[-55,-1]],[[7980,7875],[-24,-2],[-34,1],[58,1]],[[6328,7884],[-2,-1],[21,7],[1,-5],[-20,-1]],[[7278,7993],[-29,-2],[-27,1],[-2,0],[58,1]],[[6996,5811],[-8,2],[9,4],[14,1],[17,-1],[14,0],[-19,-2],[-17,-3],[-10,-1]],[[7054,5907],[-3,-1],[50,6],[-1,0],[-4,-3],[-42,-2]],[[7348,5930],[-22,-1],[16,4],[21,2],[54,4],[-2,0],[-67,-9]],[[6178,5943],[-32,-4],[0,2],[33,2],[-1,0]],[[7707,6133],[-35,4],[-20,3],[-1,3],[27,1],[28,2],[1,-13]],[[6872,6162],[-1,0],[34,3],[-1,0],[-10,-2],[-22,-1]],[[8525,6453],[-30,-3],[-29,0],[-2,0],[63,3],[-2,0]],[[8676,6471],[-21,-1],[-18,3],[5,2],[16,1],[15,3],[-2,-3],[7,-3],[-2,-2]],[[8912,6480],[-12,1],[-18,0],[-2,0],[-18,5],[12,2],[23,0],[24,1],[-1,0],[-8,-3],[4,-3],[0,-1],[-4,-2]],[[9205,6510],[-20,-1],[-18,3],[6,2],[15,2],[14,2],[-2,-3],[6,-3],[-1,-2]],[[9479,6567],[-2,0],[51,4],[-19,-3],[-30,-1]],[[9526,6595],[-26,-5],[1,3],[27,2],[-2,0]],[[6476,6622],[5,-12],[-32,3],[0,2],[13,3],[14,4]],[[8134,6801],[-22,-1],[-6,1],[-10,2],[6,2],[14,2],[15,2],[-1,-3],[5,-3],[-1,-2]],[[6743,6820],[-21,-2],[-17,3],[6,2],[16,2],[13,3],[0,-3],[5,-3],[-2,-2]],[[7543,6933],[-22,-1],[-4,1],[-12,2],[6,2],[16,2],[13,2],[0,-3],[5,-3],[-2,-2]],[[7136,7259],[-101,-1],[23,6],[21,0],[25,-2],[32,-3]],[[204,6011],[-19,-2],[-48,2],[-1,0],[-2,2],[-1,0],[20,2],[18,3],[5,-3],[11,-2],[7,0],[6,-1],[5,-1],[-1,0]],[[2723,6348],[-31,0],[-9,1],[0,3],[-10,3],[2,0],[17,-3],[18,-1],[11,-1],[2,-2]],[[2523,6349],[-30,1],[-56,5],[126,-5],[-1,0],[-39,-1]],[[2548,6576],[-9,-21],[-67,1],[-17,0],[-35,11],[128,9]],[[1406,5379],[-37,-2],[-28,2],[-1,0],[6,2],[17,2],[9,3],[1,0],[11,-3],[19,-2],[4,-2],[-1,0]],[[1044,5386],[-49,0],[-3,2],[18,3],[9,3],[1,0],[9,-2],[4,-1],[23,-2],[11,-1],[-23,-2]],[[2124,5426],[-1,0],[38,9],[39,4],[42,1],[38,-1],[-156,-13]],[[2440,5518],[-37,-2],[-29,2],[5,2],[16,2],[11,3],[11,-3],[13,-1],[7,-1],[3,-2]],[[117,5653],[-26,-5],[-19,2],[-26,2],[0,4],[17,3],[9,4],[14,-4],[23,-3],[9,-3],[-1,0]],[[2536,5666],[-35,-3],[-29,2],[4,2],[17,2],[11,3],[13,-3],[19,-2],[0,-1]],[[2476,5715],[-38,-3],[-4,1],[-23,2],[4,2],[17,1],[11,3],[12,-3],[14,-1],[4,0],[3,-2]],[[2464,5798],[-37,-3],[-28,3],[5,2],[16,2],[11,2],[12,-2],[7,-1],[11,-1],[3,-2]],[[2056,4830],[-43,0],[-5,1],[13,3],[8,5],[11,-3],[13,0],[6,-1],[11,-1],[-14,-4]],[[2779,4866],[-33,-3],[-29,2],[2,2],[15,2],[9,3],[1,0],[11,-2],[20,-2],[4,-2]],[[3372,4986],[-41,0],[-5,1],[11,3],[8,5],[12,-3],[20,-1],[12,-1],[-17,-4]],[[3283,5049],[-34,-3],[-2,0],[-26,2],[3,2],[14,2],[9,4],[1,-1],[13,-2],[18,-2],[4,-2]],[[1373,5123],[-1,0],[-2,2],[11,3],[8,4],[12,-3],[20,0],[4,-1],[5,-1],[-14,-4],[-43,0]],[[8062,6325],[62,-8],[-8,-11],[-25,-20],[-104,-37],[-109,-16],[-147,-11],[-224,2],[-96,6],[-426,20],[9,7],[748,-4],[80,6],[52,21],[67,30],[121,15]],[[7808,5188],[1,0],[-26,6],[1,0],[8,-1],[13,-1],[1,-1],[2,-3]],[[9998,5304],[1,0],[-18,1],[-25,1],[-2,0],[-8,4],[2,-1],[50,-5]],[[7709,5368],[-22,1],[-3,5],[25,-6]],[[6239,4437],[-28,6],[8,2],[21,1],[19,1],[-8,-4],[8,-2],[0,-3],[-20,-1]],[[6687,4456],[-81,-13],[11,8],[24,3],[29,2],[17,0]],[[8107,4591],[-18,-3],[-5,5],[2,0],[13,-1],[8,-1]],[[6327,4600],[-1,0],[-32,2],[0,2],[17,2],[11,2],[7,-3],[12,-3],[4,-1],[-18,-1]],[[8230,4673],[-20,-11],[-7,3],[5,2],[22,6]],[[8433,4682],[-78,-14],[9,8],[26,4],[27,1],[17,1],[-1,0]],[[8683,4863],[-39,-3],[43,8],[-4,-5]],[[2074,4320],[-18,-5],[-32,1],[-5,1],[2,3],[-6,3],[23,-1],[25,0],[11,-2]],[[1768,4325],[-60,4],[-3,3],[26,3],[26,4],[11,-14]],[[3212,4395],[-24,-1],[-29,6],[93,4],[-40,-9]],[[3089,4664],[-42,-3],[-4,0],[-9,1],[0,4],[-5,5],[60,-7]],[[1711,4681],[-24,-4],[-1,4],[48,10],[-23,-10]],[[3322,3660],[-14,-1],[1,1],[50,2],[-22,-2],[-15,0]],[[3913,3682],[-6,-1],[-26,1],[-6,3],[9,1],[18,1],[20,1],[-9,-3],[0,-3]],[[4081,3694],[-55,0],[-10,3],[9,3],[6,5],[13,-3],[37,-8]],[[2448,3798],[-1,0],[-30,1],[50,2],[-19,-3]],[[2258,3868],[9,-14],[-42,4],[-2,4],[19,3],[16,3]],[[6153,3888],[-2,-1],[18,8],[0,-1],[-3,-4],[-13,-2]],[[6344,3942],[-1,0],[-81,57],[3,10],[67,-16],[37,-14],[8,-3],[8,-17],[-41,-17]],[[5900,4082],[-14,2],[-18,2],[-2,3],[16,3],[14,5],[4,-15]],[[4271,4154],[-2,0],[43,4],[-16,-4],[-25,0]],[[6467,3177],[-50,-8],[-21,1],[-12,5],[-18,5],[1,0],[100,-3]],[[6699,3186],[-58,-1],[4,5],[3,1],[14,3],[22,2],[12,4],[9,-6],[17,-5],[-9,-3],[-14,0]],[[7289,3226],[-65,-8],[-24,0],[-7,4],[-7,4],[103,0]],[[7622,3228],[0,-1],[-4,1],[-2,0],[-5,1],[-2,0],[21,4],[21,4],[47,4],[99,6],[2,0],[-68,-8],[-109,-11]],[[7938,3271],[-5,-2],[-9,4],[9,3],[6,1],[12,2],[20,3],[-2,-1],[-31,-10]],[[5306,3310],[-76,-4],[3,7],[16,1],[16,-2],[9,0],[32,-2]],[[8015,3311],[-3,-1],[84,42],[30,10],[-40,-27],[-29,-13],[-42,-11]],[[8096,3404],[-20,4],[1,3],[21,7],[-2,-14]],[[5975,3431],[-46,-4],[-27,2],[3,2],[13,3],[1,3],[24,-2],[26,-2],[6,-2]],[[8043,3483],[-11,-6],[-25,0],[18,3],[18,3]],[[6572,3491],[0,-6],[-7,2],[7,4]],[[8111,3541],[-9,5],[7,3],[19,2],[22,3],[-39,-13]],[[8262,3589],[166,0],[1,0],[-18,-2],[-29,-3],[-119,-10],[-55,-4],[0,5],[11,5],[43,9]],[[7754,1380],[-44,-9],[-1,0],[-19,6],[-6,1],[7,3],[30,-1],[34,1],[-1,-1]],[[7555,1534],[24,-11],[-39,2],[-6,3],[11,3],[9,4],[1,-1]],[[6569,1698],[-1,0],[-17,0],[-11,5],[6,1],[20,1],[14,1],[-6,-3],[0,-3],[-5,-2]],[[6435,1856],[-5,-2],[-8,0],[-10,0],[-10,5],[9,1],[1,0],[8,0],[8,1],[13,1],[-6,-3],[0,-3]],[[6236,1961],[-13,5],[7,2],[17,1],[15,1],[-6,-2],[-1,-1],[0,-2],[-1,-1],[-2,-1],[-7,-1],[-9,-1]],[[3913,1157],[-38,4],[-10,3],[-3,1],[-1,1],[-6,4],[-12,6],[32,-4],[35,-3],[16,-4],[-13,-8]],[[4984,1188],[-44,-7],[-16,0],[-6,4],[-12,6],[79,-3],[-1,0]],[[3328,1216],[-40,2],[-3,1],[-4,2],[4,2],[5,2],[4,4],[34,-13]],[[6498,1249],[-89,-7],[14,8],[24,1],[26,-1],[25,-1]],[[2819,1267],[-45,4],[-2,2],[25,2],[11,-3],[21,0],[6,-1],[4,-1],[-20,-3]],[[2586,1389],[1,0],[-32,3],[-6,3],[8,3],[3,2],[1,0],[25,-11]],[[2397,1520],[-3,-12],[-34,6],[0,2],[37,4]],[[7022,519],[74,-11],[19,-6],[-5,-9],[-61,7],[-26,7],[-6,6],[5,6]],[[4476,9],[89,-9],[-63,0],[-21,3],[-5,6]],[[4789,9],[-48,-2],[8,8],[27,3],[84,4],[-27,-5],[-19,-4],[-25,-4]],[[4113,42],[25,-13],[-29,2],[-5,2],[5,4],[4,5]],[[5196,81],[-119,-22],[-4,13],[29,12],[46,5],[48,-8]],[[4060,61],[-70,0],[-152,47],[-35,24],[129,8],[0,-9],[-57,-1],[-10,-4],[8,-5],[-11,-7],[70,-9],[62,-13],[45,-16],[21,-15]],[[5259,128],[-20,-24],[-59,9],[-18,10],[25,11],[78,8],[9,-4],[-5,-3],[-9,-3],[-1,-4]]],"transform":{"scale":[0.00010684662216223326,0.0007796596716671717],"translate":[72.684825066,-0.688571872999901]},"bbox":[72.684825066,-0.688571872999901,73.75318444100017,7.107245184000149]}