{"type":"Topology","objects":{"subunits":{"type":"GeometryCollection","geometries":[{"type":"Polygon","id":"Attard","arcs":[[0,1,2,3,4,5,6,7]]},{"type":"Polygon","id":"Mdina","arcs":[[8,9,-5]]},{"type":"Polygon","id":"Imtarfa","arcs":[[-10,10,-6]]},{"type":"Polygon","id":"Rabat","arcs":[[-7,-11,-9,11,12,13,14,15,16]]},{"type":"Polygon","id":"Mġarr","arcs":[[17,-16,18,19,20]]},{"type":"Polygon","id":"Mellieħa","arcs":[[21,-20,22]]},{"type":"Polygon","id":"St. Paul's Bay","arcs":[[23,24,-21,-22,25]]},{"type":"Polygon","id":"Mosta","arcs":[[26,27,-8,-17,-18,-25]]},{"type":"Polygon","id":"Naxxar","arcs":[[28,29,30,31,32,-27,-24,33]]},{"type":"Polygon","id":"Lija","arcs":[[34,35,-1,-28,-33]]},{"type":"Polygon","id":"Balzan","arcs":[[36,-2,-36,37]]},{"type":"Polygon","id":"Iklin","arcs":[[38,39,-38,-35,-32,40]]},{"type":"Polygon","id":"Għargħur","arcs":[[41,-41,-31,42]]},{"type":"Polygon","id":"Swieqi","arcs":[[43,44,-43,-30,45]]},{"type":"Polygon","id":"Pembroke","arcs":[[46,-46,-29,47]]},{"type":"Polygon","id":"St. Julian's","arcs":[[48,49,50,-44,-47,51]]},{"type":"Polygon","id":"Sliema","arcs":[[52,53,-49,54]]},{"type":"Polygon","id":"San Ġwann","arcs":[[-51,55,56,57,-39,-42,-45]]},{"type":"Polygon","id":"Gżira","arcs":[[58,59,60,-56,-50,-54]]},{"type":"Polygon","id":"Birkirkara","arcs":[[61,62,63,-37,-40,-58]]},{"type":"Polygon","id":"Msida","arcs":[[64,65,66,-62,-57,-61]]},{"type":"Polygon","id":"Ta' Xbiex","arcs":[[67,68,-65,-60]]},{"type":"Polygon","id":"Pietà","arcs":[[69,-66,-69,70]]},{"type":"Polygon","id":"Santa Venera","arcs":[[71,72,-63,-67]]},{"type":"Polygon","id":"Ħamrun","arcs":[[73,74,-72,-70,75]]},{"type":"Polygon","id":"Qormi","arcs":[[-73,-75,76,77,78,79,-3,-64]]},{"type":"Polygon","id":"Żebbuġ","arcs":[[80,-12,-4,-80]]},{"type":"Polygon","id":"Dingli","arcs":[[81,82,-14]]},{"type":"Polygon","id":"Siġġiewi","arcs":[[-79,83,84,85,86,-82,-13,-81]]},{"type":"Polygon","id":"Valletta","arcs":[[87,88,89,90,-59,-53,91]]},{"type":"Polygon","id":"Kalkara","arcs":[[92,93,94,-88,95]]},{"type":"Polygon","id":"Birgu","arcs":[[96,97,-89,-95]]},{"type":"Polygon","id":"Xgħajra","arcs":[[98,-93,99]]},{"type":"Polygon","id":"Senglea","arcs":[[100,101,102,-90,-98]]},{"type":"Polygon","id":"Floriana","arcs":[[-103,103,104,-76,-71,-68,-91]]},{"type":"Polygon","id":"Cospicua","arcs":[[105,106,107,-101,-97]]},{"type":"Polygon","id":"Żabbar","arcs":[[108,109,110,111,-106,-94,-99]]},{"type":"Polygon","id":"Marsa","arcs":[[112,113,-77,-74,-105]]},{"type":"Polygon","id":"Paola","arcs":[[-108,114,115,116,-113,-104,-102]]},{"type":"Polygon","id":"Fgura","arcs":[[117,118,-115,-107,-112]]},{"type":"Polygon","id":"Tarxien","arcs":[[119,120,121,-116,-119]]},{"type":"Polygon","id":"Żejtun","arcs":[[122,123,124,-120,-118,-111]]},{"type":"Polygon","id":"Marsaskala","arcs":[[125,-123,-110,126]]},{"type":"Polygon","id":"Marsaxlokk","arcs":[[-126,127,128,129,-124]]},{"type":"Polygon","id":"Luqa","arcs":[[-117,130,131,132,133,134,135,136,-84,-78,-114]]},{"type":"Polygon","id":"Santa Luċija","arcs":[[137,138,-131,-122]]},{"type":"Polygon","id":"Gudja","arcs":[[139,-132,-139]]},{"type":"Polygon","id":"Għaxaq","arcs":[[-130,140,-133,-140,-138,-121,-125]]},{"type":"Polygon","id":"Birżebbuġa","arcs":[[141,142,-141,-129]]},{"type":"Polygon","id":"Mqabba","arcs":[[143,144,145,-85,-137]]},{"type":"Polygon","id":"Kirkop","arcs":[[146,147,-144,-136]]},{"type":"Polygon","id":"Safi","arcs":[[148,-147,-135]]},{"type":"Polygon","id":"Qrendi","arcs":[[149,150,-86,-146]]},{"type":"Polygon","id":"Żurrieq","arcs":[[-149,-134,-143,151,-150,-145,-148]]},{"type":"Polygon","id":"Saint Lawrence","arcs":[[152,153,154]]},{"type":"Polygon","id":"Għarb","arcs":[[155,-155,156,157]]},{"type":"Polygon","id":"Għasri","arcs":[[158,159,-158,160,161]]},{"type":"Polygon","id":"Żebbuġ","arcs":[[162,163,-162,164]]},{"type":"Polygon","id":"Xagħra","arcs":[[165,166,167,-163,168]]},{"type":"Polygon","id":"Nadur","arcs":[[169,170,-166,171]]},{"type":"Polygon","id":"Qala","arcs":[[172,-170,173]]},{"type":"Polygon","id":"Kerċem","arcs":[[-160,174,175,176,177,-153,-156]]},{"type":"Polygon","id":"Victoria","arcs":[[-164,-168,178,179,-175,-159]]},{"type":"Polygon","id":"Fontana, Gozo","arcs":[[180,181,-176,-180]]},{"type":"Polygon","id":"Munxar","arcs":[[-182,182,183,184,-177]]},{"type":"Polygon","id":"Sannat","arcs":[[185,186,-184,187]]},{"type":"Polygon","id":"Xewkija","arcs":[[188,-188,-183,-181,-179,-167]]},{"type":"MultiPolygon","id":"Għajnsielem","arcs":[[[189]],[[-173,190,-186,-189,-171]]]}]}},"arcs":[[[6561,3424],[116,-21],[162,10]],[[6839,3413],[69,-118],[93,-65],[146,-32]],[[7147,3198],[-23,-119],[-61,-97]],[[7063,2982],[-293,-22],[-162,-10],[-85,-97],[-131,-33],[-139,22],[-131,43],[-147,-32]],[[5975,2853],[-46,172]],[[5929,3025],[8,119],[7,140]],[[5944,3284],[23,97],[16,129]],[[5983,3510],[85,54],[162,22],[146,-76],[93,-75],[92,-11]],[[5975,2853],[-77,10],[-131,0],[-62,65]],[[5705,2928],[39,65],[92,32],[93,0]],[[5705,2928],[-162,65],[-15,151],[77,97],[131,11],[116,0],[92,32]],[[5975,2853],[-8,-151],[47,-43],[54,-378]],[[6068,2281],[-93,-140],[-162,-32],[-208,43]],[[5605,2152],[-70,108],[-15,97],[-62,75],[-138,0],[-270,-43],[-186,11],[-140,-97]],[[4724,2303],[-46,83],[-83,110],[-369,227],[-80,173],[0,711]],[[4146,3607],[117,-75],[100,32],[108,-129],[93,-11],[61,54],[77,97],[101,0],[85,54],[100,-54],[85,11],[77,108],[162,21],[185,33],[139,0],[115,43]],[[5751,3791],[78,-108],[69,-76],[85,-97]],[[5728,3899],[23,-108]],[[4146,3607],[0,419],[-46,506]],[[4100,4532],[163,35],[170,65],[208,108],[92,86],[170,21],[54,76]],[[4957,4923],[147,-43],[46,-65],[-39,-108],[-69,-75],[8,-108],[84,-22],[193,-21],[62,-97],[31,-194],[15,-141],[93,-86],[115,-54],[85,-10]],[[5793,6073],[-157,-460],[-262,-86],[-170,-130],[-208,-75],[-78,-65],[-15,-162],[54,-172]],[[4100,4532],[-69,780],[-149,578],[-273,375],[331,337],[333,231],[365,135],[411,45],[0,-270],[-237,-51],[-153,-89],[-337,-338],[1471,-192]],[[6638,5880],[-200,-418],[-162,-302],[-85,-173],[-23,-150],[54,-141],[0,-107],[-39,-54],[39,-65],[92,-129]],[[6314,4341],[-77,-108],[-69,-65],[-69,65],[-31,118],[-70,65],[-100,86],[-139,33],[-208,-43],[-54,-54],[31,-44],[100,11],[77,-32],[31,-108],[93,-65],[92,-43],[23,-75],[-54,-54],[-100,-65],[-62,-64]],[[5793,6073],[591,-78],[254,-115]],[[6314,4341],[108,-22],[54,-97],[24,-97],[15,-108],[8,-108],[31,-97]],[[6554,3812],[-47,-64],[0,-119],[54,-205]],[[7333,5297],[-47,-396],[-15,-237]],[[7271,4664],[-193,-11]],[[7078,4653],[-116,-54],[-61,-64],[-31,-205],[8,-140],[100,-119]],[[6978,4071],[-77,-129],[46,-130],[-93,-54]],[[6854,3758],[-154,-32],[-146,86]],[[6638,5880],[179,-80],[516,-503]],[[6854,3758],[54,-118]],[[6908,3640],[-69,-227]],[[7063,3564],[61,-108],[39,-129],[-16,-129]],[[6908,3640],[155,-76]],[[7263,3942],[8,-302]],[[7271,3640],[-100,-43],[-108,-33]],[[6978,4071],[100,-11],[85,-32],[100,-86]],[[7302,4028],[-39,-86]],[[7078,4653],[0,-108],[116,-53],[23,-173],[62,-119],[23,-172]],[[7834,4330],[46,-65],[-7,-129],[-93,-87]],[[7780,4049],[-54,65],[-69,-75],[-132,-54],[-154,11],[-69,32]],[[7271,4664],[123,-65],[93,-97],[31,-161],[100,-33],[216,22]],[[8286,4707],[-259,-237],[-185,-43],[-8,-97]],[[7333,5297],[360,-350],[593,-240]],[[8519,4496],[-367,-356],[-89,-299]],[[8063,3841],[-113,-70]],[[7950,3771],[-77,97],[-78,60],[-15,121]],[[8286,4707],[166,-67],[67,-144]],[[8611,3630],[-175,-77]],[[8436,3553],[7,120],[-264,65],[-116,103]],[[8519,4496],[65,-138],[30,-363],[-3,-365]],[[7950,3771],[-70,-158]],[[7880,3613],[-260,-16],[-97,-38]],[[7523,3559],[-252,81]],[[8436,3553],[-147,-129]],[[8289,3424],[-98,75],[-225,6]],[[7966,3505],[-86,108]],[[7523,3559],[93,-87],[28,-87],[-70,-87]],[[7574,3298],[-51,-32],[-15,-92],[-37,-149]],[[7471,3025],[-169,22],[-155,151]],[[7966,3505],[7,-199]],[[7973,3306],[-7,-111],[-66,-92]],[[7900,3103],[-113,125],[-143,49],[-70,21]],[[8289,3424],[-93,-97]],[[8196,3327],[-123,-32],[-100,11]],[[8148,3174],[-136,-87],[-112,16]],[[8196,3327],[-48,-153]],[[7900,3103],[-155,-71],[-42,-93]],[[7703,2939],[-139,32],[-93,54]],[[8160,3032],[-118,-82],[-54,-237],[-154,10]],[[7834,2723],[-131,216]],[[8148,3174],[51,-82],[-39,-60]],[[7834,2723],[-85,-54],[-15,-86]],[[7734,2583],[-85,-108],[-185,-323]],[[7464,2152],[-85,0],[-85,86]],[[7294,2238],[-15,119],[0,118],[-78,76],[-131,21],[-61,76],[-23,151],[46,86],[31,97]],[[7294,2238],[-69,-43],[-47,32],[-84,87],[-108,21],[-155,-32],[-38,-86],[-77,-87],[-162,-64],[-162,86],[-155,75],[-77,65],[-92,-11]],[[5605,2152],[-16,-119],[-108,-215],[-92,-97],[-30,-325]],[[5359,1396],[-199,125],[-436,782]],[[7464,2152],[15,-140],[-123,-119],[-93,-119],[-108,-21],[-23,-76]],[[7132,1677],[-77,-43],[-31,-107],[-62,-141]],[[6962,1386],[-92,-32],[-77,-22],[-93,-97],[23,-107],[-23,-65],[-116,0],[-100,-76],[-91,-209]],[[6393,778],[-113,41],[-921,577]],[[8897,3528],[-141,-137]],[[8756,3391],[-107,-114]],[[8649,3277],[-121,-79]],[[8528,3198],[-239,226]],[[8611,3630],[141,-31],[145,-71]],[[9500,3237],[-177,-147],[-31,-119]],[[9292,2971],[-178,0],[-100,-43]],[[9014,2928],[-9,270],[-110,54],[-139,139]],[[8897,3528],[603,-291]],[[9014,2928],[-211,202]],[[8803,3130],[-154,147]],[[9713,2844],[-205,-99],[-124,65],[-92,161]],[[9500,3237],[213,-393]],[[8803,3130],[-198,-245]],[[8605,2885],[-139,183]],[[8466,3068],[62,130]],[[8466,3068],[-100,-108],[-100,-97]],[[8266,2863],[-54,130],[-52,39]],[[9014,2928],[-62,-140],[-7,-119]],[[8945,2669],[-101,-10],[-146,-11],[-93,0]],[[8605,2648],[-77,75],[77,162]],[[9713,2844],[123,-227]],[[9836,2617],[-220,-152],[-31,-108],[-70,-97],[-77,-11],[-69,-76]],[[9369,2173],[-208,22],[-78,97],[-115,11],[-62,43]],[[8906,2346],[31,119],[46,86],[23,86],[-61,32]],[[8266,2863],[-8,-226],[-69,-226],[-116,-162]],[[8073,2249],[-100,0],[-108,97],[-85,21],[0,98],[-46,118]],[[8605,2648],[-139,-173]],[[8466,2475],[-92,-108],[-39,-118],[-85,-54],[-138,-108]],[[8112,2087],[-39,162]],[[8906,2346],[-93,-32],[-61,-22],[-23,-97],[-54,-43]],[[8675,2152],[-39,108],[23,86],[-69,86],[-124,43]],[[8675,2152],[-101,-76],[-38,-54]],[[8536,2022],[-31,-64]],[[8505,1958],[-185,43],[-124,21],[-84,65]],[[9369,2173],[85,-194],[38,-118],[-31,-87],[8,-75],[39,-75]],[[9508,1624],[-85,-108],[-154,97],[-155,21],[-61,-64],[-162,10]],[[8891,1580],[-124,238],[-108,161],[-123,43]],[[9964,1475],[-171,52],[-147,21],[-138,76]],[[9836,2617],[59,-109],[104,-890],[-35,-143]],[[9964,1475],[-105,-433],[-359,226],[-202,-256]],[[9298,1012],[-68,180],[-123,162],[-108,54],[-93,0]],[[8906,1408],[-15,172]],[[8112,2087],[0,-151],[-8,-129]],[[8104,1807],[46,-140],[0,-76],[8,-140],[62,-65],[115,-97]],[[8335,1289],[85,-118],[62,-130]],[[8482,1041],[-124,-21]],[[8358,1020],[-146,161],[-93,141],[-123,75]],[[7996,1397],[-23,130],[-54,32],[-77,118],[-70,44],[-92,-76]],[[7680,1645],[-139,43],[-100,65],[-116,-97],[-93,-43],[-100,64]],[[8505,1958],[15,-119],[-15,-54]],[[8505,1785],[-185,11],[-216,11]],[[8505,1785],[-15,-118],[-54,-43],[-31,-87],[-8,-118],[0,-65],[-62,-65]],[[8906,1408],[-39,-108],[-123,-32],[-69,-33],[-23,-97],[-62,-86],[-108,-11]],[[9298,1012],[-203,-256],[-129,-307],[0,-449],[-418,191],[-115,80],[-247,28]],[[8186,299],[41,85],[31,64],[-54,140],[16,87],[69,0],[147,-54],[115,21],[23,65],[-54,183],[-38,151]],[[7680,1645],[38,-97],[-38,-65],[-47,-129]],[[7633,1354],[-100,-11],[-146,-11]],[[7387,1332],[-155,-32],[-123,54],[-147,32]],[[7996,1397],[-177,-194]],[[7819,1203],[-70,97],[-116,54]],[[8358,1020],[-92,-97],[-70,32],[-92,54],[-100,-76],[-116,-64],[-85,32],[-85,97],[-7,76],[108,129]],[[7387,1332],[30,-107],[-77,-44],[-7,-75],[54,-54],[-62,-65],[-77,-75],[-154,-205],[-56,-158]],[[7038,549],[-645,229]],[[8186,299],[-650,73],[-498,177]],[[735,9136],[-44,-164],[-86,-95],[0,-138],[-173,-207],[-139,-216]],[[293,8316],[-259,190],[81,393],[-96,397],[-19,309]],[[0,9605],[204,-193],[278,-138],[111,52],[49,-130],[93,-60]],[[920,9119],[-185,17]],[[0,9605],[310,121],[454,78]],[[764,9804],[-11,-142],[93,-129],[55,-173],[19,-241]],[[1457,9041],[-130,9],[-117,-18],[-37,-51]],[[1173,8981],[-173,34],[-80,104]],[[764,9804],[537,92]],[[1301,9896],[-79,-148],[-6,-224],[25,-190],[55,-26],[86,35],[62,-95],[13,-207]],[[2304,9832],[-107,-118],[12,-95],[6,-121],[-24,-69],[-155,-9],[-123,-69],[-92,-120],[-13,-121],[37,-121],[-31,-69],[-68,-8]],[[1746,8912],[-141,0],[-148,129]],[[1301,9896],[602,103],[401,-167]],[[2750,9594],[-78,-251],[0,-405],[-80,-44],[-19,-163],[-37,-104],[-6,-164]],[[2530,8463],[-142,121],[-99,52],[-117,-26],[-148,-35],[-160,35]],[[1864,8610],[12,95],[-55,86],[-75,121]],[[2304,9832],[276,-115],[170,-123]],[[3567,8930],[-124,-96],[-92,-69],[-93,-26],[-18,-86],[-7,-173],[-61,-94],[-216,-35]],[[2956,8351],[-204,0],[-111,26],[-111,86]],[[2750,9594],[670,-488],[147,-176]],[[3038,8155],[-21,110],[-61,86]],[[3567,8930],[360,-433],[-318,-263],[-458,-20],[-113,-59]],[[1173,8981],[74,-112],[37,-130],[68,-43],[6,-69]],[[1358,8627],[-6,-224]],[[1352,8403],[-130,43],[-105,17],[-99,-52],[-166,-129],[-172,-196]],[[680,8086],[-222,108],[-165,122]],[[1864,8610],[-25,-181],[-93,-9],[-86,9],[-68,-69]],[[1592,8360],[-6,120],[-92,61],[-50,86],[-86,0]],[[1592,8360],[-92,-78]],[[1500,8282],[-99,35],[-49,86]],[[1500,8282],[-19,-69]],[[1481,8213],[-68,-138],[-105,-138],[-20,-91]],[[1288,7846],[-316,98],[-292,142]],[[2296,7946],[51,-120]],[[2347,7826],[-355,-90],[-484,42],[-220,68]],[[1481,8213],[93,-26],[197,0],[117,-34],[87,-95],[123,-43],[117,-78],[81,9]],[[2530,8463],[-49,-121],[-56,-69],[-12,-163],[-105,-121],[-12,-43]],[[4029,7410],[-265,-46],[-17,22],[-70,-16],[32,107],[-70,192],[-37,195],[96,77],[184,-9],[289,-120],[182,-221],[-324,-181]],[[3038,8155],[-588,-303],[-103,-26]]],"transform":{"scale":[0.00003835832802526496,0.000027440081208119336],"translate":[14.183604363075489,35.801214911000045]},"bbox":[14.183604363075489,35.801214911000045,14.567149285000113,36.07558828300003]}