{"type":"Topology","objects":{"subunits":{"type":"GeometryCollection","geometries":[{"type":"Polygon","id":"Tete","arcs":[[0,1,2,3]]},{"type":"Polygon","id":"Manica","arcs":[[4,5,6,7,-3]]},{"type":"Polygon","id":"Cabo Delgado","arcs":[[8,9,10]]},{"type":"Polygon","id":"Niassa","arcs":[[-10,11,12,13],[14],[15]]},{"type":"MultiPolygon","id":"Nampula","arcs":[[[16]],[[17,18,-12,-9]]]},{"type":"Polygon","id":"Gaza","arcs":[[-7,19,20,21,22]]},{"type":"Polygon","id":"Sofala","arcs":[[23,24,25,-5,-2]]},{"type":"Polygon","id":"Zambezia","arcs":[[26,-24,-1,27,-13,-19]]},{"type":"MultiPolygon","id":"Inhambane","arcs":[[[28]],[[-20,-6,-26,29]]]},{"type":"MultiPolygon","id":"Maputo","arcs":[[[30]],[[31,32,33,-22]]]},{"type":"Polygon","id":"Maputo","arcs":[[34,-33]]}]}},"arcs":[[[4775,5936],[3,-9],[5,-71],[5,-11],[22,-28],[7,-22],[-1,-5],[-11,-11],[-3,-4],[-1,-5],[-1,-15],[0,-3],[11,-34],[-1,-119],[-9,-25]],[[4801,5574],[-11,4],[-21,10],[-60,19],[-12,6],[-7,6],[-9,3],[-25,14],[-29,13],[-15,9],[-12,11],[-5,5],[-1,4],[0,12],[-1,3],[-12,22],[-5,5],[-15,10],[-4,4],[-8,26],[-27,43],[-10,8],[-2,3],[-4,8],[-15,16],[-4,6],[-5,0],[-2,13],[-11,23],[-18,25],[-37,40],[-23,61],[-14,18],[-7,6],[-85,45],[-22,7],[-72,12],[-70,25]],[[4121,6119],[-177,60],[-51,10],[-63,8],[-63,2],[-16,4],[-15,6],[-48,25],[-7,3],[-10,2],[-21,2],[-10,2],[-15,1],[-33,-5],[-16,2],[-7,7],[-3,8],[-5,8],[-11,3],[-16,0],[-12,3],[-23,7],[-18,10],[-29,28],[-32,25],[-27,27],[-17,13],[-2,-3],[-36,0],[-11,-1],[-42,-10],[-16,-1],[-94,5],[-32,-2],[-25,-6],[-23,-10],[-20,-12],[-31,-29],[-8,-4],[2,-14],[0,-4],[-3,-9],[1,-4],[5,-5],[1,-3],[-1,-4],[-5,-6],[-54,-43],[-3,-3],[-1,-5],[-3,-4],[-5,-2],[-11,-3],[-5,-1],[-11,-5],[-17,-12],[-2,-3],[-2,-4],[-1,-7],[1,-9],[-1,-3],[-4,-10],[0,-3],[1,-3],[-2,-5],[-4,-7],[-32,-28],[-3,-4],[-31,-57],[-5,-14],[-1,-7],[-2,-2],[-4,-4],[-8,-4],[-6,-3],[-6,-1],[-33,-4],[-5,-1],[-4,-1],[-4,-2],[-6,-5],[-3,-2],[-8,-4],[-10,-6],[-7,-5],[-12,-12],[-11,-18],[-2,-14],[-2,-5],[-4,-6],[-2,-4],[1,-7],[8,-15],[-1,-3],[-2,-5],[-35,-44],[-8,-7],[-9,-7],[-1,-4],[3,-5],[2,-4],[2,-4],[1,-4],[-7,-17],[-24,-6]],[[2631,5781],[4,4],[6,9],[-1,10],[-6,6],[-21,7],[-9,4],[-9,12],[-4,14],[0,6],[-2,22],[-12,38],[-24,35],[-40,44],[-53,59],[-1,4],[67,41],[15,12],[16,19],[27,65],[6,17],[-11,-1],[-16,-4],[-28,-11],[-16,-3],[-29,2],[-58,8],[-29,1],[-15,-2],[-13,-3],[-8,-3],[-6,1],[-25,12],[-9,24],[-1,14],[-4,9],[-11,6],[-112,28],[-149,38],[-97,24],[-74,7],[-186,-2],[-98,9],[-15,5],[-8,9],[-5,23],[-8,11],[-11,6],[-40,13],[-18,10],[-57,39],[-26,13],[-23,7],[-157,6],[-36,11],[-14,7],[-19,1],[-20,0],[-18,2],[-2,2],[1,3],[0,3],[-4,1],[-4,0],[-7,-1],[-4,0],[-6,4],[-3,6],[-4,6],[-9,4],[-18,6],[-12,8],[-18,21],[-13,11],[-16,7],[-17,4],[-96,14],[-42,2],[-23,-9],[-8,-9],[-7,0],[-7,4],[-8,1],[-14,-4],[-17,-13],[-11,-5],[-21,-6],[-16,1],[-14,7],[-15,10],[-38,17],[-42,5],[-101,0],[-154,-1],[-67,0],[-106,-1],[-1,43],[-2,73],[-1,58],[-1,49],[13,3],[2,2],[-11,18],[-5,5],[-27,18],[-2,8],[6,13],[18,22],[2,6],[-3,6],[-14,12],[-3,7],[-2,39],[-4,13],[-7,11],[-9,11],[-12,8],[-14,3],[-30,13],[-24,29],[-35,76],[-4,27],[0,27],[-7,18],[1,4],[15,3],[82,6],[70,22],[87,28],[100,23],[80,18],[131,30],[93,14],[133,19],[17,1],[98,15],[121,19],[98,15],[80,18],[88,30],[64,21],[135,28],[123,26],[95,20],[71,20],[36,7],[75,9],[88,19],[99,22],[142,30],[158,35],[162,35],[118,25],[82,18],[68,15],[52,-19],[21,-10],[11,-17],[-5,-31],[4,-11],[23,-24],[8,-6],[14,-5],[8,-2],[7,-4],[3,-4],[13,-16],[16,-14],[48,-61],[17,-15],[12,-6],[40,-11],[12,-7],[6,-7],[5,-8],[8,-8],[11,-5],[25,-8],[11,-5],[8,-8],[13,-23],[6,-10],[8,-8],[11,-6],[17,-3],[9,4],[3,11],[0,21],[8,18],[14,13],[20,4],[51,-24],[26,-2],[27,6],[55,21],[25,4],[28,0],[99,-8],[7,3],[11,15],[7,7],[30,8],[69,1],[93,21],[7,1],[15,-2],[7,1],[7,3],[7,4],[7,3],[9,1],[26,-9],[8,-7],[12,-12],[31,-39],[22,-18],[49,-30],[15,-20],[1,-20],[-12,-36],[9,-21],[15,-20],[10,-18],[6,-19],[0,-45],[2,-10],[6,-12],[8,-10],[11,-9],[6,-10],[-1,-10],[-7,-9],[-19,-17],[-6,-8],[2,-9],[6,-7],[2,-7],[-8,-7],[-2,-10],[10,-47],[9,-43],[-4,-16],[-17,-16],[-13,-6],[-12,-4],[-11,-5],[-11,-9],[-4,-8],[-5,-15],[-6,-8],[-19,-7],[-19,-19],[-17,-5],[-11,-11],[0,-20],[8,-37],[-3,-24],[-11,-20],[-58,-51],[-1,0],[-10,-4],[-19,-3],[-16,-5],[-17,-8],[-27,-18],[-10,-16],[-4,-21],[1,-22],[10,-17],[12,-6],[31,-10],[14,-5],[79,-52],[15,-13],[5,-18],[-19,-39],[-4,-21],[39,-53],[18,-12],[33,-1],[41,-3],[21,-14],[27,-42],[10,-10],[12,-7],[30,-14],[6,-5],[5,-5],[12,-19],[6,-2],[7,-2],[59,-20],[13,-8],[16,-21],[10,-8],[44,-23],[7,-8],[7,-14],[9,-9],[15,-5],[16,-5],[9,-4],[6,-3],[4,-5],[3,-11],[4,-5],[7,-2],[14,-2],[7,-1],[12,-6],[9,-6],[17,-14],[28,-14],[26,-3],[28,2],[31,-1],[22,-9],[8,-19],[1,-22],[-3,-20],[-11,-17],[-21,-9],[-24,-7],[-20,-11],[-7,-19],[30,-29],[-3,-16],[15,-9],[49,-5],[95,-2],[54,4]],[[4121,6119],[-57,-41],[-17,-25],[-11,-11],[-11,-7],[-19,-10],[-6,-3],[-69,-20],[-47,-7],[-8,-2],[-28,-10],[-15,-7],[-6,-4],[-56,-72],[-2,-5],[-1,-4],[0,-4],[3,-35],[-3,-11],[-7,-13],[-17,-23],[-13,-26],[-7,-31],[0,-32],[-4,-8],[-38,-57],[-2,-7],[1,-9],[28,-65],[1,-8],[-12,-59],[-1,-8],[3,-7],[9,-5],[77,-18],[6,-3],[3,-2],[3,-3],[12,-9],[4,-2],[8,-3],[3,-4],[2,-7],[-5,-26],[0,-2],[6,-8],[0,-17],[-4,-25],[-23,-53],[-12,-19],[-15,-10],[-40,4],[-12,-1],[-11,-6],[-28,-24],[-2,-1],[-2,0],[-3,-1],[-7,-1],[-5,0],[-9,2],[-10,2],[-13,5],[-9,6],[-4,2],[-12,5],[-4,2],[-6,4],[-2,3],[-2,4],[-2,7],[-3,7],[-10,11],[-3,3],[-13,7],[-2,2],[-3,1],[-9,2],[-28,2],[-6,2],[-10,0],[-6,-8],[-6,-19],[-2,-4],[-3,-3],[-10,-6],[-12,-6],[-22,-7],[-16,-8],[-3,-2],[-11,-10],[-26,-17],[-1,-4],[0,-4],[2,-3],[23,-25],[4,-6],[1,-3],[1,-4],[0,-4],[-2,-7],[-10,-18],[-1,-3],[1,-3],[2,-3],[10,-1],[4,-1],[2,-3],[3,-7],[1,-3],[3,-3],[5,-6],[3,-3],[1,-4],[0,-6],[-3,-4],[-16,-13],[-5,-2],[-5,0],[-5,-1],[-6,-3],[-7,-6],[-10,-7],[-8,-4],[-5,-2],[-5,-4],[-15,-16],[-28,-17],[-14,-11],[-5,-7],[-9,-21],[-2,-8],[11,-14],[30,-1],[13,-2],[32,-13],[34,-6],[9,-5],[7,-6],[3,-7],[5,-6],[10,-5],[10,-3],[10,-1],[10,-3],[9,-5],[6,-6],[6,-14],[5,-7],[8,-6],[10,-3],[22,-2],[11,-4],[6,-6],[6,-6],[8,-6],[12,-2],[7,0],[-5,-19],[-94,-216],[-1,-153],[-2,-10],[-6,-3],[-11,-2],[-24,0],[-11,-1],[-7,-2],[-10,-4],[-3,-4],[-1,-4],[3,-6],[1,-4],[2,-3],[23,-23],[2,-8],[-1,-12],[-5,-29],[0,-12],[2,-6],[6,-1],[20,0],[6,0],[4,-2],[3,-2],[7,-8],[3,-3],[4,-2],[5,-1],[6,0],[11,0],[5,-1],[4,-2],[4,-2],[9,-6],[2,-1],[3,-1],[15,-4],[3,-1],[-4,-2],[-16,-4],[-10,-1],[-12,0],[-2,0],[-1,-1],[-6,-4],[-3,-2],[-23,-8],[-4,-3],[-4,-4],[-8,-9],[-3,-2],[-3,-2],[-8,-4],[-31,-7],[-7,-2],[-5,-3],[-11,-6],[-1,0],[-3,-2],[-7,-1],[-23,-3],[-13,-3],[-1,-1],[-2,0],[-24,-26],[-3,-2],[-4,1],[-11,0],[-4,0],[-2,1],[-1,1],[-18,12],[-8,4],[-4,1],[-9,2],[-4,2],[-3,3],[-4,11],[-3,2],[-3,2],[-4,1],[-5,0],[-5,-1],[-22,-8],[-5,-1],[-6,-1],[-18,1],[-6,-1],[-11,-2],[-5,-1],[-4,-2],[-9,-7],[-5,-1],[-9,-3],[-11,-2],[-5,-1],[-4,-2],[-4,-2],[-10,-5],[-4,-5],[-87,-44],[-4,-3],[0,-4],[23,-51],[3,-3],[4,-2],[24,-5],[8,-4],[3,-3],[2,-3],[1,-3],[2,-12],[2,-8],[3,-2],[12,-10],[5,-6],[2,-3],[1,-5],[-1,-3],[-19,-31],[-3,-8],[0,-6],[2,-4],[0,-6],[-1,-7],[1,-8],[3,-8],[236,-151],[13,-4],[112,-25],[10,-5],[4,-7],[2,-8],[4,-125],[3,-7],[7,-2],[12,-2],[76,-4],[10,-1],[94,-45],[7,-4],[4,-4],[3,-7],[0,-4],[-1,-4],[-5,-9],[-3,-2],[-3,-3],[-3,-2],[-8,-3],[-19,-6],[-10,-3],[-5,-2],[-5,-4],[-6,-6],[-1,-6],[0,-5],[2,-7],[0,-5],[-2,-3],[-3,-2],[-15,-5],[-4,-3],[-5,-8],[-2,-8],[-5,-43]],[[3575,3385],[-47,-3],[-16,-6],[-20,-13],[-26,-22],[-3,-5],[-3,-6],[-3,-4],[-7,-2],[-3,-2],[-10,-2],[-11,-2],[-5,4],[-8,9],[-20,4],[-24,-1],[-53,-5],[-163,4],[-37,-2],[-33,-7],[-64,-31],[-20,-8],[-39,-5],[-35,-11],[-19,-3],[-23,0],[-3,1]],[[2880,3267],[-34,8],[-21,3],[-17,-2],[-57,-15],[-17,-7],[-19,-11],[-15,-11],[-6,-11],[-8,-10],[-18,3],[-18,9],[-8,4],[-22,1],[-14,0],[-7,5],[-3,18],[-6,9],[-15,8],[-17,7],[-13,3],[-14,0],[-54,-4],[-18,1],[-16,2],[-14,4],[-106,50],[-36,10],[-19,1],[-61,-1],[-15,3],[-53,21],[-40,21]],[[2099,3386],[-1,3],[-69,71],[1,3],[4,3],[3,4],[0,4],[-2,1],[-4,0],[-5,0],[-8,8],[-14,5],[-5,5],[73,57],[47,37],[22,27],[6,23],[-13,63],[-13,66],[1,25],[10,26],[30,24],[41,3],[44,-4],[40,5],[24,15],[31,37],[29,35],[61,46],[42,32],[7,8],[6,9],[6,18],[0,5],[-6,8],[-2,5],[2,5],[13,15],[5,9],[7,30],[8,6],[16,1],[15,3],[7,9],[5,19],[13,6],[51,-1],[-3,5],[-6,14],[4,45],[18,36],[1,26],[7,14],[3,12],[-10,6],[-21,6],[-20,8],[-16,9],[-7,11],[7,24],[-1,12],[-17,6],[-17,-4],[-28,-18],[-21,-3],[-22,1],[-17,2],[-11,7],[-3,13],[3,6],[6,6],[4,5],[-2,8],[-2,6],[0,6],[6,44],[0,11],[-6,14],[-14,2],[-17,-1],[-18,1],[-10,7],[-1,12],[6,25],[-2,18],[2,6],[35,25],[14,13],[8,10],[3,11],[1,15],[27,76],[-6,21],[-8,6],[-8,4],[-8,5],[-5,7],[-2,7],[-3,5],[-5,2],[-10,3],[-16,1],[-59,-5],[-13,0],[-10,2],[-8,5],[-2,8],[2,8],[-2,7],[-7,13],[1,8],[9,5],[12,4],[10,5],[-11,5],[-6,9],[-7,33],[2,5],[90,26],[29,3],[38,-2],[25,1],[16,8],[10,14],[7,16],[2,20],[-8,17],[-28,34],[-12,22],[-3,13],[2,10],[12,8],[16,5],[18,3],[17,5],[18,7],[21,6],[16,8],[7,12],[-4,7],[-12,8],[-1,6],[3,0],[19,18],[28,12],[4,7],[-7,12],[-17,12],[-44,22],[-15,13],[-4,9],[2,5],[5,4],[8,9],[8,13],[1,4],[-3,20],[-33,63],[-2,14],[5,12],[0,5],[-11,9],[-2,5],[5,5],[8,3],[7,4],[4,8],[-2,11],[-11,17],[-2,12],[3,12],[6,13],[10,10],[16,4],[24,10],[4,23],[-3,26],[4,24],[15,22],[4,12],[-4,13],[-13,11],[-35,10],[-17,8],[-4,5],[-10,20],[0,7],[6,4],[8,3],[6,5],[37,45],[14,13]],[[9697,8144],[-20,-7],[-26,1],[-22,7],[-9,13],[-7,13],[-16,6],[-44,0],[-36,-4],[-78,-16],[-38,3],[-13,5],[-9,6],[-12,4],[-35,4],[-5,2],[-5,1],[-12,-5],[-23,-16],[-9,-5],[-39,-8],[-18,-5],[-12,-17],[-13,-6],[-27,-10],[-26,-15],[-53,-41],[-31,-11],[-11,0],[-30,4],[-39,0],[-20,-3],[-54,-26],[-18,-4],[-18,-2],[-38,-2],[-10,-2],[-7,-3],[-6,-5],[-7,-3],[-9,-1],[-30,-3],[-14,-4],[-17,-5],[-14,-7],[-6,-7],[-7,-11],[-17,-10],[-21,-9],[-19,-5],[-36,-5],[-8,-2],[-10,-8],[-7,-2],[-20,-2],[-21,-6],[-33,-13],[-33,-18],[-22,-6],[-35,9],[-24,1],[-41,-3],[-21,-5],[-18,-8],[-13,-12],[-5,-14],[-10,-4],[-56,-7],[-40,-18],[-30,-7],[-52,-25],[-17,-3],[-64,-6],[-13,-2],[-32,-12],[-22,-2],[-118,-2],[-37,6],[-35,9],[-29,3],[-29,-3]],[[7716,7768],[-56,31],[-13,10],[-3,7],[-4,6],[-56,52],[-6,12],[-4,4],[-8,6],[-3,4],[-1,4],[0,4],[-1,3],[-1,3],[-12,17],[-5,4],[-5,4],[-13,8],[-5,4],[-29,48],[-2,3],[-4,9],[-1,3],[-1,4],[2,8],[-1,6],[-2,6],[-6,12],[-5,7],[-13,14],[-14,12],[-3,4],[-2,4],[0,4],[7,23],[0,5],[-1,6],[-6,7],[-6,10],[-6,15],[-4,4],[-5,2],[-5,0],[-5,-1],[-5,-1],[-4,-2],[-4,-1],[-5,-1],[-6,0],[-8,4],[-4,3],[-3,5],[-7,26],[0,4],[1,3],[1,3],[2,1],[1,2],[16,11],[19,9],[18,10],[12,5],[7,4],[16,11],[3,2],[2,3],[3,7],[2,3],[3,3],[3,2],[10,6],[2,3],[6,9],[3,3],[6,5],[2,3],[0,3],[0,7],[0,3],[2,3],[5,5],[1,3],[0,7],[1,3],[2,3],[9,7],[2,3],[1,5],[-1,17],[-3,4],[-4,2],[-11,1],[-11,-1],[-5,-1],[-4,-1],[-34,-14],[-4,-1],[-3,0],[-10,2],[-12,2],[-10,2],[-5,1],[-4,2],[-7,4],[-6,5],[-3,2],[-4,2],[-4,1],[-21,5],[-48,5],[-6,2],[-6,4],[0,3],[1,3],[21,17],[5,6],[1,3],[1,5],[1,11],[2,5],[1,5],[1,7],[-2,20],[0,6],[3,7],[1,4],[0,5],[-1,6],[0,5],[3,15],[-1,12],[1,6],[2,5],[6,4],[3,3],[2,3],[1,4],[0,4],[-2,18],[0,4],[2,3],[11,14],[1,4],[-2,28],[-2,5],[-5,6],[-2,4],[-1,4],[10,30],[3,6],[3,11],[1,10],[-1,5],[-2,5],[-5,6],[-9,12],[0,5],[2,3],[4,2],[13,4],[16,7],[6,5],[6,5],[5,5],[6,5],[26,17],[18,14],[10,6],[17,6],[4,3],[4,6],[7,38],[4,10],[14,21],[5,11],[2,4],[4,2],[9,3],[4,2],[12,7],[11,10],[3,2],[4,1],[4,2],[18,5],[12,4],[34,18],[3,6],[2,9],[3,21],[2,9],[4,6],[3,1],[20,5],[4,2],[3,3],[9,14],[4,14],[2,3],[3,2],[11,5],[13,8],[2,3],[2,2],[4,17],[1,3],[2,3],[3,6],[7,31],[0,9],[-1,7],[-4,5],[-11,10],[-8,6],[-9,11],[-3,2],[-4,6],[-6,14],[0,6],[5,43],[7,18],[3,12],[2,7],[2,4],[5,5],[2,3],[3,5],[3,13],[11,17],[5,17],[2,3],[2,3],[2,2],[35,31],[1,1]],[[7784,9423],[23,18],[93,41],[21,17],[15,8],[28,5],[19,5],[10,2],[12,-1],[20,-3],[10,0],[18,5],[37,23],[13,5],[19,3],[17,8],[25,14],[32,4],[123,0],[32,4],[29,9],[22,-3],[39,-13],[19,-5],[25,0],[24,4],[22,8],[184,95],[15,5],[16,3],[73,4],[157,22],[24,6],[94,42],[97,26],[18,6],[118,59],[26,6],[11,7],[18,15],[55,35],[36,17],[61,14],[34,16],[30,19],[14,17],[16,4],[15,-2],[6,-6],[-10,-8],[18,-3],[25,14],[15,-7],[5,-13],[-10,-10],[-14,-8],[-7,-7],[7,-9],[17,-4],[20,-3],[14,-5],[7,-9],[2,-21],[7,-9],[13,-5],[37,-3],[15,-5],[8,-10],[-14,-3],[-36,3],[-31,-6],[-79,-40],[6,-21],[8,3],[5,4],[4,4],[3,6],[18,-10],[66,-21],[17,-13],[-18,-11],[-51,-16],[-17,-10],[-19,-16],[-12,-17],[10,-23],[-8,-21],[8,-6],[11,2],[12,15],[9,4],[24,-6],[0,-18],[-13,-19],[-15,-13],[-30,-20],[-5,-7],[-1,-8],[7,-15],[1,-6],[-12,-11],[-62,-29],[-7,-8],[-14,-21],[-8,-7],[-12,-2],[-22,0],[-11,-1],[9,-10],[8,-11],[8,-5],[7,13],[14,-6],[15,-8],[13,-10],[8,-9],[28,4],[5,-19],[-6,-21],[-7,-23],[-10,-19],[-7,-9],[-11,-8],[-4,-9],[11,-10],[14,-9],[7,-7],[-5,-7],[-22,-15],[-1,-5],[10,-9],[3,-8],[2,-19],[5,-12],[17,-11],[3,-3],[1,-4],[2,-30],[6,-10],[11,-10],[9,3],[5,1],[13,-4],[-26,-16],[-6,-18],[6,-18],[13,-18],[28,-26],[0,-6],[-14,-9],[-6,-7],[-2,-19],[-11,-30],[-2,-8],[4,-11],[17,-17],[5,-10],[-2,-10],[-7,-12],[-11,-11],[-13,-4],[-13,2],[-13,4],[-10,-2],[-2,-13],[23,4],[21,-10],[15,-16],[6,-16],[-3,-8],[-6,-7],[-4,-8],[3,-10],[8,-5],[13,-1],[27,2],[-3,-6],[-5,-6],[-8,-3],[-21,-4],[-6,-5],[-8,-13],[-25,-22],[-2,-11],[13,-9],[10,-3],[12,-1],[39,-1],[5,-3],[-1,-42],[4,-9],[8,-4],[11,-2],[27,-8],[5,-5],[-6,-8],[-10,-1],[-16,12],[-10,0],[-6,-6],[0,-8],[9,-27],[8,0],[10,3],[11,0],[7,-6],[8,-16],[4,-3],[12,-3],[5,-5],[0,-6],[-4,-7],[-15,-10],[-20,-3],[-20,4],[-15,9],[-1,-5],[2,-6],[2,-5],[3,-1],[-14,-5],[-26,1],[-5,-5],[6,-5],[12,-4],[8,-8],[-4,-11],[-10,-17],[-6,-5],[-8,-5],[-3,0],[-2,2],[-6,3],[1,6],[-4,4],[-10,3],[-8,0],[-6,-1],[-27,-9],[-19,-8],[-16,-10],[-7,-10],[2,-11],[4,-7],[48,-27],[14,-3],[15,3],[12,11],[-5,8],[-10,9],[-4,9],[8,5],[14,0],[16,-2],[11,-5],[13,-2],[16,3],[14,0],[5,-11],[-5,-20],[-22,-35],[-5,-20],[2,-11],[9,-21],[2,-10],[-6,-46],[-6,-12],[-12,-7],[-13,-6],[-8,-9],[3,-7],[12,3],[24,12],[0,-50],[4,1],[11,2],[4,1],[-4,-14],[-28,-19],[-7,-10],[-2,-27],[-6,-12],[-11,-9]],[[7716,7768],[-29,-9],[-36,-6],[-82,-6],[-37,-13],[-32,-21],[-19,-9],[-159,-19],[-9,-3],[-6,-6],[-14,-8],[-17,-7],[-15,-2],[-34,11],[-19,19],[-22,16],[-41,0],[-17,-7],[-24,-19],[-13,-3],[-74,4],[-19,-1],[-20,-5],[-12,-9],[9,-13],[0,-11],[-15,-15],[-22,-14],[-18,-8],[-74,0],[-14,-4],[-36,-24],[-34,-30],[-27,-18],[-33,-18],[-96,-33],[-18,-2],[-6,1],[-18,6],[-11,1],[-12,-1],[-5,-2],[-3,-2],[-62,-32],[-18,-5],[-11,-1],[-8,-3],[-16,-8],[-10,-3],[-20,-3],[-9,-3],[-12,-6],[-28,-19],[-5,-6],[-6,-4],[-50,-13],[-25,-21],[-15,-18],[-4,-7],[-9,-11],[-42,-28],[-7,-7],[-2,-5],[-12,-12],[-49,-30]],[[6113,7233],[1,-26],[-4,-9],[-38,-38],[-7,-4],[-7,-2],[-6,-3],[-4,-5],[-5,-8],[-4,-4],[-13,-7],[-52,-36],[-30,-12],[-5,-1],[-5,-1],[-12,0],[-5,-1],[-7,-1],[-33,-15],[-5,-2],[-11,-1],[-6,-1],[-16,-5],[-5,-2],[-5,0],[-6,0],[-16,3],[-6,0],[-7,-1],[-4,-3],[-3,-2],[-26,-32],[-21,-17],[-2,-3],[-1,-3],[-1,-3],[1,-3],[1,-4],[1,-7],[-1,-12],[-3,-6],[-5,-6],[-12,-11],[-8,-4],[-7,-2],[-5,1],[-10,3],[-8,4],[-5,1],[-5,1],[-5,1],[-5,1],[-5,2],[-10,6],[-5,2],[-6,1],[-8,1],[-314,-2],[-24,0]],[[5288,6955],[3,26],[-27,68],[-22,57],[-4,10],[0,14],[6,15],[45,68],[26,38],[36,53],[-21,0],[-12,1],[-6,5],[-10,128],[-5,10],[-11,9],[-46,29],[-34,28],[-34,27],[-99,79],[-81,65],[-63,76],[-81,61],[-86,65],[-101,77],[-82,61],[-82,48],[-96,56],[-29,11],[-32,8],[-32,3],[-120,-2],[-16,2],[-10,4],[-2,2],[-2,4],[-4,7],[-19,21],[-11,10],[-16,10],[-3,2],[-1,1],[-31,44],[-3,50],[7,52],[-11,61],[-13,73],[-16,85],[-12,69],[-52,117],[-55,124],[-24,53],[-1,3],[4,28],[20,31],[102,97],[71,69],[38,60],[7,24],[2,25],[-6,26],[0,11],[9,8],[32,5],[295,-2],[392,-2],[40,0],[1,-3],[6,-4],[9,-2],[23,0],[4,0],[13,3],[0,1],[6,1],[4,1],[4,0],[9,-4],[5,-5],[2,-4],[4,-3],[11,-3],[1,11],[11,0],[15,-4],[15,-2],[22,8],[1,0],[51,8],[9,4],[7,13],[8,8],[10,8],[12,5],[-8,13],[18,7],[47,5],[17,9],[29,23],[12,6],[39,-5],[26,-7],[6,-1],[36,0],[12,-4],[17,-12],[-9,-14],[8,-11],[18,-6],[18,3],[13,1],[20,-6],[34,-13],[10,-3],[20,-3],[9,-3],[8,-4],[6,-4],[7,-3],[8,-1],[16,-5],[5,-11],[2,-14],[6,-12],[-6,-9],[3,-13],[9,-11],[10,-5],[39,4],[11,-1],[15,-6],[10,-1],[13,1],[35,6],[29,3],[7,3],[5,2],[4,2],[110,0],[7,-4],[6,-14],[6,-3],[5,-1],[24,-8],[16,-1],[59,6],[14,3],[25,2],[7,3],[5,4],[9,4],[35,9],[11,3],[8,6],[26,24],[43,32],[16,4],[9,-3],[18,-1],[23,-10],[14,-2],[87,5],[9,3],[9,4],[14,6],[12,-19],[25,-21],[33,-17],[33,-11],[80,-11],[41,-3],[34,2],[9,3],[7,3],[7,2],[9,1],[11,-4],[17,-11],[8,-2],[46,-9],[22,0],[17,2],[7,2],[8,5],[5,6],[5,8],[8,8],[11,3],[20,3],[34,11],[20,3],[30,0],[20,2],[17,6],[42,22],[69,19],[19,9],[12,7],[8,8],[-2,7],[-6,8],[-4,8],[5,14],[23,25],[-1,11],[8,8],[15,27],[2,9],[7,5],[59,22],[15,2],[39,2],[8,1],[9,6],[54,6],[21,0],[7,0],[0,1],[3,1],[5,2],[6,0],[1,-2],[5,-5],[3,-1],[9,-2],[19,-9],[11,-2],[11,1],[21,6],[9,1],[43,-4],[34,-15],[52,-35],[33,-11],[75,-12],[27,-10],[1,0]],[[4089,9079],[-1,-1],[-19,-10],[3,-10],[25,-18],[12,-11],[11,-8],[15,0],[19,12],[9,21],[-13,19],[-27,10],[-34,-4]],[[4208,8989],[21,2],[20,8],[15,11],[10,15],[3,15],[-8,13],[-15,6],[-21,5],[-20,1],[-13,-6],[-17,-26],[-6,-14],[0,-13],[12,-13],[19,-4]],[[9111,6375],[-24,-4],[-20,4],[-23,12],[-14,21],[4,23],[10,11],[27,8],[46,7],[32,-2],[2,-14],[-4,-13],[-25,-16],[-8,-18],[2,-10],[-5,-9]],[[9697,8144],[17,-9],[13,-11],[15,-10],[19,-4],[1,-4],[-12,-9],[-31,-18],[-10,-12],[3,-14],[26,-35],[4,-11],[15,-72],[12,-17],[1,-7],[2,-6],[14,-9],[7,-5],[5,-6],[2,-5],[2,-15],[10,-27],[1,-12],[-4,-17],[-11,-7],[-37,-9],[11,-4],[9,-6],[5,-7],[-2,-9],[-9,-7],[-12,-2],[-27,-3],[-28,-10],[7,-11],[13,-12],[-5,-17],[13,2],[10,12],[9,0],[6,-5],[-3,-6],[-1,-6],[11,-6],[-14,-6],[-6,-2],[10,-4],[10,1],[9,3],[10,4],[0,18],[23,11],[46,13],[12,-5],[11,-9],[6,-9],[-2,-19],[4,-6],[16,-6],[-10,-9],[-5,-11],[0,-12],[2,-10],[-13,-3],[-22,-11],[-10,-3],[-13,3],[-18,11],[-14,3],[19,-67],[-17,3],[-8,-3],[1,-7],[11,-6],[-19,-12],[2,-4],[4,-3],[5,-2],[2,0],[-7,-28],[0,-9],[20,11],[14,14],[26,52],[7,4],[57,18],[12,1],[26,-6],[26,-14],[13,-18],[-10,-18],[-12,-6],[-29,-4],[-14,-3],[-13,-7],[1,-5],[10,-3],[15,0],[9,4],[9,6],[9,4],[12,-5],[5,-9],[-2,-10],[-19,-35],[1,-6],[8,-11],[3,-2],[6,-2],[6,-4],[5,-5],[1,-4],[0,-8],[2,-4],[2,-10],[-13,-36],[-2,-3],[1,-3],[5,-5],[4,-3],[0,-4],[-2,-3],[-5,-2],[-45,-12],[-7,-5],[-4,-5],[-34,-22],[-12,-8],[-16,-5],[-17,-3],[-17,-1],[-7,4],[-11,18],[-11,7],[4,-11],[1,-12],[5,-10],[16,-8],[15,-2],[45,0],[11,2],[10,-10],[10,-14],[7,-13],[-1,-10],[-14,8],[-9,0],[-9,-2],[-12,-1],[-53,8],[-8,-11],[12,-17],[35,-30],[-29,-7],[-29,-2],[-26,-7],[-19,-18],[-14,3],[-19,3],[-19,1],[-13,-3],[-5,-6],[-8,-22],[-6,-9],[33,-3],[17,-4],[14,-6],[8,18],[19,8],[24,-2],[24,-9],[13,-14],[7,-19],[-4,-17],[-20,-7],[12,-9],[-2,-8],[-36,-24],[-4,-4],[2,-9],[-3,-6],[-5,-5],[-5,-4],[-18,-10],[-5,-4],[-2,-5],[2,-10],[-4,-4],[-7,-8],[-4,-10],[3,-6],[12,1],[-6,-9],[-8,-8],[-11,-7],[-14,-5],[-13,-4],[-8,0],[-24,4],[-3,-16],[-14,-11],[-38,-17],[-14,-11],[-58,-61],[-188,-123],[-39,-14],[-6,-6],[-2,-7],[-4,-7],[-11,-3],[-9,-1],[-12,-2],[-10,-4],[-4,-6],[10,-7],[21,7],[33,21],[5,-14],[-7,-11],[-11,-9],[-6,-12],[-4,-15],[-11,-10],[-30,-17],[-39,-47],[-26,-23],[-32,-10],[-60,0],[-18,-3],[-58,-20],[-28,-15],[-2,-3],[1,-5],[7,-2],[10,-1],[1,-7],[-2,-15],[1,-8],[7,-12],[12,-11],[15,-9],[18,-5],[-42,-17],[-16,-4],[-1,4],[-5,8],[-1,5],[-9,-3],[-9,-1],[-10,-1],[-10,1],[5,-3],[9,-7],[5,-3],[-26,-6],[-9,-3],[-10,-8],[1,-1],[1,-4],[-1,-4],[-4,-5],[-16,-11],[-19,-8],[-38,-14],[-28,-14],[-38,-8],[-9,-4],[-24,-15],[-166,-54],[-142,-56],[-16,-9],[-25,-22],[-13,-6],[-17,6],[0,-3]],[[8383,6093],[-2,1],[-1,6],[2,15],[0,4],[0,3],[-3,3],[-7,7],[-3,3],[-7,9],[-23,18],[-5,6],[-2,5],[-1,3],[-9,12],[-8,7],[-9,15],[-5,5],[-5,3],[-7,3],[-26,7],[-4,2],[-5,3],[-6,6],[-2,4],[-2,5],[-1,7],[1,20],[2,4],[2,3],[2,2],[3,3],[4,1],[10,3],[10,2],[14,2],[6,1],[5,2],[3,2],[2,3],[0,4],[1,8],[-1,8],[-2,4],[0,2],[-3,13],[-5,13],[-4,6],[-5,5],[-11,10],[-3,2],[-1,3],[-6,17],[-4,8],[-2,2],[-10,9],[-7,12],[-5,6],[-11,10],[-11,9],[-5,5],[-3,7],[-9,10],[-12,22],[-1,3],[0,4],[2,7],[0,4],[-1,7],[1,4],[1,3],[10,11],[2,3],[1,4],[1,7],[-1,3],[-1,4],[-18,29],[-21,21],[-19,15],[-5,5],[-2,4],[-1,3],[0,4],[2,7],[1,4],[0,3],[-1,3],[-2,3],[-5,4],[-16,11],[-3,4],[-1,4],[1,3],[-2,4],[-3,4],[-8,5],[-4,4],[-2,4],[-4,13],[-2,3],[-2,3],[-19,17],[-6,9],[-5,5],[-7,4],[-50,21],[-3,2],[-3,2],[-12,6],[-4,2],[-3,2],[-4,6],[-4,10],[-2,2],[-6,3],[-9,3],[-46,7],[-43,12],[-13,5],[-7,4],[-2,3],[-3,10],[-5,9],[-2,3],[-6,4],[-4,2],[-8,4],[-7,1],[-23,3],[-10,2],[-14,7],[-16,6],[-4,3],[-2,3],[-3,6],[-3,3],[-5,3],[-9,3],[-9,3],[-1,1],[-3,3],[-6,4],[-11,5],[-7,4],[-3,1],[-29,10],[-5,1],[-7,-1],[-21,-4],[-11,-1],[-6,0],[-50,5],[-10,2],[-15,5],[-13,5],[-13,9],[-5,6],[-9,11],[-2,2],[-4,3],[-14,5],[-3,3],[0,3],[1,4],[1,3],[-2,3],[-4,3],[-16,5],[-11,5],[-12,3],[-10,2],[-13,6],[-10,4],[-47,12],[-13,4],[-8,4],[-2,3],[-2,3],[-3,2],[-11,6],[-3,2],[-5,5],[-5,2],[-6,2],[-34,0],[-11,-3],[-5,0],[-7,1],[-8,2],[-5,3],[-4,2],[-7,5],[-13,12],[-3,3],[-5,2],[-7,1],[-14,-1],[-7,0],[-6,-2],[-8,-3],[-8,-3],[-5,-1],[-6,-1],[-14,-1],[-6,-1],[-4,-2],[-9,-6],[-4,-2],[-25,-10],[-10,-2],[-5,0],[-7,0],[-8,2],[-11,3],[-9,6],[-5,2],[-7,1],[-11,1],[-7,1],[-6,5],[-4,8],[-4,2],[-8,3],[-16,4],[-7,3],[-5,3],[-2,2],[-10,11],[-4,2],[-6,2],[-15,6],[-8,1],[-12,0],[-6,-1],[-5,-1],[-13,-7],[-6,-4],[-19,-19],[-6,-5],[-3,-2],[-4,-1],[-5,-2],[-5,-1],[-17,-1],[-4,-1],[-22,-8],[-4,-1],[-5,1],[-6,4],[-3,4],[-5,6],[-3,2],[-31,9],[-7,4],[-4,3],[-19,33],[-5,6],[-6,4],[-3,2],[-2,3],[-3,7],[-1,3],[-3,3],[-5,4],[-13,9],[-14,8],[-16,8],[-6,4],[-470,5]],[[2880,3267],[-5,-13],[-5,-6],[-4,-6],[-28,-21],[-15,-15],[-6,-5],[-7,-5],[-14,-8],[-20,-13],[-7,-8],[-3,-2],[-5,-6],[-2,-3],[-1,-3],[-1,-4],[0,-3],[1,-4],[12,-32],[2,-7],[-1,-5],[-3,-6],[-2,-7],[0,-7],[1,-5],[4,-4],[96,-73],[64,-31],[2,-2],[1,-3],[0,-15],[2,-9],[4,-10],[30,-28],[1,-6],[1,-5],[-3,-15],[-15,-40],[1,-4],[4,-15],[1,-11],[-1,-11],[1,-8],[10,-24],[2,-12],[0,-4],[-2,-3],[-3,-2],[-5,-2],[-27,-5],[-9,-4],[-3,-2],[-2,-2],[-2,-4],[-2,-22],[0,-4],[-10,-18],[-9,-35],[0,-4],[0,-4],[3,-8],[10,-14],[56,-53],[6,-4],[5,-3],[13,-5],[4,-2],[6,-5],[11,-10],[8,-8],[18,-15],[17,-11],[28,-11],[6,-2],[8,-3],[23,-12],[17,-6],[7,-4],[7,-5],[5,-5],[6,-5],[4,-2],[21,-8],[7,-4],[13,-10],[15,-16],[33,-28],[6,-12],[3,-11],[-1,-11],[2,-4],[6,-4],[5,-3],[5,-2],[4,-2],[9,-7],[4,-2],[8,-3],[11,-8],[10,-8],[7,-3],[7,-2],[5,-1],[5,-2],[11,-7],[5,-3],[6,-4],[6,-5],[21,-24],[3,-2],[3,-2],[7,-5],[2,-3],[1,-4],[0,-9],[2,-5],[3,-6],[12,-13],[4,-5],[1,-8],[0,-17],[2,-4],[3,-4],[8,-5],[6,-3],[10,-4],[4,-2],[2,-2],[-1,-4],[-3,-3],[-4,-2],[-28,-5],[-10,0],[-5,-1],[-4,-1],[-2,-3],[-1,-4],[1,-3],[1,-5],[3,-4],[10,-11],[1,-5],[0,-3],[1,-4],[2,-3],[10,-5],[4,-3],[3,-5],[3,-8],[2,-5],[5,-4],[1,-1],[2,0],[5,-1],[5,-1],[12,0],[7,-2],[6,-4],[13,-15],[2,-4],[-3,-4],[-3,-3],[-4,-2],[-2,-3],[0,-3],[2,-4],[6,-4],[3,-4],[-2,-4],[-3,-3],[-4,-2],[-5,-1],[-4,-2],[-3,-3],[-1,-3],[-5,-5],[-3,-3],[-3,-2],[-16,-8],[-2,-2],[-2,-3],[0,-4],[3,-2],[6,-1],[5,0],[6,1],[9,3],[5,1],[5,1],[5,-1],[4,-3],[14,-16],[2,-5],[0,-4],[-3,-3],[-7,-5],[-2,-2],[-1,-7],[-1,-3],[-11,-10],[-2,-3],[-1,-15],[-2,-11],[0,-10],[-3,-6],[-1,-5],[1,-6],[4,-11],[0,-6],[-2,-4],[-1,-3],[-1,-4],[6,-41],[-2,-12],[1,-6],[-1,-4],[-2,-2],[-1,-1],[-1,-1],[-7,-9],[-3,-6],[0,-4],[0,-4],[7,-17],[1,-5],[0,-6],[1,-1],[2,0],[6,4],[7,2],[6,0],[6,-1],[5,-1],[9,-2],[5,-1],[5,-1],[9,1],[3,-1],[4,-131],[2,-9],[4,-10],[116,-119],[7,-5],[6,-2],[39,8],[40,5],[11,2],[10,3],[4,2],[8,3],[2,0],[1,1],[11,1],[6,1],[4,1],[13,5],[5,2],[7,0],[12,0],[5,1],[14,5],[6,1],[19,0],[6,1],[5,1],[24,7],[6,0],[5,0],[5,-2],[2,-2],[1,-3],[-7,-7],[-29,-17],[-7,-6],[-5,-7],[9,-9],[71,-43],[4,-4],[-5,-4],[-134,-41],[-12,-5],[-8,-5],[1,-7],[4,-9],[2,-8],[3,-9],[6,-6],[8,-7],[17,-2],[73,-1],[29,-7],[29,-30]],[[4012,1225],[-1,0],[-122,-31],[-25,-4],[-104,-26],[-53,-5],[-209,-46],[-193,-42],[-135,-43],[-113,-23],[-139,-45],[-38,-6],[0,4],[16,4],[15,6],[13,7],[8,8],[-12,-2],[-38,-11],[-9,-6],[-11,-5],[-23,-2],[-17,-4],[6,-12],[5,2],[14,3],[-14,-14],[-21,-8],[-48,-12],[-20,-8]],[[2744,904],[-2,27],[1,3],[4,10],[4,14],[0,3],[-3,12],[-1,3],[-4,6],[-8,9],[-5,3],[-7,3],[-13,4],[-16,3],[-67,5],[-4,0],[-3,6],[-1,5],[0,3],[1,2],[3,8],[1,4],[-5,18],[1,11],[-2,5],[-1,3],[-1,2],[1,3],[2,7],[-1,3],[-4,4],[-7,3],[-13,3],[-10,2],[-21,1],[-5,1],[-5,3],[-2,6],[-6,64],[1,3],[3,2],[3,2],[3,3],[3,2],[-1,4],[-3,6],[-9,11],[0,9],[1,9],[16,34],[-2,7],[-8,4],[-48,12],[-13,5],[-14,7],[-7,4],[-5,4],[-4,16],[-4,6],[-4,6],[-58,53],[-36,25],[-3,3],[-2,3],[-2,4],[-4,60],[1,9],[-1,3],[-2,3],[-3,3],[-6,3],[-5,1],[-24,5],[-11,4],[-4,2],[-5,1],[-6,1],[-7,0],[-19,-2],[-23,-5],[-6,-1],[-6,0],[-9,0],[-9,1],[-14,4],[-27,10],[-28,6],[-5,3],[-51,33],[-7,4],[-9,4],[-15,3],[-110,10],[-23,7],[-8,1],[-30,3],[-17,4],[-4,1],[-12,5],[-55,5],[-23,4],[-8,1],[-7,0],[-7,0],[-118,-34],[-15,-6]],[[1610,1576],[-53,69],[-6,26],[-6,96],[-1,10],[-5,10],[-11,8],[-61,27],[-18,10],[-13,12],[-38,54],[-36,76],[-19,22],[-90,58],[-18,22],[-5,25],[19,140],[-5,18],[-65,121],[-39,72],[-48,91],[-49,91],[-41,78],[9,10],[75,32],[61,27],[49,32],[49,34],[50,33],[49,33],[49,33],[49,33],[50,33],[49,34],[49,33],[50,33],[49,33],[49,33],[49,34],[50,33],[49,33],[49,33],[50,33],[45,31],[34,23],[36,-14],[-1,2]],[[4801,5574],[12,-5],[10,-6],[32,-24],[12,-4],[6,-6],[16,-9],[4,-5],[5,-1],[6,-9],[6,-22],[4,-10],[8,-7],[35,-12],[11,-6],[8,-7],[11,-17],[8,-7],[11,-4],[12,-3],[11,-5],[29,-17],[13,-4],[12,0],[24,4],[9,1],[14,-2],[22,-9],[30,-4],[19,-7],[34,-18],[47,-13],[18,-10],[-10,-12],[25,-16],[7,-5],[14,-17],[6,-4],[-2,-16],[19,-12],[57,-18],[41,-9],[10,-4],[12,-11],[10,-6],[21,-6],[13,-10],[10,-11],[8,-14],[5,-15],[5,-8],[6,-3],[1,-5],[13,-23],[6,-7],[4,-7],[-1,-28],[4,-9],[5,-6],[-2,-4],[-17,-2],[-18,-8],[-3,-19],[4,-20],[7,-12],[-18,-5],[4,-6],[17,-2],[23,5],[17,-15],[17,-11],[1,-4],[-17,-15],[-11,-7],[-12,-5],[-14,-2],[-1,0]],[[5566,4912],[0,2],[-9,2],[-9,0],[-5,-3],[-29,-19],[-45,-42],[-19,-9],[-31,-2],[5,12],[-3,7],[-10,0],[-11,-6],[-6,-9],[-3,-11],[-6,-11],[-11,-7],[-20,-3],[-12,6],[-8,7],[-12,3],[-9,-1],[-8,-3],[-6,-5],[-2,-6],[3,-6],[7,1],[8,3],[7,0],[-6,-10],[-136,-57],[-8,-6],[-14,-14],[-10,-5],[-12,2],[-13,-8],[-20,-23],[7,2],[5,1],[14,1],[0,-4],[-26,-9],[-25,-13],[-46,-28],[19,0],[-8,-9],[-42,-29],[-7,-3],[-10,-2],[-9,-2],[-3,-4],[-3,-6],[-5,-6],[-48,-40],[-96,-63],[-110,-54],[-90,-58],[-33,-9],[-24,-4],[-51,-33],[-28,-13],[-9,6],[-11,-4],[-25,-19],[-51,-21],[-30,7],[-8,5],[-7,9],[-5,18],[-4,8],[-7,4],[-8,3],[-40,22],[-45,10],[-10,4],[-37,35],[-8,5],[-14,4],[-7,10],[-3,11],[-6,8],[-9,4],[-15,4],[-16,3],[-14,2],[-15,-4],[-10,-17],[-11,-4],[0,-5],[14,1],[18,10],[16,2],[17,-1],[13,-4],[9,-7],[7,-19],[8,-9],[50,-45],[5,-3],[10,-2],[17,-2],[8,-2],[6,-5],[8,-9],[22,-16],[4,-5],[-4,-16],[-15,-17],[-21,-11],[-24,2],[2,-11],[9,0],[11,5],[10,2],[17,-3],[3,-5],[-7,-17],[0,-10],[7,-20],[0,-8],[-1,-5],[-2,-3],[-2,-3],[-5,-4],[-5,-5],[2,-6],[4,-5],[2,-4],[-1,-14],[1,-6],[3,-4],[8,-9],[3,-9],[4,-9],[1,-6],[-2,-5],[-8,-6],[-2,-4],[-8,-7],[-18,3],[-29,11],[-16,-3],[-13,-3],[-11,0],[-8,10],[1,-5],[0,-4],[-1,-4],[15,-10],[68,-23],[0,-4],[-8,-5],[-7,-7],[-6,-9],[-10,-20],[-4,-7],[-20,-13],[-5,-9],[22,-9],[-4,-7],[-15,-6],[-12,-3],[-12,1],[-16,6],[3,-8],[6,-9],[6,-8],[8,-6],[12,-6],[20,-2],[10,-3],[3,-4],[4,-9],[1,-10],[-5,-8],[-37,-20],[-5,-7],[33,10],[20,3],[15,-3],[2,-16],[7,-6],[14,7],[8,-13],[13,-5],[16,-4],[17,-9],[10,-7],[7,-8],[4,-10],[2,-13],[5,-5],[27,12],[12,-5],[-1,-9],[-12,-6],[-11,-7],[4,-11],[6,5],[7,4],[10,2],[11,1],[45,-2],[4,-5],[31,-16],[4,-5],[0,-9],[-1,-16],[10,3],[8,0],[6,-4],[2,-8],[-3,-4],[-13,-8],[-3,-7],[5,-10],[29,-17],[11,-8],[-6,-8],[-5,-8],[-3,-8],[1,-10],[26,14],[13,2],[19,-7],[6,-4],[2,-1],[1,-2],[4,-6],[-1,-4]],[[4606,3604],[-5,0],[-17,-1],[-19,-9],[-13,-2],[-73,-7],[-96,-25],[-10,-3],[-5,-5],[-6,-5],[-51,-21],[-15,-15],[-20,-13],[-30,-3],[-10,3],[-41,20],[-8,0],[-10,-1],[-11,-1],[-16,-3],[-45,-22],[-110,-20],[-26,-13],[-41,-40],[-27,-21],[-29,-11],[-17,0],[-15,4],[-28,15],[-23,6],[-19,-6],[-26,-19],[-22,-7],[-16,2],[-12,6],[-11,4],[-108,-6]],[[8383,6093],[0,-10],[-11,-8],[-16,-5],[-19,-4],[17,-3],[14,2],[8,0],[0,-11],[-5,-11],[-11,-10],[-14,-8],[-15,-5],[-33,-2],[-33,1],[-31,-2],[-55,-23],[-35,-7],[-148,-8],[-14,3],[-22,15],[-16,2],[21,-17],[-17,-13],[-35,-8],[-32,-4],[4,12],[-44,-28],[-15,0],[-10,4],[-7,5],[-6,1],[-8,-4],[-3,-4],[0,-6],[4,-5],[-265,-66],[-13,-5],[-21,-16],[-13,-5],[-16,0],[-17,14],[-2,41],[-13,12],[6,-12],[-11,-3],[-12,0],[-12,3],[-10,4],[13,-13],[22,-14],[11,-14],[-20,-10],[18,-8],[-21,-10],[-61,-15],[-124,-17],[-51,-17],[-122,-52],[-9,-1],[2,8],[-23,-6],[-35,-19],[-38,-16],[-32,3],[-23,-16],[-121,-44],[-25,-16],[-15,-7],[-13,-2],[-10,5],[-16,-14],[-9,-5],[-13,-1],[-26,-1],[-9,-3],[-4,-9],[-10,-9],[-24,-10],[-28,-6],[-22,4],[-4,-22],[-27,-21],[-66,-36],[-68,-71],[-28,-17],[-1,5],[-6,12],[-6,-4],[-8,8],[-9,6],[-9,4],[-13,4],[-13,7],[-3,7],[0,9],[-3,9],[-20,14],[-27,5],[-24,-3],[-13,-16],[30,12],[21,-9],[13,-21],[7,-19],[5,-23],[7,-8],[31,-5],[11,-4],[11,-5],[12,-5],[-28,-34],[-13,-11],[-25,-15],[-8,-9],[-3,-11],[-7,-7],[-18,1],[-21,5],[-18,1],[-15,-6],[-9,-9],[-15,-19],[18,4],[27,13],[13,4],[-11,-13],[-65,-49],[-38,-20],[-88,-64],[-44,-25],[-31,-5],[-7,-24],[-6,-9],[-6,3],[-20,5],[3,-12],[4,-4],[-13,1],[-17,0],[-13,-2],[1,-5],[5,-8],[-4,-7],[-17,-13],[-37,-48],[-15,-14],[2,8],[-2,5],[-5,2],[-7,-2],[-4,-5],[-3,-14],[-8,-13],[7,-1],[9,2],[-1,5],[3,-1],[7,-2],[2,-1],[2,-2],[0,-6],[12,-14],[-8,-6],[-16,-3],[-12,-4],[-18,-5],[-21,5],[-21,6],[-18,4],[-21,13],[-33,40],[-1,-19],[21,-43],[5,-22],[-13,-19],[8,-2],[6,-3],[4,-4],[1,-6],[-3,-3],[-9,1],[-13,4],[-31,-3],[-27,-5],[-33,-2],[-14,8],[-5,35],[2,5],[4,6],[0,2]],[[4775,5936],[7,7],[5,8],[2,11],[-1,12],[-8,23],[1,10],[10,11],[5,8],[-6,5],[-30,11],[-5,3],[0,4],[5,3],[5,3],[3,3],[-2,23],[2,13],[24,12],[-5,15],[-19,24],[-3,12],[-3,41],[-3,3],[-23,15],[-2,1],[-8,3],[-3,1],[-4,3],[-5,6],[-4,3],[-6,2],[-21,5],[-8,1],[-11,2],[-5,6],[-4,6],[-15,15],[-16,27],[12,5],[66,28],[13,8],[5,11],[0,24],[3,9],[2,3],[22,16],[4,7],[-12,17],[-2,6],[7,28],[17,23],[21,16],[5,4],[66,37],[17,8],[22,3],[18,-1],[19,-3],[16,-7],[7,-10],[8,-4],[12,-4],[12,-1],[6,6],[3,10],[5,3],[22,2],[90,17],[10,0],[18,-2],[8,0],[10,3],[68,30],[15,10],[8,13],[1,10],[-5,19],[0,9],[6,16],[10,23],[9,87],[6,54],[9,77],[5,48]],[[4928,3098],[-19,-1],[-7,9],[-1,12],[11,46],[30,76],[11,12],[8,-1],[5,-9],[1,-15],[-5,-44],[-34,-85]],[[4606,3604],[-4,-4],[0,-3],[11,-2],[-6,-13],[-5,-6],[-8,-6],[-10,4],[-11,1],[-8,-3],[-3,-8],[3,-4],[6,-1],[7,0],[3,-1],[1,-4],[-1,-5],[0,-17],[-7,-9],[-12,-5],[-16,-2],[-7,2],[-7,4],[-8,1],[-7,-7],[-1,-9],[5,-4],[9,-2],[14,-6],[4,-1],[3,0],[4,-3],[0,-3],[-1,-4],[-3,-2],[-2,0],[2,-7],[-1,-5],[2,-5],[10,-4],[-6,-7],[7,-3],[10,-2],[8,-4],[3,-9],[-7,-3],[-11,-1],[-11,-4],[-10,-7],[4,-3],[10,-1],[9,-6],[3,-7],[-3,-26],[24,16],[28,72],[1,-11],[-7,-39],[-9,-18],[8,-53],[30,-47],[57,-60],[14,-10],[12,-4],[29,-42],[2,-26],[-4,-53],[9,-26],[28,-38],[4,-10],[4,-39],[10,-29],[8,-50],[-28,-157],[0,-26],[5,-15],[14,-7],[16,-4],[16,-5],[18,-21],[14,-9],[6,7],[-3,27],[7,9],[22,7],[-22,23],[-13,29],[0,30],[16,23],[-4,5],[1,5],[3,4],[6,3],[11,-18],[9,-4],[13,10],[-24,25],[-9,4],[5,7],[21,18],[0,3],[-1,4],[0,4],[4,1],[4,1],[6,2],[4,2],[2,1],[5,7],[9,3],[11,-1],[7,-2],[4,-6],[0,-7],[-4,-14],[20,-103],[7,10],[4,11],[3,34],[9,14],[2,11],[7,0],[-13,-76],[0,-12],[6,-40],[-2,-13],[-46,-95],[-4,-76],[30,-133],[16,-24],[9,8],[3,3],[1,6],[16,-5],[15,0],[8,4],[-7,5],[0,4],[19,-5],[-5,-18],[-34,-42],[-21,-18],[-36,-54],[-17,-18],[-7,-10],[-2,-12],[2,-13],[9,-23],[1,-12],[-6,-26],[-55,-99],[-15,-80],[0,-52],[-2,-13],[-6,-13],[-9,-5],[-9,12],[1,12],[4,10],[-4,8],[-23,4],[-16,-3],[3,-5],[11,-4],[5,-1],[6,-14],[1,-7],[-3,-12],[-8,-24],[-2,-12],[1,-20],[-1,-8],[-4,-6],[-7,-8],[-2,-7],[0,-3],[5,-12],[1,-7],[-2,-7],[-9,-12],[-2,-7],[8,1],[44,31],[-15,21],[-2,11],[10,10],[14,1],[13,-5],[25,-13],[18,-5],[11,0],[6,5],[7,43],[-4,7],[0,5],[38,-6],[10,-7],[5,-27],[2,-5],[6,-2],[2,-3],[-54,-105],[-2,-13],[2,-8],[9,-12],[1,-7],[-3,-6],[-6,-4],[-7,-3],[-3,-3],[-5,-12],[-11,-12],[-146,-127],[-106,-69],[-3,-7],[0,-7],[-2,-7],[-5,-5],[-70,-41],[-276,-87],[-154,-44],[-156,-23],[-2,-1]],[[2596,519],[-10,-17],[-3,-4],[-8,-6],[-3,0],[-3,2],[-11,4],[-3,3],[-1,4],[-3,3],[-13,-2],[1,-2],[-7,-14],[-11,17],[22,17],[34,13],[26,7],[0,-7],[-7,-18]],[[2744,904],[-244,-101],[-26,-18],[-50,-41],[-21,-25],[-17,-39],[-13,-13],[7,-31],[-5,-5],[1,4],[-2,4],[-4,5],[-6,0],[-6,-5],[-9,-3],[-7,-4],[-4,-6],[-1,-9],[-2,-8],[-4,-8],[-6,-7],[-26,-15]],[[2299,579],[-27,15],[-73,13],[-24,-33],[-10,-19]],[[2165,555],[-15,-3],[-14,-6],[-8,-12],[4,-11],[10,-7],[9,3],[0,3],[0,20],[7,2],[14,-1],[14,-3],[8,-2],[5,-5],[6,-10],[5,-4],[9,-3],[20,-5],[10,-5],[7,-6],[8,-14],[7,-7],[8,-5],[7,-3],[5,-3],[6,-19],[17,-26],[6,-13],[16,9],[24,-3],[23,-8],[14,-6],[20,-15],[12,-14],[14,-12],[18,-9],[11,-3],[9,2],[11,4],[14,0],[-8,20],[-2,16],[5,16],[11,20],[9,28],[8,7],[11,5],[37,10],[1,-17],[-25,-98],[-10,-169],[-13,-46],[-8,-14],[-3,-7],[6,-25],[-6,-49],[-2,-6],[-11,-17],[2,-6],[8,-9],[3,-5],[-145,-3],[-132,-2],[-122,-2],[-109,-2],[-53,5],[-69,7],[-27,0],[-48,-3],[-27,3],[3,158],[-10,50],[-44,52],[-7,17],[-12,63],[5,18],[31,48],[3,16],[-6,21],[-12,23],[-5,22],[13,19],[-63,9],[-27,9],[-24,13],[-37,71],[-4,18],[6,17],[40,61],[7,7],[12,7],[9,3],[7,4],[3,8],[0,14],[-8,38],[-6,13],[-10,12],[-3,19],[1,20],[4,16],[16,30],[-2,132],[0,97],[-1,73],[-1,103],[-1,85],[8,42],[-5,47],[-24,47],[-33,42]],[[2299,579],[-18,-10],[-7,-6],[-5,-4],[-25,-12],[-8,-3],[-12,-1],[-8,2],[-19,7],[-16,3],[-16,0]]],"transform":{"scale":[0.001063521065006502,0.0016392902723272277],"translate":[30.21384525500008,-26.860271503999883]},"bbox":[30.21384525500008,-26.860271503999883,40.847992384000094,-10.469008070999934]}