{"type":"Topology","objects":{"subunits":{"type":"GeometryCollection","geometries":[{"type":"Polygon","id":"Agaléga","arcs":[[0]]},{"type":"Polygon","id":"Beau Bassin-Rose Hill","arcs":[[1,2,3]]},{"type":"MultiPolygon","id":"Cargados Carajos Shoals","arcs":[[[4]],[[5]],[[6]],[[7]]]},{"type":"Polygon","id":"Curepipe","arcs":[[8,9]]},{"type":"Polygon","id":"Flacq","arcs":[[10,11,12,13,14]]},{"type":"Polygon","id":"Grand Port","arcs":[[15,16,17,18,-11]]},{"type":"Polygon","id":"Moka","arcs":[[19,-12,-19,20,21]]},{"type":"Polygon","id":"Pamplemousses","arcs":[[-13,-20,22,23,24,25]]},{"type":"Polygon","id":"Plaines Wilhems","arcs":[[-21,-18,26,27,28,-10,29,30,-4,31,32]]},{"type":"Polygon","id":"Port Louis","arcs":[[-22,-33,33,34,-23]]},{"type":"Polygon","id":"Port Louis city","arcs":[[-35,35,36,-24]]},{"type":"Polygon","id":"Quatre Bornes","arcs":[[37,38,-2,-31]]},{"type":"Polygon","id":"Rivière du Rempart","arcs":[[-14,-26,39]]},{"type":"Polygon","id":"Rivière Noire","arcs":[[-34,-32,-3,-39,40,-28,41,42,-36]]},{"type":"Polygon","id":"Rodrigues","arcs":[[43]]},{"type":"Polygon","id":"Savanne","arcs":[[-17,44,-42,-27]]},{"type":"Polygon","id":"Vacoas-Phoenix","arcs":[[-9,-29,-41,-38,-30]]}]}},"arcs":[[[0,9993],[2,3],[3,2],[5,1],[6,0],[11,-22],[37,-39],[1,-20],[-30,24],[-27,29],[-7,12],[-1,10]],[[1392,264],[-54,-8]],[[1338,256],[-1,13],[5,24]],[[1342,293],[34,-1],[16,-28]],[[4267,3627],[-9,-1],[7,4],[2,-3]],[[4285,3630],[-5,-1],[2,3],[3,-2]],[[4551,3842],[1,0],[0,-2],[-2,0],[-1,0],[-1,2],[3,0]],[[4435,4014],[-3,-1],[-1,3],[4,0],[0,-2]],[[1376,192],[65,25]],[[1441,217],[31,-18],[6,-12],[-73,-20],[-29,25]],[[1799,209],[-31,2],[-42,-21],[-55,-4],[-29,-1]],[[1642,185],[15,37],[-71,38],[46,30],[-49,24],[-29,8],[1,4]],[[1555,326],[2,9],[25,10],[6,10]],[[1588,355],[147,58]],[[1735,413],[16,-9],[4,-6],[-4,-32],[11,-10],[15,-7],[13,-28],[28,-22],[6,-10],[-2,-24],[-8,-26],[-15,-30]],[[1799,209],[-3,-16],[8,-15],[-35,-7],[-40,-21],[-25,-23],[12,-16],[1,-7],[7,-8],[1,-5],[-5,-9],[-8,-2],[-9,0],[-8,-3],[-19,-22],[-11,-10],[-18,-8],[-59,-12]],[[1588,25],[-3,11],[-5,22],[-19,33],[-26,19],[-29,4],[-40,-1]],[[1466,113],[77,58]],[[1543,171],[49,-1],[33,6],[17,9]],[[1466,309],[14,-3],[24,7],[30,12],[21,1]],[[1543,171],[-31,13],[-14,17],[6,13],[-24,21],[-14,13],[-28,2],[-34,20],[-20,32],[-4,18]],[[1380,320],[27,7],[19,-6],[29,-9],[11,-3]],[[1466,309],[6,26],[-4,40],[-11,13],[-26,-5],[-32,4]],[[1399,387],[-8,0]],[[1391,387],[1,19],[22,26],[17,35],[9,10],[7,6],[39,21],[10,3],[19,1]],[[1515,508],[43,-34],[3,-13],[-9,-13],[42,-28],[-23,-18],[17,-47]],[[1466,113],[-15,-2],[-13,6],[-21,2],[-3,-8],[-10,-20],[-23,2]],[[1381,93],[2,14],[-14,6],[-28,4],[-12,10],[14,8],[-10,16],[-7,20],[9,6],[20,0],[6,6],[-3,2]],[[1358,185],[18,7]],[[1441,217],[-25,19]],[[1416,236],[-24,28]],[[1342,293],[3,15],[13,14]],[[1358,322],[22,-2]],[[1358,322],[-8,21]],[[1350,343],[18,2],[19,-3],[15,-3],[12,5],[4,9],[14,9],[-4,13],[-10,1],[-10,-5],[-9,7],[0,9]],[[1350,343],[-2,6]],[[1348,349],[14,4],[25,16],[4,18]],[[1416,236],[-75,-14]],[[1341,222],[-3,34]],[[1515,508],[8,3],[7,7],[8,7],[16,3],[22,-3],[65,-12],[17,-5],[7,-11],[-8,-17],[6,-10],[10,-9],[11,-16],[12,-14],[4,-12],[7,-6],[6,-1],[17,2],[5,-1]],[[1341,222],[2,-13],[4,-17],[11,-7]],[[1381,93],[-17,6],[-31,-6],[-29,-8],[-34,-17],[-26,-5],[0,-20],[16,-9],[-5,-15]],[[1255,19],[-30,-9],[-82,48],[-19,14],[-6,13],[23,6],[35,-5],[20,2],[9,13],[7,27],[-2,11],[-15,5],[11,24],[2,54],[6,30],[10,17],[33,42],[12,8],[3,3],[31,17],[14,4],[31,6]],[[9974,824],[25,-4],[-6,-20],[-29,-21],[-44,-10],[-32,-3],[-23,-8],[-21,-11],[-28,-11],[-41,28],[-8,2],[4,18],[12,8],[17,5],[49,20],[46,10],[47,4],[32,-7]],[[1588,25],[-61,-13],[-122,-12],[-43,2],[-67,14],[-40,3]]],"transform":{"scale":[0.0006970423604360385,0.0010194460202020202],"translate":[56.524180535000085,-20.517347914999917]},"bbox":[56.524180535000085,-20.517347914999917,63.49390709700003,-10.323907158999916]}