{"type":"Topology","objects":{"subunits":{"type":"GeometryCollection","geometries":[{"type":"Polygon","id":"Chitipa","arcs":[[0,1,2]]},{"type":"Polygon","id":"Chitipa","arcs":[[-2,3,4]]},{"type":"Polygon","id":"Kasungu","arcs":[[5,6,7,8,9,10,11]]},{"type":"Polygon","id":"Mzimba","arcs":[[12,13,-12,14,15]]},{"type":"Polygon","id":"Nkhata Bay","arcs":[[16,17,-13,18]]},{"type":"Polygon","id":"Nkhotakota","arcs":[[19,20,21,-6,-14,-18]]},{"type":"Polygon","id":"Rumphi","arcs":[[22,-19,-16,23,-4,-1]]},{"type":"Polygon","id":"Machinga","arcs":[[24,25,26,27]]},{"type":"Polygon","id":"Dedza","arcs":[[28,29,30,31,32]]},{"type":"Polygon","id":"Dowa","arcs":[[33,34,-8,35]]},{"type":"Polygon","id":"Lilongwe","arcs":[[36,-32,37,38,-9,-35]]},{"type":"Polygon","id":"Mangochi","arcs":[[-27,39,40,-29,41,42]]},{"type":"Polygon","id":"Mchinji","arcs":[[-39,43,-10]]},{"type":"Polygon","id":"Ntcheu","arcs":[[44,45,46,-30,-41]]},{"type":"Polygon","id":"Ntchisi","arcs":[[47,-36,-7,-22]]},{"type":"Polygon","id":"Salima","arcs":[[-42,-33,-37,-34,-48,-21,48]]},{"type":"Polygon","id":"Balaka","arcs":[[-26,49,50,-45,-40]]},{"type":"Polygon","id":"Chikwawa","arcs":[[51,52,53,54,55]]},{"type":"Polygon","id":"Chiradzulu","arcs":[[56,57,58,59]]},{"type":"Polygon","id":"Thyolo","arcs":[[60,61,62,-53,63,-58]]},{"type":"Polygon","id":"Nsanje","arcs":[[64,-54,-63]]},{"type":"Polygon","id":"Zomba","arcs":[[65,66,67,-60,68,69,-50,-25]]},{"type":"Polygon","id":"Blantyre","arcs":[[-59,-64,-52,70,71,-69]]},{"type":"Polygon","id":"Mwanza","arcs":[[-71,-56,72,73]]},{"type":"Polygon","id":"Mulanje","arcs":[[74,-61,-57,-68,75]]},{"type":"Polygon","id":"Phalombe","arcs":[[-76,-67,76]]},{"type":"MultiPolygon","id":"Likoma","arcs":[[[77]],[[78]]]},{"type":"Polygon","id":"Neno","arcs":[[-51,-70,-72,-74,79,-46]]}]}},"arcs":[[[6039,8450],[-13,-1],[-1333,-2],[-41,2],[-67,9],[-28,1],[-30,-3],[-38,-6],[-21,0],[-66,17],[-437,151]],[[3965,8618],[-704,454],[-35,30],[-24,12],[-22,3],[-111,-4],[-70,0],[-29,4],[-39,9],[-105,37],[-25,6],[-12,1],[-42,2],[-33,3],[-33,7],[-23,10],[-25,15],[-16,8],[-20,6],[-23,5],[-37,11],[-14,9],[-6,11],[2,16],[5,4],[13,4],[79,10],[149,39],[16,6],[18,11],[11,5],[40,3],[24,3],[42,15],[20,11],[21,13],[28,25],[11,7],[32,10],[39,17],[20,7],[19,5],[23,3],[52,4],[12,7],[2,14],[-20,22],[-7,13],[-4,25],[-13,12],[-21,15],[-9,11],[-2,10],[9,22],[2,14],[-13,11],[-13,6],[-59,46]],[[3045,9703],[1,0],[79,4],[81,19],[99,11],[85,-21],[78,-33],[80,-22],[73,-12],[87,-22],[74,-26],[34,-25],[36,-11],[51,23],[0,8],[45,13],[26,13],[11,17],[2,23],[22,39],[5,23],[-57,57],[46,33],[73,25],[37,17],[50,19],[107,-16],[96,-26],[4,-1],[29,-15],[43,-10],[105,-52],[23,-6],[53,-24],[90,-17],[300,-131],[92,-14],[19,-17],[8,-23],[15,-24],[18,-11],[69,-29],[14,-3],[55,-22],[4,-6],[308,-157],[35,-27],[93,-54],[36,-44],[4,-14],[-6,-15],[-28,-25],[-6,-13],[23,-44],[103,-95],[29,-69],[26,-28],[7,-16],[-1,-14],[-63,-140],[14,-28],[59,-41],[13,-24],[-6,-12],[-29,-29],[-6,-17],[2,-7],[3,-10],[14,-18],[20,-17],[25,-14],[26,-5],[27,0],[10,-1]],[[3965,8618],[-760,-141],[-87,-15]],[[3118,8462],[-1,5],[-3,13],[-22,23],[0,34],[-84,4],[-48,23],[-60,58],[-24,11],[-86,32],[-26,15],[-81,79],[-11,31],[19,72],[-7,41],[-44,21],[-61,18],[-58,31],[-80,11],[-56,19],[-50,23],[-65,23],[-252,46],[-41,24],[2,33],[16,33],[58,61],[92,58],[22,28],[-20,36],[-49,50],[-20,10],[-114,18],[-37,8],[-37,14],[-27,15],[-45,35],[-33,15],[-78,20],[-29,18],[-8,19],[10,13],[16,10],[8,14],[-4,19],[-14,18],[-44,32],[-62,18],[-166,4],[-72,14],[-18,-34],[-10,-38],[-27,-23],[-68,10],[-17,12],[-7,16],[-12,13],[-34,7],[-42,-4],[-34,-10],[-34,-6],[-41,5],[-37,35],[54,93],[-1,35],[-27,6],[-45,17],[-21,5],[-36,0],[-20,-7],[-19,-2],[-30,10],[-15,17],[-6,76],[47,21],[59,12],[60,1],[54,-13],[154,-64],[190,-61],[28,-4],[83,-8],[91,-15],[11,-2],[28,4],[43,14],[20,4],[43,0],[64,-8],[37,-1],[27,3],[49,14],[27,2],[55,-8],[174,-51],[57,-22],[53,-48],[37,-24],[47,-14],[60,-8],[128,-4],[96,10],[73,18],[75,13],[104,-5],[94,-12],[82,-6]],[[3615,5707],[-42,-102],[-3,-40],[9,-13],[13,-14],[16,-7],[21,-3],[27,-1],[174,9],[25,0],[28,-2],[29,-4],[38,-9],[27,-14],[32,-22],[102,-49],[16,-17],[3,-7],[-5,-4],[-31,-6],[-121,-41],[-10,-5],[-13,-9],[-23,-23],[-8,-5],[-39,-16]],[[3880,5303],[-224,-45],[-24,-8],[-30,-13],[-6,-10],[-16,-14],[-20,-7],[-29,-7],[-46,-7],[-41,-14],[-19,-9],[-39,-29],[-62,-30],[-34,-11],[-30,-7],[-22,-4],[-11,-6],[-7,-10],[-11,-5],[-15,-3],[-52,-4],[-52,-8],[-46,-11],[-49,-8],[-47,-2]],[[2948,5031],[-48,-20],[-27,-28],[-12,-9],[-12,-7],[-28,-8],[-44,-10],[-14,-5],[-34,-26],[-25,-7],[-22,-14],[-20,-5],[-19,-3],[-19,0],[-18,2],[-15,2],[-10,1],[-10,3],[-23,8],[-10,4],[-15,4],[-17,3],[-28,0],[-15,-4],[-8,-6],[0,-7],[5,-6],[7,-6],[17,-11],[7,-6],[5,-6],[1,-7],[-3,-8],[-24,-29],[-11,-8],[-38,-25],[-22,-29],[-57,-45]],[[2342,4713],[-26,-14],[-17,-3],[-29,-3],[-20,-5],[-27,-28],[-4,-9],[6,-7],[8,-5],[6,-9],[1,-12],[-6,-21],[-9,-11],[-12,-7],[-91,-31],[-55,-26]],[[2067,4522],[-124,58],[-85,20],[-32,12],[-43,21],[-110,42],[-37,19],[-27,22],[-33,36],[-51,43],[-15,17],[-3,15],[14,27],[-1,13],[-15,19],[-18,9],[-18,4],[-679,-18],[-43,-2]],[[747,4879],[44,73],[56,51],[77,39],[93,12],[16,18],[-9,14],[-50,30],[-24,22],[-13,22],[-3,22],[48,143],[84,78],[15,36],[-27,32],[-75,28],[-84,22],[-20,14],[-18,94],[11,23],[41,35],[112,68],[94,77],[33,17],[44,16],[25,5],[21,-2],[17,-7],[13,-10],[21,-9],[27,5],[28,10],[25,6],[49,5],[23,1],[29,-3],[22,-9],[37,-28],[13,-7],[31,1],[15,6],[10,9],[19,7],[15,5],[14,4],[19,5],[31,4],[43,12],[51,45],[36,16],[25,5],[82,5],[38,-1],[30,-6],[26,-7],[25,-3],[68,6],[70,18],[64,27],[48,29],[35,13],[94,16],[27,15],[2,32],[14,10],[47,3],[23,21],[80,20]],[[2624,6139],[46,-4],[138,-12],[20,-7],[17,-9],[-2,-8],[-4,-7],[-8,-7],[-9,-5],[-31,-14],[-9,-5],[-8,-6],[-6,-7],[-8,-16],[2,-69],[5,-14],[7,-9],[40,-20],[22,-16],[7,-11],[1,-9],[-6,-6],[-10,-5],[-12,-4],[-13,-10],[-9,-16],[-2,-37],[11,-14],[14,-6],[37,2],[20,-1],[20,-1],[17,-3],[13,-3],[20,-10],[54,-32],[34,-16],[16,-6],[16,-4],[15,-3],[35,-4],[41,-3],[42,-1],[19,0],[17,2],[32,4],[13,3],[25,7],[11,5],[12,3],[15,2],[36,0],[15,2],[23,-3],[26,-6],[67,-24],[19,-5],[14,0],[12,3],[11,4],[25,6],[26,3]],[[4298,7812],[-32,-92],[-75,-103],[-5,-23],[8,-15],[46,-11],[21,-6],[17,-10],[71,-117],[13,-7],[42,-20],[37,-48],[-2,-22],[-13,-11],[-27,-5],[-56,-6],[-43,-9],[-12,-2],[-15,2],[-32,6],[-18,2],[-15,1],[-48,-1],[-32,-9],[-30,-16],[-35,-35],[-24,-18],[-25,-14],[-26,-6],[-29,-4],[-25,0],[-22,1],[-122,14],[-17,1],[-24,0],[-24,-3],[-24,-6],[-66,-26],[-19,-5],[-18,-3],[-30,-8],[-34,-11],[-45,-21],[-22,-14],[-15,-15],[-35,-70],[-8,-27],[-1,-15],[3,-14],[6,-13],[14,-13],[18,-11],[37,-12],[9,-4],[8,-6],[4,-9],[7,-8],[13,-8],[43,-15],[12,-11],[0,-22],[-20,-23],[-13,-26],[-28,-18],[-7,-11],[-2,-13],[18,-30],[6,-19],[-1,-26],[4,-18],[12,-16],[13,-12],[8,-15],[-11,-12],[-64,-35],[-23,-10],[-31,-7],[-34,-3],[-33,-1],[-32,-5],[-29,-8],[-30,-15],[-31,-21],[-8,-12],[4,-11],[19,-7],[24,-5],[52,-7],[18,-5],[15,-7],[13,-10],[17,-7],[21,-5],[25,-3],[185,1]],[[3639,6437],[-200,-68],[-53,-36],[-1,-11],[12,-36],[13,-15],[25,-11],[35,-6],[98,-3],[44,-11],[41,-17],[46,-39],[31,-19],[58,-27],[9,-19],[7,-29],[15,-19],[21,-15],[24,-13],[27,-13],[30,-6],[81,1],[40,-3],[112,-23],[36,-5],[39,-4],[38,-2],[38,2],[71,7],[29,0],[31,-6],[10,-6],[2,-5],[-4,-3],[-6,-3],[-46,-18],[-27,-12],[-22,-29],[-10,-10],[-16,-7],[-17,-4],[-57,-3],[-66,-6],[-27,-4],[-26,-6],[-48,-17],[-33,-8],[-103,-15],[-90,-6],[-25,-4],[-22,-6],[-18,-7],[-17,-8],[-83,-58],[-70,-39]],[[2624,6139],[13,4],[28,20],[-5,27],[-35,5],[-52,0],[-120,17],[-228,-28],[-108,15],[-60,38],[-54,90],[-39,42],[-36,18],[-86,34],[-24,21],[-4,44],[11,42],[121,118],[29,66],[18,21],[10,20],[-12,18],[-34,28],[-1,21],[41,49],[11,47],[-28,165],[-8,44],[-18,21],[-41,20],[-51,3],[-54,-2],[-51,0],[-52,8],[-10,10],[45,40],[20,24],[4,16],[-15,109],[29,19],[79,-27],[26,18],[1,16],[-7,17],[6,18],[14,7],[47,8],[17,6],[4,8],[-11,15],[5,8],[217,137],[42,37],[27,38],[-99,72],[-69,28],[-57,32],[-44,36],[-30,39],[-10,38]],[[1936,7944],[59,-10],[143,-24],[113,-8],[104,-1],[26,-5],[17,-8],[12,-22],[9,-23],[-1,-12],[-6,-13],[-10,-9],[-10,-11],[-3,-11],[11,-13],[24,-3],[28,4],[62,18],[54,19],[47,20],[17,10],[39,27],[17,9],[22,7],[41,3],[32,-4],[30,-9],[32,-13],[32,-10],[42,-9],[37,-3],[34,0],[117,7],[27,-2],[19,-5],[25,-22],[16,-9],[29,-7],[28,-1],[24,1],[25,4],[21,6],[19,9],[10,10],[3,7],[-5,6],[-8,5],[-10,8],[-6,8],[6,8],[16,4],[113,12],[94,5],[291,-17],[44,2],[26,8],[21,56],[7,9],[11,6],[22,-3],[198,-65],[44,-21],[39,-23],[42,-34]],[[6030,7956],[-61,-33],[-16,-32],[14,-27],[41,-53],[9,-31],[23,-23],[147,-52],[16,-13],[10,-11],[15,-8],[55,-6],[25,-7],[19,-10],[8,-11],[10,-30],[27,-25],[40,-19],[49,-11],[0,-8],[-18,-5],[-27,-8],[-18,-4],[68,-53],[20,-9],[20,0],[39,15],[23,3],[26,-1],[133,-19],[74,-16],[58,-22],[23,-26],[14,-10],[57,-20],[27,-34],[29,-14],[29,-10],[13,-10],[7,-7],[14,-12],[16,-15],[7,-19],[0,-67],[5,-11],[-967,5],[-106,-11],[-30,-17],[0,-23],[21,-56],[-6,-52],[-23,-51],[-126,-127],[-235,-146],[-332,-206],[-65,-65],[-15,-58],[5,-7]],[[5221,6358],[-1,0],[-1008,0],[-226,22],[-125,23],[-42,11],[-66,24],[-30,4],[-27,1],[-57,-6]],[[4298,7812],[427,103],[124,41],[1166,0],[14,0],[1,0]],[[5221,6358],[76,-111],[182,-263],[170,-248],[41,-145],[50,-181],[43,-154],[36,-129],[-20,-109],[7,-105],[102,-94],[4,-3],[10,-4]],[[5922,4812],[-787,0],[-267,-63],[-127,-22],[-75,-6],[-37,-2],[-93,-18]],[[4536,4701],[-27,171],[-63,99],[3,20],[13,17],[12,11],[3,11],[-26,67],[-9,13],[-17,10],[-34,3],[-29,0],[-26,1],[-18,7],[-12,12],[-1,13],[6,11],[7,11],[5,10],[-7,7],[-15,0],[-130,-16],[-12,-3],[-7,-5],[-21,-33],[-11,-11],[-14,-7],[-22,-7],[-24,-2],[-23,3],[-29,8],[-20,8],[-17,9],[3,21],[-3,13],[-34,24],[-17,10],[-15,8],[-22,25],[-3,63]],[[6039,8450],[11,-1],[9,-15],[-3,-25],[9,-8],[66,-32],[29,-26],[3,-28],[-41,-27],[19,-12],[6,-6],[13,-7],[20,-6],[19,-9],[7,-17],[-37,-12],[-19,-11],[12,-33],[-40,-81],[0,-57],[-7,-14],[-56,-52],[-29,-15]],[[1936,7944],[-9,39],[-23,40],[-45,16],[-42,-2],[-39,0],[-24,7],[2,18],[28,23],[28,4],[33,-4],[37,0],[46,11],[58,37],[37,13],[42,6],[78,6],[43,7],[42,3],[102,-8],[48,-1],[40,8],[56,23],[47,3],[63,16],[34,23],[51,51],[150,70],[41,11],[39,8],[121,36],[48,18],[51,31],[-1,5]],[[9642,2481],[-1,0],[-795,6],[-8,-3],[-12,-3],[-7,-3],[-30,-11],[-32,-8],[-39,-7],[-66,-8],[-41,-2],[-34,0],[-57,7],[-158,26],[-61,6],[-36,-1],[-34,-5],[-20,-6],[-59,-24],[-31,-8],[-28,0],[-39,3],[-50,7],[-52,4],[-31,-2],[-25,-7],[-26,-11],[-37,-11],[-30,1],[-23,6],[-12,9],[-26,21]],[[7742,2457],[25,9],[24,22],[10,26],[45,49],[19,34],[54,45],[7,13],[4,20],[9,11],[19,16],[94,59],[46,13],[33,12],[20,28],[31,104],[-7,61],[-35,55],[-73,32],[-9,3]],[[8058,3069],[4,10],[-2,3],[-14,16],[-3,7],[-1,6],[2,8],[11,11],[16,11],[6,5],[5,14],[6,5],[9,2],[21,-1],[15,-2],[16,-3],[19,-6],[52,-19],[33,-15],[33,-22],[19,-6],[23,-4],[33,-3],[160,-22],[44,-4],[48,4],[45,9],[81,35],[46,10],[33,5],[30,7],[34,17],[13,17],[4,18],[-15,44],[1,8],[8,7],[47,21],[43,11],[66,11],[153,15],[75,4],[92,1],[69,10],[86,29],[1,0]],[[9525,3343],[112,-58],[150,-62],[36,-19],[18,-22],[31,-269],[21,-12],[40,-2],[66,0],[-116,-111],[-85,-81],[-149,-143],[-21,-32],[1,-30],[13,-21]],[[6395,3942],[38,-236],[-1,-54]],[[6432,3652],[-249,-62],[-232,-71],[-176,-30],[-48,-4],[-32,1],[-36,13],[-51,10],[-23,6],[-17,5],[-22,4],[-26,3],[-47,2],[-73,6],[-17,-1],[-14,-1],[-33,-10],[0,-1],[-38,-12]],[[5298,3510],[-26,15],[-87,19],[-27,-2],[-23,-6],[-22,-8],[-24,-6],[-24,-2],[-50,2],[-23,-1],[-305,-45],[-225,-2],[-99,-17],[-23,-13],[-35,-33],[-24,-6],[-325,17],[-90,0],[-85,-8],[-179,-45],[-88,-13],[-87,4],[-166,52],[-65,-9],[-47,-29],[-26,-37],[0,-45],[-10,-23],[-31,-9],[-54,7],[-36,13],[-27,18],[-18,21]],[[2947,3319],[53,11],[28,17],[31,8],[27,11],[69,43],[10,14],[9,56],[9,20],[16,19],[22,15],[28,12],[40,10],[213,42],[35,11],[37,15],[66,20],[37,4],[55,-2],[30,4],[74,12],[29,2],[29,0],[25,5],[25,11],[16,21],[14,60],[14,18],[24,13],[44,10],[118,6],[33,7],[37,13],[38,16],[35,20],[47,15],[48,19],[31,37],[19,15],[26,17],[46,20],[39,23],[44,18],[29,16],[84,65],[12,16],[14,12],[16,9],[37,8],[79,23],[56,22],[55,37]],[[4999,4235],[135,-78],[191,-75],[43,-21],[103,-76],[98,-59],[49,-21],[37,-9],[14,2],[16,5],[65,29],[19,6],[17,5],[13,3],[21,3],[575,-7]],[[4484,4682],[47,-95],[-1,-15],[-7,-21],[-16,-10],[-12,-9],[4,-4],[38,-10],[20,-6],[139,-56],[25,-8],[26,-7],[24,-2],[26,0],[30,2],[109,24],[21,3],[18,0],[21,-7],[9,-13],[0,-14],[-3,-12],[0,-8],[9,-11],[17,-7],[29,-6],[12,-6],[5,-5],[-4,-8],[-6,-7],[-8,-5],[-16,-5],[-15,-3],[-44,-6],[-30,-3],[-20,-3],[-12,-3],[-6,-3],[-3,-1],[-13,-6]],[[4897,4326],[-86,-19],[-31,0],[-112,5],[-40,-3],[-35,-6],[-37,-9],[-56,-10],[-64,-6],[-159,-7],[-46,10],[-27,10],[-16,10],[-10,5],[-25,9],[-38,10],[-20,3],[-62,7],[-91,15],[-75,7],[-48,1],[-41,0],[-149,-9],[-108,-1],[-56,7],[-36,13],[-14,16],[-11,31],[-20,28],[-6,12],[-3,13],[-8,11],[-16,3],[-28,-1],[-487,-56],[-182,1],[-144,30],[-31,19],[-11,18],[-6,18],[-51,95],[0,20],[19,46],[0,10],[-14,9],[-15,6],[-59,16]],[[2948,5031],[25,-46],[15,-5],[23,-8],[36,-8],[44,-13],[81,-34],[44,-25],[36,-27],[67,-71],[9,-17],[8,-58],[10,-23],[17,-10],[16,-5],[22,-1],[160,-1],[168,24],[35,3],[48,-1],[49,-4],[77,-12],[44,-3],[87,3],[48,-1],[176,-27],[31,-2],[25,0],[21,2],[86,15],[28,6]],[[4897,4326],[-7,-35],[-34,-14],[-85,-15],[-42,-12],[-20,-9],[-13,-9],[-2,-9],[5,-8],[16,-6],[26,-1],[33,5],[106,22],[25,3],[24,2],[38,0],[32,-5]],[[2947,3319],[-44,48],[-26,17],[-36,11],[-83,16],[-35,11],[-26,17],[-16,16],[-20,15],[-41,15],[-130,24],[-40,13],[-56,30],[-156,129],[-55,31],[-43,34]],[[2140,3746],[8,23],[-36,65],[-47,52],[-6,18],[5,16],[24,29],[6,20],[-21,40],[-1,11],[3,9],[11,10],[6,17],[-6,16],[-14,13],[-61,39],[-48,48],[-12,9],[-20,10],[-23,7],[-27,11],[-27,15],[-31,24],[-4,12],[5,8],[20,10],[8,8],[7,11],[4,32],[5,10],[8,6],[19,11],[10,7],[9,8],[5,15],[-2,10],[-7,10],[0,7],[6,6],[8,6],[42,19],[7,6],[10,15],[14,13],[19,10],[11,5],[20,11],[20,18]],[[8058,3069],[-849,0],[-30,0]],[[7179,3069],[-104,31],[-94,17],[-40,16],[-358,194],[-86,104],[-44,90],[-21,131]],[[6395,3942],[394,725]],[[6789,4667],[94,-24],[315,-118],[271,-101],[268,-130],[332,-162],[282,-137],[264,-129],[207,-162],[267,-137],[324,-167],[112,-57]],[[2140,3746],[-8,6],[-22,9],[-28,4],[-44,12],[-26,12],[-77,52],[-13,23],[15,64],[-34,37],[-69,22],[-170,38],[-52,26],[-96,74],[-44,15],[-31,-7],[-30,-33],[-28,-11],[-107,-13],[-43,-9],[-42,-20],[-96,-64],[-57,-5],[-72,38],[-16,19],[11,65],[6,8],[-1,7],[-18,11],[-25,5],[-56,-1],[-25,8],[-19,20],[-7,20],[-12,19],[-154,77],[-45,17],[-94,14],[-114,9],[-89,16],[-18,35],[33,15],[114,22],[26,14],[-17,15],[-117,67],[-82,15],[-113,1],[-98,9],[-36,41],[13,26],[30,10],[44,-1],[58,-8],[39,2],[83,29],[41,11],[114,7],[40,11],[14,30],[-2,23],[7,20],[25,14],[57,4],[88,19],[55,50],[41,68]],[[7179,3069],[-16,-16],[7,-19],[13,-22],[1,-12],[-6,-17],[-52,-74],[-13,-11],[-158,-88],[-9,-9],[-3,-6],[9,-12],[2,-9],[0,-11],[-229,-414]],[[6725,2349],[-35,-16],[-14,0],[-20,2],[-7,4],[-1,6],[8,14],[1,7],[-3,13],[-7,14],[-15,18],[-24,11],[-26,9],[-37,7],[-46,5],[-122,10],[-44,6],[-25,3],[-23,0],[-51,-3],[-14,0],[-183,23],[-146,12],[-42,1]],[[5849,2495],[-33,99],[7,22],[28,14],[-8,15],[-19,16],[-7,18],[18,18],[63,36],[22,19],[6,22],[-22,19],[-34,20],[-28,20],[-18,26],[-7,21],[-1,96],[-17,40],[-34,38],[-51,42],[-30,44],[42,77],[-4,43],[-50,41],[-161,64],[-71,36],[-101,85],[-41,24]],[[4536,4701],[-52,-19]],[[5922,4812],[52,-21],[36,-20],[63,-46],[15,-14],[3,-8],[9,-5],[33,-7],[50,-4],[395,2],[105,-6],[104,-16],[2,0]],[[7742,2457],[-141,-54],[-60,-40],[-39,-15],[-124,-13]],[[7378,2335],[-653,14]],[[6437,1706],[312,-12],[39,-3],[13,-5],[6,-5],[16,-17],[8,-7],[5,-7],[0,-8],[-12,-11],[-34,-26],[-10,-13],[5,-25],[-4,-11],[-46,-36],[-2,-15],[15,-5],[29,-1],[31,2],[33,-3],[12,-7],[-2,-7],[-23,-12],[-4,-8],[1,-11],[13,-20],[8,-7],[10,-3],[19,7]],[[6875,1430],[176,-116],[412,-191],[5,-9],[1,-13],[-4,-10],[41,-54]],[[7506,1037],[-101,-190],[-9,-9],[-10,-5],[-23,-5],[-59,-23],[-167,-76],[-19,-13],[-16,-22],[3,-14],[6,-10],[-2,-8],[-16,-6],[-38,-7],[-55,-14],[-52,-20],[-67,-41],[-22,-14]],[[6859,560],[-28,9],[-54,9],[-47,11],[-31,20],[-22,28],[-25,18],[-143,49],[-31,17],[-56,43],[-40,18],[-195,42],[-23,3],[-19,6],[-38,38],[-17,12],[-20,9],[-100,31],[-39,15],[-33,20],[-86,89],[-69,29],[-137,8],[-106,2],[-60,25],[-128,113],[13,43],[61,84],[-14,36],[-52,29],[-257,110],[-45,11],[-103,20],[-38,13],[-34,36],[-5,46],[15,45],[33,33],[88,38],[55,17],[52,10],[64,8],[33,8],[2,1]],[[5180,1812],[44,-8],[435,-75],[122,-16],[656,-7]],[[8260,1872],[-59,-73],[-3,-47],[44,-214],[-3,-19],[-16,-14],[-15,-6],[-41,-42]],[[8167,1457],[-63,15],[-36,15],[-24,13],[-14,11],[-16,28],[-18,18],[-19,12],[-109,41],[-23,11],[-20,13],[-21,5],[-29,4],[-115,0]],[[7660,1643],[-68,54],[-20,23],[-4,25],[7,125],[-8,37],[-13,25],[-20,9],[-4,18],[3,15],[115,87]],[[7648,2061],[43,3],[21,-3],[21,4],[20,6],[35,8],[17,-2],[6,-8],[-6,-19],[3,-12],[22,-14],[31,-9],[49,-8],[29,-9],[21,-12],[24,-28],[21,-18],[44,-26],[37,-13],[34,-9],[140,-20]],[[8167,1457],[37,-118],[-12,-37],[-26,-11],[-17,-6],[-19,-9],[-20,-12],[-22,-23],[-6,-14],[5,-11],[11,-6],[33,-15],[1,0]],[[8132,1195],[-68,-33],[-57,-48],[-21,-60],[7,-13],[37,-37],[-12,-13],[-72,-35],[-5,-7]],[[7941,949],[-1,1],[-144,18],[-52,-5],[-12,-8],[-31,2],[-24,4],[-171,76]],[[6875,1430],[84,9],[24,7],[77,28],[30,15],[59,43],[21,11],[21,9],[17,3],[19,2],[59,2],[44,3],[330,81]],[[7941,949],[-12,-17],[1,-51],[-17,-23],[-42,-18],[-216,-58],[-39,-11],[51,-58],[49,-31],[13,-14],[18,-11],[34,-4],[29,-2],[67,-11],[20,-4],[14,-6],[16,-13],[12,-7],[10,-3],[26,-5],[8,-2],[75,-33],[9,-7],[9,-85],[13,-25],[62,-51],[15,-32],[-77,-26],[-7,-27],[7,-49],[-10,-6],[-19,-6],[-15,-7],[1,-8],[15,-6],[99,-24],[19,-11],[-16,-16],[-33,-24],[-3,-21],[27,-48],[4,-26],[-8,-22],[-17,-18],[-23,-14],[-1,0],[-176,-8],[-311,4],[-162,11],[-47,18],[9,33],[-100,62],[24,40],[67,23],[78,15],[68,20],[36,35],[9,42],[-2,46],[-28,40],[-69,21],[-102,1],[-92,-3],[-88,6],[-91,29],[-57,30],[-26,12],[-42,12],[-21,3],[-47,4],[-21,5],[-14,9],[-10,25],[-13,11],[-22,6]],[[9642,2481],[72,-121],[88,-144],[-9,-53],[0,-2]],[[9793,2161],[-1,0],[-352,-5],[-116,-15],[-76,-13],[-44,-20],[-73,-28],[-162,-43],[-37,-7],[-33,-9],[-26,-10],[-39,-40]],[[8834,1971],[-75,-22],[-23,-8],[-92,-43],[-23,-3],[-39,-3],[-129,-2],[-40,-3],[-41,-8],[-27,-4],[-85,-3]],[[7648,2061],[-39,-1],[-18,1],[-19,4],[-14,6],[-3,10],[6,8],[11,8],[64,30],[7,8],[-4,5],[-20,2],[-54,0],[-26,2],[-29,9],[-29,14],[-103,61],[-70,25],[-65,48]],[[7243,2301],[135,34]],[[6437,1706],[-19,96],[-22,29],[0,16],[47,11],[19,9],[16,10],[7,9],[-7,80]],[[6478,1966],[7,22],[36,15],[151,39],[52,8],[47,30],[113,134],[51,30],[29,5],[86,30],[31,4],[97,5],[56,11],[9,2]],[[5180,1812],[190,107],[37,41],[10,52]],[[5417,2012],[365,-16],[364,-16],[332,-14]],[[9667,1550],[-22,-33],[2,-20],[17,-39],[-3,-21],[-30,-27],[-46,-22],[-224,-63],[-32,-6],[-29,-1],[-58,4],[-32,-1],[-294,-35],[-75,-3],[-15,-8],[-9,-20],[-20,-12],[-39,1],[-41,8],[-27,10],[-22,21],[-51,14],[-63,7],[-61,2],[-70,-8],[-58,-16],[-215,-79],[-18,-8]],[[8834,1971],[23,-11],[2,-2],[2,-2],[-7,-7],[-9,-13],[-3,-2],[-2,-1],[-4,-3],[-3,-2],[-2,-1],[-2,-1],[-6,0],[-2,-1],[-16,-12],[-5,-3],[-4,-3],[-2,-1],[-3,-1],[-6,-4],[-35,-24],[-6,-8],[-2,-6],[2,-2],[3,0],[3,0],[2,0],[10,0],[3,-1],[3,0],[10,-1],[2,-1],[3,0],[7,-2],[2,-1],[2,-1],[2,-1],[20,-119],[12,-24],[17,-21],[5,-4],[5,-2],[5,-1],[7,-2],[3,-1],[2,-1],[3,0],[3,-1],[2,-1],[2,0],[2,0],[2,0],[3,0],[7,-4],[4,-1],[2,-2],[2,-1],[4,-2],[3,-3],[3,-1],[2,0],[3,0],[5,-1],[1,0],[2,0],[6,1],[5,0],[2,0],[3,0],[4,0],[4,-2],[6,-5],[90,-100],[15,-8],[122,44],[78,11],[13,-2],[36,-10],[46,-19],[55,-17],[21,-5],[26,-9],[6,-1],[10,-2],[14,-1],[4,0],[4,0],[4,1],[4,1],[3,1],[3,2],[4,1],[4,1],[9,1],[3,1],[3,0],[5,1],[3,0],[15,3],[3,2],[3,1],[4,1],[7,1],[10,2],[6,0],[4,0],[8,0],[3,0],[4,1],[5,0],[6,0],[15,-4],[4,-1],[4,0],[7,0],[4,-1],[5,-1],[2,0],[3,0],[2,0],[1,0]],[[9793,2161],[-17,-102],[-28,-161],[-19,-114],[-31,-186],[-31,-48]],[[6319,6466],[-69,-5],[-62,9],[-40,27],[-1,27],[21,30],[57,56],[40,12],[67,-2],[70,-10],[49,-14],[25,-26],[-10,-33],[-34,-32],[-48,-24],[-65,-15]],[[6073,6554],[-64,-25],[-46,0],[-39,17],[-39,23],[-83,38],[-7,22],[62,21],[3,0],[110,10],[90,-22],[42,-39],[-29,-45]],[[5417,2012],[-28,77],[0,44],[39,22],[55,11],[61,40],[62,15],[20,16],[16,33],[14,16],[35,19],[38,10],[40,9],[42,13],[57,33],[12,34],[-31,91]]],"transform":{"scale":[0.0003241314934493438,0.0007754875828582898],"translate":[32.66330814700012,-17.135335387999902]},"bbox":[32.66330814700012,-17.135335387999902,35.90429895000011,-9.381235046999862]}