{"type":"Topology","objects":{"subunits":{"type":"GeometryCollection","geometries":[{"type":"MultiPolygon","arcs":[[[0]],[[1]],[[2]],[[3]],[[4]],[[5]],[[6]],[[7]],[[8]],[[9]],[[10]],[[11]],[[12]],[[13]],[[14]],[[15]],[[16]],[[17]]]},{"type":"Polygon","id":"Perak","arcs":[[18,19,20,21,22,23,24]]},{"type":"MultiPolygon","id":"Pulau Pinang","arcs":[[[25]],[[-23,26,27]]]},{"type":"Polygon","id":"Kedah","arcs":[[-24,-28,28,29,30]]},{"type":"MultiPolygon","id":"Perlis","arcs":[[[31]],[[32]],[[-30,33]]]},{"type":"MultiPolygon","id":"Johor","arcs":[[[34,35,36,37]],[[38]]]},{"type":"Polygon","id":"Kelantan","arcs":[[39,40,-19,41]]},{"type":"Polygon","id":"Melaka","arcs":[[-36,42,43]]},{"type":"Polygon","id":"Negeri Sembilan","arcs":[[-37,-44,44,45,46]]},{"type":"Polygon","id":"Pahang","arcs":[[47,48,-38,-47,49,-20,-41]]},{"type":"MultiPolygon","id":"Selangor","arcs":[[[50]],[[51]],[[-50,-46,52,-21],[53],[54]]]},{"type":"Polygon","id":"Trengganu","arcs":[[-48,-40,55]]},{"type":"MultiPolygon","id":"Sabah","arcs":[[[56]],[[57]],[[58]],[[59]],[[60]],[[61,62]],[[63]],[[64]]]},{"type":"MultiPolygon","id":"Sarawak","arcs":[[[65]],[[66,-62]]]},{"type":"Polygon","id":"Kuala Lumpur","arcs":[[-54]]},{"type":"Polygon","id":"Putrajaya","arcs":[[-55]]},{"type":"Polygon","id":"Labuan","arcs":[[67]]}]}},"arcs":[[[1925,704],[-1,0],[-2,7],[-2,34],[5,11],[6,-26],[-2,-14],[-4,-12]],[[2276,2262],[8,-5],[6,-17],[-2,-24],[-3,-9],[-8,4],[-6,15],[-5,18],[1,8],[-2,5],[2,4],[3,-2],[4,2],[2,1]],[[2493,2441],[-7,-11],[-5,16],[-2,11],[-4,7],[0,8],[-1,11],[4,13],[6,4],[2,-5],[2,-14],[6,-9],[-1,-31]],[[2396,2659],[-6,-17],[-5,10],[-4,16],[-4,9],[0,15],[5,4],[5,-6],[3,-5],[0,-6],[3,-10],[3,-10]],[[2179,2842],[0,-19],[-2,-9],[-3,11],[-1,-1],[0,-8],[0,-2],[-4,24],[2,17],[5,-6],[3,-7]],[[820,3168],[-6,-7],[-5,9],[0,26],[-1,12],[3,28],[7,21],[4,-5],[-2,-84]],[[476,5145],[-2,-5],[-5,8],[-8,29],[-2,4],[-2,8],[0,7],[2,16],[-3,13],[1,11],[-3,18],[2,3],[4,-3],[2,-7],[1,-10],[1,-4],[4,-1],[3,-4],[2,-21],[2,-34],[1,-6],[0,-22]],[[9731,5812],[4,-3],[2,3],[4,-9],[2,-12],[2,-8],[-6,3],[-5,7],[-5,10],[-2,-6],[-5,-15],[-6,-15],[1,27],[7,15],[4,3],[1,4],[2,-4]],[[9522,6351],[1,-4],[3,6],[2,2],[1,0],[1,-6],[3,-1],[7,2],[2,-5],[-4,-9],[-25,-34],[-4,-1],[-1,-2],[-4,3],[-2,10],[1,13],[2,7],[1,6],[2,3],[1,-6],[-1,-7],[0,-4],[7,7],[-3,9],[-1,6],[0,7],[2,8],[4,5],[5,-3],[1,-6],[-1,-6]],[[9921,7054],[-5,-4],[-6,18],[9,18],[9,2],[8,-9],[1,-3],[-4,-6],[-6,-9],[-6,-7]],[[9331,7584],[0,-1],[1,2],[1,4],[4,6],[1,-7],[1,5],[3,-6],[-2,-9],[-1,-4],[2,3],[1,6],[1,5],[2,1],[0,-3],[1,-10],[0,-5],[1,-4],[1,3],[-1,4],[0,6],[2,-3],[3,2],[2,-3],[0,-6],[0,1],[3,0],[2,-2],[-2,-21],[-5,-12],[-2,-13],[-17,3],[-5,25],[-4,26],[-9,2],[-9,6],[-1,8],[6,0],[6,2],[3,3],[3,0],[12,-1],[-3,-7],[-1,-6]],[[1719,7600],[3,-7],[4,3],[2,-2],[2,-6],[-2,-24],[-2,-9],[-5,-9],[-5,-6],[-7,6],[-3,39],[1,42],[5,9],[6,-14],[1,-22]],[[1593,7771],[1,-12],[-2,-15],[-3,1],[-6,15],[-4,-21],[-3,21],[1,15],[2,9],[5,2],[1,12],[5,-3],[3,-18],[0,-6]],[[9199,7918],[1,-1],[1,0],[3,-9],[1,-10],[-1,-12],[-4,-12],[-1,-3],[-5,-19],[-5,-5],[-4,-23],[-7,5],[1,13],[10,16],[1,25],[-1,11],[1,10],[0,6],[-3,9],[0,7],[4,2],[4,6],[2,3],[0,-5],[1,-12],[1,-2]],[[9358,8090],[-4,-4],[-3,6],[3,5],[5,12],[2,-12],[-3,-7]],[[9374,8149],[-1,-4],[0,1],[1,3]],[[9403,8173],[0,-1],[0,-3],[0,-1],[0,1],[-1,0],[0,2],[1,2]],[[9378,8187],[-1,-5],[-1,2],[2,3]],[[1045,7557],[1,-9],[0,-80],[-2,-22],[-1,-3],[-6,-12],[-4,-12],[-3,-13],[-1,-9],[-1,-8],[1,-10],[0,-4],[0,-17],[0,-20],[0,-11],[1,-7],[1,-4],[1,-3],[5,-8],[1,-6],[1,-9],[1,-18],[0,-10],[0,-8],[-2,-15],[-4,-21],[-3,-28],[0,-10],[0,-6],[2,-2],[2,-1],[4,1],[2,0],[1,-2],[4,-9],[2,-1],[2,1],[2,2],[2,5],[2,1],[2,1],[1,-2],[3,-4],[2,-2],[2,0],[2,-1],[2,-4],[2,-13],[1,-11],[1,-9],[-1,-7],[0,-6],[-1,-5],[-2,-12],[0,-15],[0,-11],[2,-18],[0,-10],[0,-7],[-1,-16],[-1,-44],[2,-22],[0,-7],[-2,-9],[-1,-5],[-6,-13],[-2,-3],[-2,-2],[-2,-1],[-2,0],[-2,2],[-2,1],[-2,0],[-3,-1],[-4,-4],[-3,-6],[-3,-10],[-2,-3],[-1,1],[-6,12],[-3,4],[-4,2],[-4,0],[-2,2],[-1,2],[-4,13],[-3,5],[-2,0],[-1,-3],[-1,-4],[-2,-6],[-3,-8],[-6,-13],[-3,-7],[-2,-8],[0,-6],[1,-6],[0,-6],[-1,-8],[-2,-9],[-8,-19],[-2,-6],[-2,-13],[-1,-8],[-2,-3],[-2,-1],[-2,2],[-4,0],[-2,-3],[0,-5],[-1,-14],[-1,-8],[-3,-18],[0,-7],[0,-24],[0,-6],[-2,-7],[-7,-32],[-1,-7],[-1,-6],[-1,-23],[0,-13],[-1,-14],[-1,-9],[0,-7],[0,-13],[0,-6],[0,-7],[-1,-7],[-1,-9],[-1,-7],[0,-7],[0,-5],[0,-9],[-1,-11],[-6,-33],[-1,-9],[-1,-11],[0,-13],[-1,-24],[0,-5],[-2,-9],[-1,-10],[-1,-5],[0,-15],[0,-11],[-2,-8],[-2,-5],[-7,-19],[4,-27],[5,-16],[1,-9],[4,-61],[0,-7],[-1,-12],[-5,-44],[-1,-8],[-2,-5],[-4,-2],[-2,0],[-4,-2],[-2,-3],[-1,-3],[-3,-15],[-2,-7],[0,-6],[0,-5],[3,-24],[2,-14],[-1,-8],[0,-6],[-1,-4],[-2,-6],[-1,-8],[-2,-16],[-1,-8],[-2,-5],[-2,-1],[-2,-1],[-3,-5],[-1,-6],[0,-5],[0,-6],[1,-5],[1,-18],[0,-19],[0,-9],[-2,-6],[-1,-1],[-2,1],[-2,1],[-2,-1],[-1,-2],[-2,-2],[-1,-1],[-2,-3],[-2,-1],[-6,-29],[10,-42],[4,-22],[4,-42]],[[883,5782],[-7,-59],[-1,-25],[0,-12],[3,-30],[0,-5],[1,-5],[5,-14],[3,-15],[0,-9],[-1,-5],[-1,-3],[-2,-2],[-2,-5],[-4,-27],[-1,-15],[-1,-7],[-2,-6],[-1,-3],[-3,-9],[-5,-22],[7,-14],[5,-25],[3,-6],[2,-2],[3,3],[24,-21],[6,-4],[2,-3],[1,-4],[1,-6],[0,-5],[-1,-5],[-1,-9],[-1,-5],[-1,-11],[-2,-7],[-1,-5],[0,-6],[0,-7],[2,-5],[4,-7],[2,-4],[1,-16],[1,-64],[3,-18],[2,-4],[2,-9],[1,-7],[0,-6],[-1,-7],[-1,-10],[-1,-18],[1,-8],[1,-5],[2,-3],[5,-6],[7,-5],[1,-2],[5,-5],[3,-4],[0,-5],[0,-4],[-2,-8],[0,-11],[0,-17],[3,-40],[2,-18],[2,-10],[1,0],[5,7],[1,1],[2,-1],[4,-8],[2,-3],[4,-14],[13,-52],[-11,-92],[-1,-27],[0,-5],[0,-2],[6,-17],[1,-14],[3,-112],[3,-26],[1,-8],[4,-14],[2,-13],[1,-12],[0,-17],[-2,-64],[0,-14],[1,-8],[2,-1],[2,-1],[4,-6],[5,-24]],[[1009,4489],[-9,-8],[-1,-4],[-2,-6],[-2,-8],[-18,-70],[-10,-31],[-5,-11],[-5,-7],[-2,-2],[-3,-1],[-2,1],[-1,3],[-1,2],[-1,3],[-3,16],[-1,3],[-2,3],[-3,5],[-1,3],[-1,3],[-2,3],[0,4],[-2,4],[-1,3],[-5,4],[-1,2],[-1,2],[0,4],[-3,20],[-1,4],[-4,15],[-1,3],[-1,3],[-2,1],[-6,3],[-4,3],[-3,5],[-2,4],[-1,4],[-2,4],[-1,2],[-2,2],[-1,3],[-1,4],[-1,5],[-1,5],[0,5],[-2,6],[-1,6],[-5,7],[-5,1],[-7,-2],[-3,-2],[-3,-3],[-1,-3],[-1,-4],[-1,-5],[0,-5],[-1,-10],[-1,-4],[0,-5],[0,-4],[1,-4],[3,-10],[1,-4],[2,-21],[3,-27],[1,-27],[-5,-21],[-11,-19],[-5,-5],[-12,-8],[-9,-1],[-2,2],[-1,2],[-2,3],[-1,4],[0,4],[-2,10],[0,5],[-1,6],[0,6],[1,6],[0,5],[0,13],[-5,9],[-3,-1],[-7,-11],[-2,0],[-2,3],[-3,10],[-3,7],[-2,1],[-1,-1],[-4,-8],[-4,-3],[-2,0],[-1,3],[-4,19],[-1,5],[-2,5],[-2,0],[-1,-3],[-1,-6],[-1,-1],[-2,1],[-1,4],[0,4],[0,10],[-1,5],[-4,12],[-2,0],[-2,-2],[0,-5],[-1,-6],[-1,-6],[-6,-10],[-3,0],[-3,4],[-2,1],[-2,-1],[-4,-9],[-1,0],[0,3],[1,9],[0,5],[0,5],[0,5],[1,3],[2,0],[5,-3],[2,1],[1,3],[0,4],[-1,4],[-2,7],[-1,3],[-1,5],[0,11],[-1,5],[-1,1],[-1,-2],[-2,-4],[0,-4],[-2,-4],[-1,-2],[-3,-5],[-1,-3],[-2,-9],[-1,-4],[-2,1],[0,4],[0,5],[0,6],[-1,10],[1,18],[-1,7],[-2,2],[-2,0],[-4,-4],[-4,0],[-2,3],[-2,5],[0,7],[-2,7],[-2,2],[-2,0],[-1,-2],[-2,-4],[-1,-2],[-2,-1],[-3,0],[-1,0],[-1,-2],[-1,-3],[-1,-4],[-1,-6],[0,-10],[-1,-4],[-2,-3],[-3,-3],[-2,0],[-2,3],[-1,4],[-1,4],[0,6],[0,6],[2,10],[1,8],[2,8],[1,4],[-1,7],[-2,8],[-13,23],[-1,4],[0,4],[0,6],[0,5],[1,5],[0,5],[0,7],[-1,8],[-2,3],[-2,1],[-4,-2],[-14,-12],[-19,-5],[-9,-8],[-2,-2]],[[609,4599],[0,1],[2,12],[-6,4],[-11,-4],[-6,-6],[-2,-6],[-6,-7],[-12,12],[-13,19],[-7,13],[-6,23],[-3,25],[-1,28],[0,77],[2,25],[7,11],[32,-4],[10,5],[8,30],[9,12],[10,5],[9,-5],[-6,33],[-11,-3],[-13,-19],[-5,-11],[-13,4],[-3,24],[2,36],[0,40],[-5,21],[-27,54],[-8,24],[-10,22],[-11,7],[-12,-22],[-5,32],[-5,50],[-2,46],[3,20],[-8,8],[-2,18],[0,24],[-2,25],[-6,17],[-5,3],[-2,9],[2,34],[5,39],[2,21],[0,29],[2,20],[10,21],[2,22],[2,42],[9,100],[6,42],[-7,-9],[-9,7],[-8,20],[-3,30],[1,30],[5,29],[7,13],[8,-14],[3,22],[4,18],[5,14],[5,9],[-12,7],[-11,-13],[-9,0],[-3,42],[-2,77],[5,20],[15,3],[0,11],[-3,2],[-8,9],[4,21],[-1,10],[-10,11],[-5,2],[-3,-5],[-3,2],[-3,22],[0,21],[4,26],[0,16],[-3,5],[-5,1],[-5,5],[-1,21],[-5,-8],[-6,-4],[-12,1],[-6,6],[3,14],[5,11],[3,1],[0,21],[-2,6],[-4,5],[-6,15],[-5,8],[-6,-4],[-5,-10],[-3,-10],[-6,21],[-3,20],[-2,21],[-3,22],[-13,44],[-3,32],[-7,52],[-5,22],[-4,35],[1,13],[2,1],[2,-2],[3,4],[5,17],[5,14],[2,8]],[[386,6562],[1,0],[39,27],[5,2],[6,-7]],[[437,6584],[4,-42],[3,-12],[2,-2],[6,-7],[5,-12],[3,-4],[4,-3],[4,1],[2,2],[1,2],[2,4],[7,26],[8,19],[1,4],[0,4],[3,22],[2,13],[36,97],[2,9],[1,2],[0,4],[2,23],[4,25],[2,7],[1,6],[13,26],[2,7],[2,8],[1,4],[1,18],[5,28],[3,8],[18,7],[13,10],[5,6],[3,6],[7,22],[2,8],[1,10],[2,9],[3,45],[0,13],[0,12],[0,13],[3,60],[2,20],[2,9],[4,18],[3,7],[1,3],[2,-2],[2,-6],[3,1],[3,4],[7,21],[3,15],[3,23],[2,19],[0,6],[0,13],[1,26],[0,8],[0,6],[-1,5],[-1,3],[-2,2],[-2,2],[-1,2],[-2,4],[-1,7],[0,12],[0,7],[1,5],[5,12],[3,15],[3,8],[6,12],[2,6],[1,6],[7,88],[0,9],[-1,4],[-1,3],[-1,3],[-4,8],[-1,3],[-2,9],[-2,8],[-1,4],[-2,26],[1,4],[1,3],[2,2],[2,1],[3,0]],[[676,7566],[4,-19],[6,-36],[3,-12],[5,-6],[10,1],[5,-3],[11,-23],[10,-33],[8,-39],[6,-38],[8,-12],[14,13],[24,44],[8,22],[7,27],[4,31],[2,35],[6,69],[15,25],[20,11],[20,28],[18,35],[55,64],[17,20],[12,9],[11,-8],[8,-32],[2,-18],[3,-12],[4,-7],[6,-3],[5,-6],[0,-13],[-1,-15],[-1,-14],[10,-70],[8,-27],[11,-6],[5,7],[0,2]],[[338,7070],[5,-23],[8,-13],[5,-14],[-10,-53],[-2,-60],[-2,-27],[-12,-71],[-2,-28],[-28,16],[-20,-1],[-1,-3],[0,-4],[-2,-2],[-2,3],[-3,8],[0,7],[7,12],[2,22],[-3,80],[1,72],[-1,14],[-2,12],[-3,10],[-1,7],[1,15],[2,12],[0,10],[-3,11],[7,7],[2,-9],[2,-13],[5,-7],[4,4],[3,10],[2,11],[3,7],[10,7],[10,-1],[10,-9],[8,-19]],[[386,6562],[3,10],[4,51],[7,48],[1,31],[-1,17],[-5,31],[-1,10],[1,18],[5,28],[1,17],[-1,20],[-13,70],[-10,44],[-3,21],[0,35],[3,132],[-4,36],[-11,62],[-1,9]],[[361,7252],[74,-13],[8,-4],[9,-12],[-2,-19],[-1,-13],[-1,-92],[9,-316],[8,-180],[0,-6],[0,-7],[-1,-6],[-2,-4],[-1,-2],[-2,-2],[-6,0],[-16,8]],[[361,7252],[-2,24],[-3,130],[5,-6],[6,-4],[5,1],[5,9],[0,16],[-3,9],[-5,7],[-3,7],[6,179],[-13,310],[-5,27],[-7,29],[-6,33],[-9,69],[-19,101],[-6,61],[-8,24],[-16,35],[-1,2]],[[282,8315],[0,1],[4,12],[2,19],[1,16],[0,7],[1,4],[56,192],[5,13],[12,24],[2,6],[2,6],[5,69],[0,12],[0,6],[1,23]],[[373,8725],[5,-8],[11,-10],[9,-2],[13,4],[8,-5],[16,-35],[9,-13],[31,-28],[18,-23],[9,-6],[9,3],[33,71],[8,0],[1,-10],[0,-34],[1,-13],[5,-9],[4,-2],[6,0],[6,-3],[11,-20],[5,-30],[1,-73],[2,-17],[2,-17],[6,-31],[1,-13],[-1,-14],[-2,-13],[0,-2],[-1,-13],[0,-45],[2,-13],[4,-22],[2,0],[3,11],[6,6],[7,-3],[21,-16],[10,8],[13,43],[10,6],[16,-40],[9,-9],[23,15],[7,-6],[3,-20],[1,-32],[-1,-37],[-4,-13],[-7,-9],[-7,-26],[0,-35],[8,-23],[9,-22],[4,-30],[-3,-61],[0,-87],[-4,-50],[-1,-29],[-4,-28],[-9,-11],[-11,-6],[-8,-16],[-21,-128],[-3,-17],[-2,-18],[1,-18],[3,-12]],[[87,8186],[-5,-7],[-9,22],[-2,23],[-5,4],[-4,31],[10,28],[7,47],[12,15],[7,18],[1,-26],[-4,-13],[-4,-17],[1,-19],[-1,-10],[0,-25],[3,-26],[-2,-23],[-5,-22]],[[113,8575],[6,-15],[10,-14],[0,-13],[3,-7],[5,-11],[-3,-19],[-4,-21],[5,-24],[2,-14],[1,-13],[-5,-8],[-7,-6],[-5,-14],[-6,-12],[-3,-23],[-8,16],[-2,37],[-10,-1],[-9,-10],[-8,-29],[-7,-24],[-9,0],[-6,-20],[-6,-8],[-4,-5],[-7,74],[3,27],[-1,40],[-9,8],[-13,8],[-9,-2],[-5,22],[-2,27],[0,64],[12,-14],[10,13],[17,-2],[7,-15],[18,-7],[8,5],[8,20],[6,28],[5,1],[8,0],[-3,13],[0,12],[4,-2],[5,-6],[4,-34],[4,-22]],[[282,8315],[-12,47],[-11,66],[-8,72],[-4,66],[-1,29],[4,23],[4,34],[2,38],[0,14],[-2,26],[1,14],[3,16],[5,12],[3,13],[-1,22],[-4,36],[-1,26],[4,62],[0,35],[2,17],[3,13],[7,7],[5,-8],[1,-5],[2,-9],[5,-7],[8,0],[0,3],[7,14],[5,2],[6,-2],[5,-6],[4,-11],[19,-173],[5,-29],[10,-26],[15,-21]],[[2035,2798],[6,-8],[8,-5],[8,-1],[3,-5],[8,-21],[5,-6],[5,2],[12,18],[8,-9],[1,-11],[-1,-13],[1,-14],[18,-42],[6,-23],[13,-87],[-4,-36],[-1,-30],[4,-28],[38,-143],[4,-13],[11,-25],[4,-10],[2,-16],[0,-31],[1,-17],[4,-17],[9,-33],[2,-18],[-2,-15],[-5,-30],[-1,-18],[4,-32],[24,-89],[13,-96],[9,-38],[6,-39],[3,-16],[11,-37],[3,-17],[4,-34],[1,-30],[-1,-67],[2,-31],[6,-33],[7,-18],[6,15],[3,0],[14,-75],[5,-70],[9,-40],[3,-23],[1,-52],[3,-21],[6,-21],[4,-20],[-3,-16],[4,-21],[3,-64],[11,-84],[4,-71],[1,-38],[-4,-17],[-4,-14],[2,-67],[-3,-24],[-19,0],[-3,-5],[-5,-22],[-2,-5],[-23,3],[-10,6],[-21,25],[-4,10],[-1,16],[1,29],[-3,22],[-6,17],[-7,14],[-5,15],[-3,57],[14,27],[19,22],[12,43],[-9,7],[-9,-8],[-9,-15],[-17,-38],[-4,-6],[-2,10],[-3,28],[-16,101],[-12,55],[-11,23],[-3,-18],[5,-42],[19,-92],[0,-21],[-2,-43],[1,-20],[2,-22],[1,-24],[-1,-24],[-18,-44],[-25,18],[-44,69],[-13,-3],[-20,-32],[-11,-8],[-20,5],[-8,-2],[-8,-13],[-27,-99],[-15,-37],[-18,10],[-1,7],[-3,16],[-4,11],[-2,-8],[0,-17],[3,-23],[0,-12],[-1,-18],[-9,-40],[-7,-54],[-7,30],[-18,46],[-7,30],[-4,31],[-17,167],[-9,59],[-14,49],[-22,42],[-60,69],[-87,161],[-20,30],[-12,10],[-11,3],[-9,7],[-6,16],[-8,40],[-10,35],[-12,32],[-14,27],[-16,23],[-8,-9],[-25,-12],[-9,1],[-12,19],[-6,30],[-10,65],[-8,30],[-42,101],[-6,19],[-3,19],[4,3],[1,5],[-1,6],[-1,7],[-6,19],[-9,21],[-20,34]],[[1448,1909],[9,42],[5,7],[6,-2],[2,0],[1,7],[2,13],[0,30],[0,14],[-1,9],[-1,3],[-2,2],[-4,1],[-2,2],[-2,5],[-8,10],[-4,3],[-1,2],[-1,4],[-1,10],[-2,9],[0,5],[1,7],[8,22],[1,5],[1,6],[0,11],[0,7],[-1,12],[0,6],[0,6],[1,16],[10,81],[1,12],[0,6],[-2,16],[0,5],[1,10],[3,13],[10,40],[4,10],[12,15],[11,23]],[[1505,2414],[1,40],[2,14],[6,22],[1,7],[1,9],[-1,5],[-1,14],[-1,18],[0,7],[3,19],[1,8],[-1,12],[-1,7],[-1,8],[0,8],[1,17],[1,14],[3,21],[2,9],[1,7],[4,11],[0,5],[0,6],[-1,10],[-3,12],[0,9],[0,7],[5,42],[28,227],[3,47]],[[1558,3056],[22,-23],[27,-32],[7,-14],[72,-262],[19,-44],[80,-100],[3,-1],[1,0],[77,86],[21,13],[7,0],[7,-10],[6,-14],[29,-33],[2,-6],[5,-14],[2,-12],[2,-4],[72,-130],[5,-5],[2,2],[-1,6],[0,6],[0,4],[0,3],[1,4],[5,22],[1,5],[1,6],[0,11],[0,6],[-1,10],[-1,8],[-2,8],[-2,10],[-2,2],[-1,2],[-5,4],[-1,2],[-2,3],[0,4],[-1,3],[0,3],[1,3],[1,10],[1,6],[3,11],[1,3],[0,3],[0,3],[-3,19],[0,7],[0,4],[2,4],[2,5],[0,2],[2,7],[0,5],[1,9],[0,5],[0,4],[-1,6],[-1,6],[-1,5],[-1,3],[-2,3],[-4,7],[-1,2],[-1,4],[0,7],[2,8],[12,17],[0,3],[5,21],[2,11]],[[2316,2856],[-10,-2],[-8,8],[-10,32],[-4,18],[0,14],[0,8],[-2,26],[1,13],[2,9],[6,10],[4,7],[5,24],[0,23],[-3,23],[-1,25],[1,16],[3,16],[5,10],[5,-2],[3,-7],[1,-9],[0,-19],[1,-11],[7,-30],[3,-20],[6,-65],[2,-76],[-2,-18],[-6,-14],[-9,-9]],[[1475,7692],[-1,-3],[-18,-70],[-40,-110],[-17,-57],[-3,-20],[7,-85],[1,-10],[2,-15],[0,-9],[-1,-26],[0,-83],[0,-5],[-1,-4],[-4,-8],[-1,-15],[4,-91],[0,-25],[-1,-14],[-2,-2],[0,-6],[1,-8],[8,-31],[12,-28],[2,-8],[1,-14],[-3,-38],[-6,-38],[-1,-7],[-1,-35],[-1,-89],[1,-23],[0,-6],[0,-6],[-1,-11],[-3,-25],[0,-7],[2,-6],[3,-5],[7,-5],[1,-2],[3,-6],[1,-3],[2,-1],[2,0],[2,-1],[2,-4],[3,-6],[4,-6],[1,-3],[7,-24],[3,-6],[2,-4],[1,-2],[2,-2],[2,-5],[4,-16],[4,-9],[1,-3],[0,-7],[-3,-9],[0,-4],[-1,-6],[0,-5],[-1,-4],[-1,-2],[-4,-3],[-2,-3],[0,-4],[0,-8],[6,-75],[-1,-8],[-1,-5],[-1,-2],[-2,-3],[-1,-3],[-1,-3],[-1,-4],[0,-3],[0,-1],[0,-1],[0,-1],[0,-8],[1,-12],[5,-43],[1,-25],[-1,-12],[0,-30],[1,-7],[2,-7],[5,-7],[3,1],[1,2],[1,4],[2,3],[1,2],[2,-1],[2,-1],[12,-17],[26,-54],[2,-2],[3,-3],[2,-5],[1,-9],[1,-22],[1,-12],[2,-12],[2,-5],[2,-6],[4,-33],[1,-12],[-3,-22]],[[1536,6022],[-10,1],[-5,4],[-5,12],[-1,3],[-2,-1],[-2,-2],[-3,-9],[0,-7],[-1,-6],[0,-6],[0,-6],[0,-5],[-2,-9],[-1,-5],[0,-5],[0,-5],[0,-5],[2,-9],[1,-4],[1,-24],[0,-12],[0,-6],[-1,-4],[-1,-4],[-2,-1],[-7,4],[-7,2],[-2,2],[-2,3],[-1,4],[-1,3],[-2,3],[-1,1],[-2,-2],[-2,-7],[-2,-10],[-1,-4],[-1,-3],[-3,-7],[-1,-3],[-3,-7],[-4,-7],[-2,-2],[-2,-1],[-5,3],[-2,3],[-2,3],[-5,12],[-9,15],[-2,7],[-3,13],[-1,3],[-2,2],[-3,0],[-5,0],[-3,1],[-2,1],[-3,5],[-3,0],[-4,0],[-6,-4],[-5,-5],[-4,-13],[-1,-6],[1,-5],[0,-4],[1,-5],[-1,-5],[0,-5],[-6,-23],[-5,-13],[-1,-5],[-3,-19],[-2,-3],[-4,0],[-8,4],[-4,3],[-3,4],[-10,18],[-3,0],[-3,-1],[-11,-9],[-4,-5],[-1,-3],[-6,-21],[-10,5],[-2,2],[-2,4],[-1,5],[-1,9],[-1,4],[-2,3],[-1,2],[-2,2],[-1,2],[-2,4],[0,5],[0,5],[-1,6],[0,6],[-1,5],[0,4],[-4,11],[-18,42],[-1,4],[-1,5],[0,5],[0,12],[0,5],[-4,24],[0,4],[-2,3],[-4,-2],[-28,-36],[-5,-1],[-3,7],[-3,7],[-1,2],[-2,1],[-2,-1],[-2,1],[-1,2],[-5,20],[-1,4],[-1,2],[-1,0],[-2,-3],[-2,-8],[-2,-5],[-4,0],[-1,3],[-2,3],[-2,9],[-1,1],[-2,-3],[-4,-14],[-1,-8],[0,-8],[0,-5],[0,-6],[1,-12],[-1,-13],[-5,-68],[-1,-9],[-2,-6],[-5,-15],[-3,-12],[-2,-10],[0,-5],[-1,-5],[0,-19],[-1,-4],[-2,-1],[-3,4],[-2,4],[-1,5],[-1,4],[-2,20],[0,6],[0,5],[1,11],[0,6],[-1,6],[0,5],[-1,5],[-1,4],[-1,3],[-9,15],[-2,6],[-2,3],[-2,2],[-2,1],[-2,3],[-1,5],[0,6],[0,6],[0,6],[-1,5],[-1,4],[-1,4],[-1,3],[-2,1],[-4,1],[-2,1],[-1,3],[-1,4],[-1,5],[0,7],[0,13],[0,13],[-1,5],[0,5],[-1,4],[-2,3],[-2,1],[-3,0],[-4,-2],[-2,-2],[-3,-5],[-1,-7],[-2,-14],[0,-10],[0,-39],[0,-6],[-2,-36],[1,-32],[-1,-12],[-2,-22],[0,-4],[-1,-5],[-2,-4],[-4,-5],[-11,-7],[-3,-4],[-4,-15],[-4,-7],[-15,-25],[-4,-9],[-3,-8],[-2,-9],[-3,-11],[-2,-5],[-4,-4],[-11,-10],[-4,1],[-2,6],[-4,5],[-7,-4],[-6,15],[-4,12],[-2,3],[-7,8],[-3,4],[-1,5],[-1,3],[-2,4],[-4,3],[-6,3],[-6,-4],[-3,-3],[-2,-2],[-7,-5],[-1,-4],[-1,-5],[0,-6],[0,-7],[0,-5],[-2,-4],[-3,0],[-6,4],[-7,14],[-1,5],[-8,20],[-6,6],[-20,16]],[[1045,7557],[9,24],[6,6],[7,-7],[4,-15],[3,-19],[5,-16],[10,-18],[9,3],[6,19],[4,33],[2,9],[15,28],[3,13],[2,14],[3,13],[5,11],[17,44],[3,58],[0,66],[8,64],[13,46],[37,87],[14,41],[6,49],[-3,120],[4,81],[13,-29],[27,-55],[6,-9],[12,10],[2,17],[-4,13],[-9,-8],[6,24],[11,-1],[59,-66],[12,-20],[21,-68],[61,-362],[11,-39],[10,-26]],[[1448,1909],[-71,87],[-82,102],[-17,30],[-14,33],[-39,129],[-5,8],[-11,6],[-10,18],[-6,24],[0,21]],[[1193,2367],[1,1],[16,27],[4,13],[9,31],[2,-11],[1,-3],[1,-4],[2,-1],[1,3],[2,14],[1,4],[2,3],[1,3],[1,3],[0,16],[0,4],[0,2],[2,2],[2,1],[10,-8],[3,0],[22,17],[2,4],[2,4],[8,26],[2,4],[1,1],[2,-1],[9,-15],[13,-16],[20,-13],[5,1],[34,35],[5,3],[16,-1],[29,-38],[8,-13],[73,-51]],[[1193,2367],[1,5],[-9,6],[-8,10],[-15,27],[-9,-18],[-16,-3],[-6,-22],[-4,39],[-1,49],[-3,42],[-8,18],[-4,5],[-5,13],[-7,24],[-10,89],[-5,16],[-6,9],[-21,6]],[[1057,2682],[2,38],[2,19],[3,13],[1,11],[1,27],[1,7],[4,22],[12,81],[0,63],[-6,92],[0,24],[0,13],[1,1],[7,4],[4,0],[16,-3],[19,-11],[1,0],[3,2],[4,6],[6,14],[3,8],[1,7],[2,17],[2,36],[2,29],[2,8],[1,5],[1,4],[9,20],[2,6],[1,6],[1,10],[0,6],[0,13],[1,20],[2,20],[2,10],[1,6],[2,3],[4,5],[2,4],[2,6],[0,6],[0,11],[-2,21],[-1,25],[-1,24],[0,22],[3,47],[0,12],[-1,5],[-1,10],[-1,5],[0,5],[-4,18],[-2,14],[0,6],[0,6],[1,41],[0,6],[0,5],[-2,10],[-3,18],[-2,15],[-1,8],[-2,4],[-2,5],[-4,1]],[[1156,3704],[3,7],[1,2],[2,3],[1,4],[0,5],[1,5],[0,5],[1,4],[4,-2],[4,-7],[10,-19],[3,-11],[2,-9],[0,-6],[1,-5],[1,-4],[1,-3],[3,-5],[3,-6],[1,-3],[1,-5],[2,-2],[3,-2],[9,-1],[7,2],[2,-1],[2,-4],[3,-8],[1,-7],[2,-17],[1,-5],[0,-5],[1,-5],[0,-19],[0,-5],[1,-5],[1,-3],[3,0],[5,3],[4,6],[4,9],[2,3],[1,2],[6,2],[2,3],[1,3],[1,4],[3,0],[4,-4],[21,-30],[63,-62],[4,-3],[39,-19],[4,-7],[20,-66],[1,-4],[15,-59],[103,-211],[1,-2],[2,-2],[1,1],[2,2],[1,3],[1,3],[1,2],[4,-16],[5,-72]],[[1536,6022],[11,-62],[4,-17],[8,-14],[9,-20],[5,-9],[10,-9],[3,-2],[3,-3],[9,-4],[9,0],[14,5],[8,-8],[10,-26],[4,-16],[1,-4],[2,-13],[0,-10],[2,-18],[0,-9],[-1,-6],[-1,-4],[-1,-7],[-1,-34],[-1,-5],[0,-5],[-1,-4],[-1,-3],[-2,-2],[-5,-5],[-2,-3],[-1,-4],[-1,-7],[-1,-13],[0,-12],[1,-16],[3,-27],[1,-12],[2,-8],[4,-8],[4,-12],[3,-14],[2,-6],[2,-3],[7,-1],[1,-1],[2,-2],[4,0],[2,1],[6,-1],[2,0],[2,-3],[1,-3],[3,-9],[2,-3],[1,1],[1,2],[1,5],[1,11],[1,5],[1,4],[1,2],[1,3],[2,0],[3,-3],[17,-49],[2,-6],[0,-6],[1,-16],[1,-13],[1,-5],[3,-1],[0,-20],[-2,-21],[-4,-23],[-1,-12],[-1,-8],[3,-24],[0,-6],[-1,-4],[-4,-2],[-2,1],[-4,3],[-2,0],[-2,0],[-2,-2],[-3,-5],[-5,-12],[-2,-7],[-2,-9],[-2,-23],[-2,-10],[-5,-13],[-2,-10],[-1,-8],[0,-6],[-1,-27],[-5,-60],[0,-27],[0,-12],[-1,-21],[-1,-11],[-1,-7],[-6,-25],[-1,-7],[0,-6],[5,-26],[2,-8],[2,-3],[1,-3],[1,-3],[2,-1],[5,1],[28,36],[8,3],[2,-6],[1,-3],[2,-3],[7,-7],[14,-9],[3,-4],[2,-5],[2,-6],[4,-8],[17,-19],[2,-3],[1,-3],[1,-3],[1,-5],[1,-5],[1,-4],[1,-4],[1,-2],[1,-4],[2,-9],[2,-5],[3,-5],[3,-5],[12,-25],[3,-3],[2,0],[4,7],[3,2],[1,-2],[1,-5],[1,-12],[0,-6],[2,-6],[1,-6],[2,-2],[2,0],[2,4],[2,3],[4,1],[2,-3],[1,-5],[0,-22],[1,-3],[1,-8],[2,-9],[4,-15],[8,-24],[2,-9],[0,-4],[1,-6],[0,-5],[-1,-11],[0,-6],[1,-7],[6,-17],[1,-9],[5,-34],[1,-6],[2,-6],[4,-11],[2,-1],[1,2],[0,5],[-1,34],[0,5],[1,4],[1,4],[1,3],[1,3],[3,9],[2,12],[1,10],[2,16],[0,7],[-1,6],[0,5],[-4,42],[-4,24],[0,1],[-1,1],[0,7],[-1,6],[0,6],[1,12],[1,11],[0,6],[0,6],[0,13],[-1,10],[-1,3],[-1,4],[-2,3],[-3,5],[-1,3],[-1,4],[-1,4],[0,5],[-1,12],[0,6],[0,6],[2,36],[1,5],[1,3],[2,7],[1,4],[2,9],[1,5],[0,6],[1,11],[0,13],[-1,23],[-1,6],[-1,29],[0,7],[1,1],[4,-5],[2,-3],[1,-3],[1,-4],[1,-3],[2,-3],[1,-1],[38,-4],[7,-5],[3,-4],[2,-4]],[[1934,5100],[-1,-2],[-4,-4],[-4,-9],[-11,-42],[-4,-24],[-1,-27],[4,-48],[19,-142],[-2,-39],[-12,22],[-8,-45],[-6,-68],[-2,-51],[1,-57],[-2,-27],[-9,-1],[-5,-20],[-4,-26],[-2,-21],[1,-31],[2,-26],[20,-129],[2,-20],[9,-38],[17,-49],[12,-52],[-7,-45],[17,11],[-25,-159],[-2,-64],[8,-190],[3,-30],[3,-31],[-11,-372],[3,-61],[17,-109],[24,-95],[60,-180],[1,-1]],[[1156,3704],[-13,4],[-3,3],[-19,28],[-5,4],[-1,2],[-2,3],[-33,129],[5,42],[5,24],[0,6],[0,9],[-3,49],[-1,5],[-1,10],[-4,17],[-1,5],[0,5],[-1,6],[0,5],[1,11],[2,14],[8,50],[2,3],[1,2],[4,4],[1,2],[1,3],[1,4],[1,8],[4,47],[-1,14],[-5,22],[-7,31],[-2,16],[0,5],[-1,5],[-1,4],[-2,8],[-1,4],[-2,14],[-3,8],[-17,31],[-10,11],[-2,1],[-5,1],[-1,0],[-3,2],[-9,14],[-3,4],[-6,18],[-15,68]],[[822,3349],[-8,-6],[-3,14],[3,21],[10,12],[4,-16],[-2,-17],[-4,-8]],[[830,3253],[-3,-4],[-1,10],[1,17],[12,93],[7,32],[9,11],[6,-9],[1,-20],[-1,-11],[1,-20],[-1,-35],[-7,-20],[-10,-11],[-8,-16],[-3,-9],[-3,-8]],[[1057,2682],[-4,1],[-6,11],[-5,17],[-9,19],[-28,15],[-10,14],[-18,9],[-11,14],[-20,44],[-12,42],[-25,116],[-16,41],[-22,16],[-23,6],[-12,25],[9,69],[-12,5],[1,21],[25,94],[8,20],[7,8],[6,18],[0,40],[-4,73],[-3,20],[-15,35],[-3,19],[-10,201],[-3,30],[-8,25],[-17,45],[-2,12],[-2,13],[-3,12],[-10,8],[-5,7],[-4,8],[-2,8],[-4,24],[-24,97],[-16,48],[-3,13],[-4,36],[-10,44],[-5,68],[-4,33],[-8,33],[-37,77],[-13,16],[-5,11],[-3,11],[-8,42],[-13,50],[-8,18],[-24,12],[-6,16],[1,27],[5,35],[9,25]],[[1031,3358],[4,-1],[3,0],[14,6],[3,-2],[2,-1],[1,-3],[0,-4],[1,-7],[2,-2],[1,5],[1,7],[1,8],[2,5],[1,2],[2,0],[2,2],[1,4],[1,6],[0,9],[-2,58],[-2,30],[-1,17],[0,11],[1,4],[2,6],[1,6],[1,22],[1,7],[3,9],[1,5],[1,7],[-1,9],[-1,9],[-2,13],[-2,17],[-2,6],[-1,5],[-2,2],[-2,0],[-5,-7],[-3,-5],[-3,-3],[-4,1],[-12,17],[-6,20],[-3,2],[-1,-1],[-1,-1],[-1,-4],[-3,-8],[-7,-9],[-1,-3],[0,-2],[-2,-12],[-7,-37],[0,-5],[1,-54],[1,-5],[2,-11],[1,-4],[1,-5],[2,-4],[6,-12],[2,-5],[1,-6],[1,-7],[0,-8],[0,-4],[0,-2],[1,-1],[1,-3],[1,-3],[1,-9],[0,-6],[0,-5],[-1,-4],[-2,-11],[-1,-5],[-1,-6],[0,-7],[2,-11],[0,-8],[1,-6],[2,-5],[2,-3]],[[1035,3112],[2,-2],[4,3],[7,19],[2,11],[2,12],[10,39],[0,26],[-3,15],[-4,12],[-2,27],[-4,-7],[-2,-2],[-3,-5],[-7,-4],[-4,-5],[-1,-9],[1,-9],[2,-8],[0,-7],[-1,-6],[-1,-10],[2,-24],[0,-7],[-1,-5],[-1,-8],[-2,-4],[-1,-14],[0,-11],[2,-12],[3,-5]],[[1475,7692],[5,-11],[27,-50],[11,-28],[10,-37],[7,-50],[5,-24],[14,-19],[91,-217],[22,-32],[21,-13],[8,-17],[27,-70],[47,-160],[52,-247],[18,-130],[50,-255],[30,-165],[3,-29],[2,-11],[9,-31],[3,-16],[0,-17],[-4,-46],[1,-35],[5,-64],[9,-232],[-1,-35],[-5,-29],[-4,-31],[7,-69],[-1,-22],[16,-142],[1,-47],[-1,-17],[-7,-54],[-4,-18],[-3,-10],[-7,-26],[-2,-11],[0,-14],[3,-40],[-3,-16],[-3,-5]],[[9298,5104],[3,-23],[-28,1],[-35,0],[-23,0],[-18,9],[-3,9],[-27,71],[-2,19],[4,20],[9,19],[10,15],[8,8],[10,-2],[18,-18],[9,-5],[6,-8],[5,-17],[6,-33],[5,-14],[5,-8],[5,-4],[7,-1],[23,-23],[2,-15],[1,0]],[[9695,5512],[-3,-1],[-3,5],[0,5],[-1,32],[-2,9],[-6,15],[-2,8],[-2,17],[2,4],[5,0],[2,0],[7,0],[26,-10],[11,-9],[6,-22],[-2,-22],[-12,-10],[-19,0],[-7,-21]],[[9599,5858],[9,-20],[7,26],[13,-1],[14,-16],[11,-19],[0,-11],[-7,-2],[-5,-10],[-2,-18],[1,-23],[-10,28],[-3,4],[-2,-7],[-2,-14],[-2,-10],[-4,5],[-8,18],[-9,11],[-7,6],[-7,2],[-2,3],[-5,13],[-2,5],[-18,10],[-34,32],[0,10],[40,0],[5,4],[4,11],[3,11],[3,6],[11,-5],[4,-22],[4,-27]],[[9448,7639],[-4,-1],[-3,1],[-5,3],[-4,8],[0,10],[3,15],[5,11],[6,5],[14,2],[7,-7],[1,-15],[-2,-15],[-6,-6],[-3,-2],[-9,-9]],[[9064,8892],[-15,-1],[-16,7],[-13,13],[-5,11],[-1,13],[1,13],[5,12],[5,5],[26,3],[8,7],[6,14],[2,25],[-4,14],[-19,3],[-2,20],[6,19],[21,8],[9,15],[12,-48],[9,-48],[-2,-47],[-19,-47],[-14,-11]],[[8146,5065],[-3,12],[-2,20],[-2,24],[0,37],[1,22],[2,18],[16,60],[2,13],[3,33],[1,17],[-1,16],[-3,20],[-7,27],[-5,14],[-4,8],[-4,4],[-8,5],[-4,4],[-4,6],[-3,12],[-2,17],[-1,27],[0,37],[0,12],[-2,14],[-8,38],[-3,22],[-1,118],[0,12],[1,8],[17,88],[2,16],[1,15],[1,54],[2,29],[2,14],[2,12],[11,30],[2,14],[3,17],[8,77],[0,16],[-1,17],[-11,145],[-3,17],[-4,10],[-7,4],[-9,-1],[-14,-7],[-25,-4],[-47,15]],[[8035,6320],[13,35],[17,63],[6,9],[10,6],[10,13],[8,17],[5,18],[3,24],[3,63],[1,56],[1,14],[6,32],[4,13],[4,9],[2,12],[-3,20],[-19,-27],[-19,2],[-17,21],[-46,119],[-1,14],[1,13],[0,10],[-6,4],[-2,-4],[-10,-26],[-3,19],[2,22],[3,24],[3,50],[4,20],[4,16],[1,12],[6,16],[27,47],[6,31],[5,23],[36,78],[18,117],[10,30],[7,-35],[-17,-99],[10,-45],[3,16],[2,42],[3,17],[17,-45],[10,-15],[45,-9],[15,2],[14,13],[15,41],[13,61],[11,67],[6,62],[4,68],[3,30],[5,24],[8,19],[45,77],[8,26],[4,35],[1,71],[3,30],[32,153],[7,66],[-8,45],[-12,-12],[-4,20],[5,29],[16,15],[9,17],[24,109],[11,29],[6,10],[9,4],[6,-6],[8,-11],[6,-4],[3,16],[-2,51],[-7,4],[-9,-14],[-13,-5],[0,10],[14,22],[8,26],[2,5],[3,2],[11,-2],[4,10],[1,5],[0,8],[5,49],[1,10],[3,13],[5,16],[45,104],[7,23],[10,21],[9,13],[8,17],[3,33],[0,28],[2,29],[4,23],[6,10],[9,20],[32,127],[8,22],[5,22],[3,27],[1,39],[-1,52],[1,16],[2,12],[6,26],[2,15],[0,59],[1,26],[15,21],[4,24],[5,60],[0,34],[2,13],[3,6],[2,5],[6,25],[3,18],[4,13],[6,10],[5,2],[2,-6],[5,-35],[21,-41],[3,-17],[7,-111],[-9,17],[-6,5],[-2,-7],[-3,-48],[-1,-9],[6,-15],[8,-9],[8,-13],[3,-32],[-2,-60],[-6,-41],[-17,-73],[-9,-54],[-7,-66],[3,-54],[20,-15],[11,16],[8,28],[6,28],[5,12],[7,9],[23,65],[16,36],[4,19],[2,53],[2,7],[4,3],[3,8],[7,42],[19,57],[2,23],[-3,31],[-11,68],[0,32],[4,18],[4,2],[5,-6],[6,-3],[5,5],[3,11],[2,11],[-2,5],[-4,7],[-1,17],[1,17],[2,11],[5,3],[6,-5],[6,-6],[4,-3],[4,8],[8,20],[3,-1],[4,-7],[13,-17],[4,-3],[2,-6],[26,-48],[3,-7],[2,-12],[1,-27],[-3,-73],[-3,-16],[-7,-11],[-2,-27],[1,-31],[3,-26],[18,-73],[3,-27],[2,-96],[2,-25],[5,-32],[7,-12],[21,2],[8,-7],[6,-18],[11,-38],[13,-36],[9,-19],[8,-8],[9,6],[5,16],[12,62],[8,28],[5,1],[1,-24],[1,-42],[2,-1],[12,-36],[-2,2],[-2,-7],[0,-10],[0,-7],[2,-3],[6,-5],[2,-2],[8,-21],[5,-8],[7,-3],[7,11],[5,3],[5,-8],[12,-43],[6,-24],[5,-33],[3,0],[2,13],[3,6],[3,-1],[3,-8],[2,-11],[1,-11],[0,-14],[0,-17],[2,-15],[5,-26],[1,-11],[-2,-14],[-4,-14],[-2,-14],[5,-41],[-5,-102],[-3,-23],[-8,-2],[-17,9],[-9,-10],[-9,-18],[-15,-40],[-4,-26],[2,-25],[11,-39],[8,-60],[8,-9],[1,-9],[1,-15],[2,-12],[0,-12],[-3,-19],[-4,-13],[-4,-5],[-4,-6],[-2,-19],[4,-25],[7,-6],[7,-10],[3,-37],[-3,-25],[-7,-22],[-18,-32],[-64,-66],[-12,-40],[9,5],[29,38],[13,10],[36,0],[34,13],[25,-8],[9,2],[3,18],[-4,38],[5,10],[5,-1],[6,-5],[8,-4],[9,2],[24,14],[5,10],[3,20],[7,19],[14,30],[17,64],[9,14],[2,8],[3,4],[8,-5],[17,-54],[1,-15],[0,-17],[0,-14],[9,-14],[2,-18],[-1,-32],[2,-35],[22,-87],[2,-7],[1,-10],[-15,-61],[-8,-14],[-11,-10],[-12,-2],[-9,11],[-9,-9],[-32,9],[-8,-9],[-6,-18],[-1,-19],[5,-9],[2,-11],[16,-119],[4,-11],[2,-2],[3,4],[6,4],[8,7],[20,29],[9,6],[4,-3],[4,-13],[4,-5],[4,2],[5,7],[5,3],[5,-7],[6,-22],[3,-6],[5,7],[4,17],[0,13],[-2,16],[3,27],[3,11],[3,11],[1,13],[-4,28],[1,16],[8,18],[23,7],[21,28],[11,-7],[26,-42],[3,-2],[2,6],[6,19],[4,5],[5,-6],[5,-10],[3,-4],[10,-8],[52,-91],[18,-44],[7,-13],[9,-12],[8,-15],[2,-20],[-1,-15],[-4,-9],[-4,-5],[-1,-6],[-5,-87],[-4,-33],[-1,-33],[3,-32],[4,0],[5,39],[3,18],[4,13],[2,15],[-1,41],[2,17],[13,27],[12,0],[9,-21],[24,-88],[10,-27],[9,-12],[13,-7],[11,-21],[6,-30],[3,-37],[4,8],[2,8],[1,10],[0,16],[24,-55],[9,-8],[11,-15],[9,-32],[2,-33],[-9,-15],[5,-14],[8,-8],[8,0],[6,11],[2,20],[-3,17],[-1,13],[6,13],[13,-1],[24,-39],[15,-1],[40,57],[13,5],[8,-11],[7,-24],[12,-49],[11,-33],[5,-20],[2,-26],[-1,-33],[-5,-51],[-1,-26],[3,-72],[-2,-38],[-11,-31],[-25,-81],[-20,-34],[-93,-102],[-95,-83],[-19,-34],[-12,-15],[-12,-12],[-11,-3],[-8,6],[-16,20],[-14,7],[-11,9],[-6,0],[-7,-7],[-15,-35],[-11,-20],[-5,0],[-6,14],[-3,12],[-9,47],[-18,61],[-16,25],[-10,10],[-5,-8],[-5,4],[-11,-21],[-16,-40],[-4,9],[-2,-6],[-1,-15],[0,-21],[-19,15],[-18,-33],[-29,-97],[-9,-19],[-3,-12],[-2,-17],[1,-18],[2,-7],[3,-3],[13,-26],[4,-9],[3,-13],[5,-45],[13,-56],[14,-50],[15,-44],[18,-39],[7,-18],[4,-10],[5,-4],[4,-1],[11,-4],[4,-5],[2,-9],[4,-28],[3,-11],[3,-8],[3,-7],[9,-11],[2,26],[7,6],[9,-8],[7,-14],[5,-20],[1,-20],[-2,-19],[-6,-19],[-2,-20],[5,-17],[6,-15],[3,-12],[4,-9],[10,14],[14,32],[6,-8],[12,-5],[6,-8],[-2,-21],[6,-28],[20,-66],[0,-11],[-4,-17],[-6,-10],[-4,2],[-5,7],[-8,6],[2,-26],[-2,-23],[-5,-20],[-5,-15],[-8,-17],[-7,-5],[-21,2],[-8,-3],[-17,-14],[-9,-5],[-22,-1],[-12,6],[-8,17],[-7,-27],[-4,-8],[-46,-39],[-41,-11],[-12,-12],[-68,-103],[-11,0],[-31,27],[-9,4],[-6,8],[-19,55],[-8,13],[-4,6],[-4,2],[-2,7],[-4,28],[-2,7],[-6,2],[-16,19],[-13,7],[-5,5],[-11,23],[-6,27],[-4,30],[-8,29],[-8,-3],[-11,-21],[-10,-26],[-5,-17],[2,-14],[10,-18],[2,-16],[0,-64],[2,-16],[8,-22],[1,-19],[-3,-18],[-4,-14],[-11,-22],[-3,-10],[-3,-13],[-3,-11],[-1,-13],[2,-8],[9,-26],[3,-12],[-5,1],[-4,-2],[-21,-25],[-5,12],[-8,10],[-14,-3],[-8,1],[-18,8],[-14,12],[-12,22],[-29,91],[-41,64],[-19,40],[-4,16],[-3,14],[-4,11],[-7,4],[-6,-5],[-8,-22],[-5,-9],[-94,-5],[-29,24],[-21,-1],[-40,-22],[-19,13],[-19,40],[-9,3],[-16,-41],[-10,-9],[-10,0],[-13,15],[-13,-20],[-7,2],[-22,97],[-6,2],[-3,-19],[-11,-32],[-4,-22],[0,-16],[3,-11],[1,-10],[-4,-13],[-9,-7],[-6,7],[-5,1],[-13,-39],[-5,-5],[-5,2],[-5,7],[-13,66],[-2,20],[-2,8],[-4,3],[-3,-1],[-4,0],[-13,41],[-13,-8],[-15,-22],[-14,-12],[-7,2],[-23,19],[-12,2],[-5,3],[-5,9],[-5,-34],[-4,-18],[-5,-13],[-9,-17],[-25,-74],[-6,-10],[-8,9],[-6,18],[-3,25],[-2,25],[-3,11],[-6,11],[-13,14],[-21,4],[-10,8],[-5,22],[-2,24],[-5,13],[-6,-2],[-7,-21],[-5,-48],[1,-51],[-2,-46],[-20,-50],[-2,-20],[-2,-16],[-7,-5],[-5,8],[-4,13],[-4,5],[-21,-60],[-4,-15],[-4,-10],[-10,-8],[-4,-15],[-4,-35]],[[8850,9942],[-1,-37],[-5,-23],[-10,27],[-7,-11],[-3,-29],[6,-27],[-49,-37],[2,-15],[5,-8],[2,-9],[-2,-16],[-5,-7],[-7,-2],[-7,3],[-6,6],[25,137],[7,10],[17,12],[7,9],[21,74],[7,-20],[3,-37]],[[8972,9763],[-7,-29],[-9,13],[-10,-11],[-29,-18],[-7,-8],[-3,-9],[-13,-19],[-5,-9],[-3,-18],[-2,-17],[-3,-16],[-6,-12],[-4,37],[-3,117],[2,25],[2,11],[-1,68],[2,15],[3,7],[8,8],[5,9],[12,37],[12,24],[6,8],[7,3],[38,20],[12,-11],[6,-25],[1,-36],[-5,-118],[-6,-46]],[[5993,2361],[0,-14],[-1,-9],[-5,9],[-5,6],[-5,-6],[-3,-14],[-3,-14],[-5,20],[-9,63],[-5,13],[-10,14],[-2,32],[4,68],[1,62],[-10,255],[1,77],[8,49],[17,-21],[11,-48],[5,-64],[0,-269],[5,-114],[11,-89],[0,-6]],[[8146,5065],[-3,-27],[-6,-136],[-6,-66],[-10,-60],[-5,-17],[-18,-30],[-3,-11],[-1,-35],[8,-22],[11,-17],[7,-23],[0,-50],[-19,-179],[-3,-61],[-1,-61],[3,-36],[12,-93],[1,-16],[-1,-31],[0,-16],[2,-19],[8,-46],[4,-32],[0,-17],[-3,-14],[-5,-6],[-4,4],[-5,7],[-5,2],[-11,-34],[-9,-71],[-18,-232],[0,-26],[8,-30],[8,-8],[1,-11],[-17,-71],[-3,-28],[-2,-65],[-4,-31],[-9,-10],[-21,-7],[-33,-44],[-16,-8],[-15,21],[-13,59],[-7,6],[-8,-40],[-9,-54],[-6,-20],[-29,-60],[-8,-24],[-7,-32],[-2,-18],[-1,-16],[-2,-16],[-4,-17],[-7,-18],[-5,-6],[-1,-7],[3,-21],[13,-52],[3,-30],[-5,-37],[-6,-12],[-5,-3],[-5,-6],[-3,-19],[1,-15],[5,-31],[2,-14],[-2,-32],[-5,-35],[-1,-31],[8,-21],[5,-1],[11,16],[6,5],[6,-1],[6,-7],[7,-8],[5,-11],[7,-25],[8,-35],[6,-36],[1,-27],[-7,-30],[-10,-11],[-23,-7],[-11,-20],[-19,-66],[-8,-14],[-9,-11],[-22,-57],[-10,-19],[-19,5],[-6,-10],[-4,-34],[1,-32],[1,-24],[-3,-18],[-14,-13],[-39,-16],[-15,-27],[-8,-60],[-6,-84],[0,-29],[2,-13],[6,-25],[1,-15],[0,-52],[0,-13],[5,-34],[6,-2],[9,11],[11,5],[5,-10],[2,-21],[0,-23],[-1,-20],[-4,-31],[-3,-26],[0,-26],[2,-33],[0,-29],[-7,-19],[-28,-33],[-28,-10],[-5,-6],[-5,-12],[-5,-15],[-3,-14],[-1,-16],[0,-11],[2,-11],[2,-19],[0,-48],[-5,-107],[-10,-80],[-13,-66],[-8,-26],[-18,-44],[-5,-26],[0,-37],[2,-33],[0,-33],[-3,-30],[-8,-23],[-12,-8],[-11,10],[-41,86],[-11,18],[-12,5],[-10,-8],[-75,-96],[-2,-2],[-11,-23],[-5,-4],[-6,7],[-6,14],[-4,17],[-5,14],[-19,17],[-21,-1],[-73,-34],[-10,-12],[-11,-30],[-31,-116],[-81,-164],[-12,-9],[-15,22],[-25,92],[-11,19],[-11,1],[-11,-9],[-20,-25],[-23,2],[-38,89],[-24,27],[-30,18],[-22,4],[-8,7],[-16,39],[-19,28],[-20,5],[-20,-11],[-19,-19],[-8,0],[-1,13],[3,16],[15,35],[8,25],[6,29],[3,34],[0,35],[-5,21],[-9,15],[-12,15],[-9,3],[-24,-2],[-10,6],[-9,9],[-8,3],[-10,-10],[-5,-14],[-3,-14],[-3,-13],[-7,-9],[-3,1],[-13,12],[-152,24],[-13,-8],[-8,-18],[-7,-22],[-9,-20],[-9,-9],[-31,-9],[-12,-12],[-59,-84],[-9,-23],[-4,-38],[2,-13],[12,-2],[3,-13],[0,-18],[-2,-16],[-16,-97],[-27,-232],[-3,-18],[-7,-10],[-13,-5],[-41,1],[-33,-31],[-44,-162],[-31,-24],[-14,13],[-27,34],[-13,11],[-9,2],[-8,-3],[-43,-50],[-12,-51],[-6,-9],[-5,34],[-2,26],[-3,23],[-6,15],[-9,0],[-20,-19],[-10,-6],[-10,2],[-12,10],[-68,91],[-10,3],[-115,-88],[-32,-3],[-15,-8],[-14,-21],[-28,-73],[-5,-24],[-1,-27],[-1,-13],[-4,-7],[-3,2],[-5,13],[-1,2],[-7,-10],[0,-4],[-10,-12],[-2,0],[-6,6],[-3,0],[-5,-10],[-10,-28],[-7,-7],[-6,3],[-5,10],[-3,12],[-4,7],[-6,1],[-2,-4],[-2,-12],[-5,-19],[-21,-30],[-24,9],[-24,35],[-19,45],[-21,88],[-9,23],[-6,8],[-26,17],[-7,-4],[-7,-6],[-5,5],[-1,31],[-3,38],[-25,111],[-11,66],[-8,31],[-9,14],[-30,12],[-9,11],[-12,26],[-11,58],[-9,26],[-18,27],[-7,16],[-6,33],[-10,90],[-6,25],[-9,14],[-10,0],[-10,-3],[-10,2],[-9,22],[-9,66],[-4,10],[-10,-16],[-3,2],[-1,43],[-3,17],[-46,117],[-9,38],[-6,31],[-3,30],[0,70],[3,122],[-3,29],[-9,11],[-22,0],[-7,7],[-6,15],[-4,18],[-4,19],[-2,19],[0,12],[0,11],[-3,56],[0,23],[4,19],[19,48],[5,19],[8,34],[14,71],[9,83],[0,-1],[2,-26],[2,-34],[5,-63],[0,-30],[-1,-25],[-3,-21],[0,-25],[4,-34],[15,-64],[10,-29],[10,-23],[31,-40],[19,-36],[20,-26],[9,-20],[6,-26],[9,-54],[6,-24],[7,-5],[25,1],[6,4],[8,12],[11,4],[65,-2],[7,-4],[10,-21],[5,-5],[3,4],[8,20],[3,6],[5,6],[3,1],[3,-5],[12,-41],[4,-3],[2,27],[5,18],[1,9],[0,9],[-2,16],[-1,6],[-1,49],[1,14],[6,34],[8,15],[7,-8],[4,-44],[5,-19],[2,-9],[0,-10],[-1,-22],[1,-10],[1,-11],[3,-9],[2,-7],[4,-6],[3,-4],[5,-3],[11,-2],[5,6],[7,29],[15,16],[9,15],[8,3],[7,-27],[-6,-24],[-5,-21],[-2,-24],[-1,-31],[-2,-12],[-9,-28],[-3,-18],[13,18],[8,2],[7,-9],[5,-17],[1,-17],[2,-13],[6,-7],[4,4],[11,16],[6,1],[7,-7],[20,-34],[30,-27],[13,-22],[6,-36],[-3,-39],[-9,-28],[-19,-37],[0,-12],[13,1],[11,6],[9,14],[11,27],[5,29],[-1,30],[-3,28],[0,24],[14,31],[23,-9],[44,-54],[22,-43],[38,-117],[20,-39],[30,-46],[7,-7],[12,5],[17,27],[10,10],[17,-20],[18,-45],[20,-29],[22,31],[-8,1],[-14,16],[-7,4],[-3,10],[-4,42],[-4,10],[-8,4],[-14,15],[-8,2],[-6,-5],[-18,-25],[-11,-2],[-10,9],[-8,16],[-7,23],[-9,21],[-23,27],[-8,21],[-10,74],[-9,28],[-3,19],[0,45],[0,12],[7,54],[5,56],[4,20],[30,17],[11,1],[10,-10],[6,-28],[7,-35],[8,-22],[12,16],[7,4],[7,-15],[8,-13],[11,9],[-10,9],[-5,7],[-9,21],[-4,2],[-5,-1],[-10,8],[-3,-1],[-2,4],[0,19],[-6,25],[-1,7],[-2,5],[-10,6],[-3,3],[-2,8],[-12,60],[-2,21],[-1,23],[2,9],[12,8],[3,10],[-1,9],[-7,14],[-2,13],[2,31],[4,28],[11,53],[16,100],[15,142],[1,36],[3,7],[6,-2],[10,-10],[12,3],[-13,33],[-1,37],[7,20],[9,-3],[10,-10],[19,-12],[4,3],[7,13],[4,12],[9,39],[1,12],[-4,13],[-6,-6],[-5,-16],[-5,-38],[-4,-3],[-6,6],[-14,27],[-10,5],[-37,-16],[-7,3],[-3,16],[0,36],[3,24],[8,25],[10,15],[10,-7],[-5,29],[-10,11],[-9,5],[-4,13],[1,27],[6,73],[5,108],[7,41],[12,31],[5,-26],[6,-12],[18,-16],[5,-15],[13,-48],[4,-10],[3,-4],[4,-9],[3,-6],[4,3],[16,33],[5,4],[17,8],[4,-2],[9,-21],[10,-17],[-4,28],[-10,31],[-17,47],[-4,19],[-6,64],[-4,23],[16,-3],[14,-11],[12,-2],[10,26],[3,-4],[1,-2],[1,1],[2,5],[-11,13],[-19,14],[-8,15],[-7,17],[-5,16],[-3,24],[1,38],[9,94],[2,60],[4,23],[5,16],[37,85],[55,104],[16,23],[97,57],[78,9],[145,115],[141,112],[78,50],[31,37],[6,-1],[89,84],[17,27],[27,87],[10,59],[-6,34],[4,13],[13,28],[25,65],[5,8],[2,15],[17,81],[40,105],[9,43],[2,12],[1,12],[1,33],[3,16],[11,28],[3,9],[4,17],[24,83],[12,62],[4,34],[2,36],[4,29],[9,24],[21,36],[124,321],[107,419],[10,75],[-3,60],[11,51],[5,65],[0,73],[-12,145],[4,25],[11,9],[34,-47],[27,-13],[11,-17],[17,-39],[12,-15],[6,-12],[4,-31],[3,-5],[8,0],[4,-5],[1,-10],[1,-12],[1,-10],[6,-18],[3,-17],[4,-43],[0,-43],[7,-31],[3,-69],[-2,-15],[-7,-18],[-1,-9],[0,-23],[3,-14],[17,-4],[22,-13],[21,11],[10,-2],[6,-20],[11,-97],[5,-30],[7,-30],[32,-89],[11,-23],[4,-12],[2,-15],[4,-39],[3,-12],[21,-7],[24,42],[46,135],[4,22],[3,64],[4,30],[11,52],[4,28],[-2,27],[-16,-19],[0,31],[3,14],[3,10],[13,36],[5,26],[4,25],[5,59],[1,44],[-4,7],[-8,-4],[-10,11],[-9,43],[-3,57],[-2,179],[-2,34],[-3,32],[-10,57],[-4,28],[1,26],[0,1],[5,13],[18,23],[9,17],[17,47],[9,17],[11,10],[9,-2],[10,-4],[9,0],[8,15],[3,24],[1,25],[1,24],[12,35],[5,8],[5,9],[4,11],[3,14],[4,-31],[0,-60],[3,-56],[-3,-122],[2,-125],[4,-60],[17,-119],[6,-61],[6,-151],[4,-22],[7,-14],[29,-32],[10,-7],[16,4],[4,-4],[8,-20],[5,-7],[10,1],[4,-5],[10,-19],[11,-15],[12,-1],[7,24],[-1,32],[-8,33],[-18,50],[-11,48],[-7,60],[-3,65],[0,60],[4,61],[1,27],[-2,36],[-33,290],[-13,55],[-7,14],[-6,9],[-5,15],[0,35],[8,-1],[8,3],[6,12],[4,51],[6,14],[7,-3],[6,-21],[2,-11],[2,-3],[11,3],[5,-3],[5,-6],[5,-9],[5,-30],[9,-9],[11,0],[8,4],[6,13],[17,51],[2,9],[7,19]],[[7947,6939],[5,-77],[0,-37],[-9,-28],[-5,0],[-10,19],[-4,-2],[-10,-26],[-13,-23],[1,23],[15,120],[4,15],[14,40],[8,10],[4,-34]]],"transform":{"scale":[0.0019634822207220673,0.0006505060506050669],"translate":[99.64522806000011,0.851370341000077]},"bbox":[99.64522806000011,0.851370341000077,119.27808678500006,7.355780341000141]}