{"type":"Topology","objects":{"subunits":{"type":"GeometryCollection","geometries":[{"type":"Polygon","id":"Tillabéri","arcs":[[0,1,2],[3]]},{"type":"Polygon","id":"Diffa","arcs":[[4,5,6]]},{"type":"Polygon","id":"Agadez","arcs":[[-7,7,8,9,10]]},{"type":"Polygon","id":"Maradi","arcs":[[11,12,13,-9]]},{"type":"Polygon","id":"Zinder","arcs":[[14,-12,-8,-6]]},{"type":"Polygon","id":"Dosso","arcs":[[15,-1,16]]},{"type":"Polygon","id":"Niamey","arcs":[[-4]]},{"type":"Polygon","id":"Tahoua","arcs":[[-14,17,-17,-3,18,-10]]}]}},"arcs":[[[2592,2505],[-11,-100],[-19,-27],[-17,-7],[-6,-4],[-5,-7],[-7,-26],[-9,-11],[-10,-8],[-49,-31],[-5,0],[-17,0],[-8,0],[-7,-3],[-9,-5],[-9,-6],[-87,-97],[-18,-34],[-3,-8],[-4,-13],[-22,-128],[-5,-18],[-12,-20],[-117,-142],[-20,-16],[-106,-59],[-7,-1],[-9,3],[-66,37],[-10,4],[-8,0],[-7,-9],[-11,-26],[-8,-23],[-11,-71],[-3,-13],[-4,-12],[-9,-4],[-11,-1],[-43,0],[-5,-2],[-6,-4],[-4,-10],[-13,-40],[-6,-9],[-9,-5],[-19,-4],[-13,-5],[-2,-5],[-2,-4],[-1,-17],[-4,-20],[-4,-18],[-1,-10],[1,-4],[1,-5],[5,-15],[1,-5],[0,-5],[-6,-39],[-10,-34],[-12,-24],[-4,-6],[-4,-3],[-4,0],[-4,1],[-7,3],[-8,7],[-2,1],[-2,1],[-13,2],[-8,0],[-22,-7],[-55,-56],[-3,-2],[-6,-4],[-7,-2],[-4,-1],[-8,-1],[-7,2],[-15,5],[-4,0],[-4,-1],[-5,-2],[-9,-5],[-6,-7],[-8,-12],[-4,-8],[-2,-6],[-1,-6],[0,-4],[1,-5],[38,-115],[2,-1],[3,-1],[96,-13],[10,-4],[7,-6],[4,-14],[-1,-7],[-2,-4],[-11,-9],[-22,-24],[-3,-3],[-15,-9],[-9,-9],[-9,-10],[-4,-7],[-2,-6],[-1,-4],[-2,-11],[1,-10],[1,-11],[11,-54],[1,-10],[0,-11],[-1,-16],[-4,-19],[0,-22],[3,-58],[2,-16],[3,-10],[0,-23],[2,-9],[25,0],[1,-2],[3,-2],[4,1],[2,7],[1,4],[2,7],[2,5],[3,4],[6,2],[6,-2],[4,-8],[2,-12],[0,-22],[2,-24],[7,-19],[14,-8],[14,-4],[22,-18],[14,-7]],[[1701,595],[-7,-13],[-15,-1],[-7,-1],[-12,0],[-7,-1],[-7,-6],[-10,-16],[-5,-6],[-7,-2],[-7,5],[-7,-3],[-3,-5],[-2,-6],[-1,-7],[-2,-6],[-9,-19],[-6,-4],[-22,8],[-4,-1],[-8,-8],[-4,-2],[-3,0],[-5,4],[-3,1],[-22,-8],[-3,-2],[-6,-8],[-4,-3],[-4,0],[-2,4],[-1,4],[-2,2],[-7,1],[-6,1],[-5,-3],[-3,-10],[-3,-9],[-4,2],[-3,5],[-5,1],[-3,-3],[-5,-10],[-2,-2],[-8,-1],[-14,1],[-9,-2],[-15,-9],[-6,-15],[1,-19],[6,-47],[21,-79],[4,-9],[4,-6],[7,-7],[6,-4],[6,-2],[4,-4],[2,-11],[-1,-14],[-4,-2],[-7,3],[-6,0],[-5,-6],[-5,-13],[-4,-6],[-5,-2],[-6,1],[-6,-2],[-3,-11],[1,-9],[7,-15],[1,-8],[-33,37],[-50,92],[-44,81],[-47,87],[-28,50],[-12,30],[2,24],[9,11],[37,10],[3,2],[4,9],[4,3],[2,-1],[7,-5],[3,0],[38,4],[9,3],[4,9],[-1,19],[0,4],[2,9],[0,3],[-2,7],[-8,11],[-4,7],[-5,13],[-3,11],[-5,51],[-2,10],[-4,12],[-6,9],[-11,10],[-7,7],[-7,9],[-2,4],[-4,17],[-16,25],[-26,9],[-61,7],[-6,-4],[-11,-16],[-7,-6],[-5,1],[-4,3],[-5,-1],[-3,-4],[-4,-12],[-11,-21],[-7,-16],[-7,-15],[-11,-9],[-11,-2],[-80,9],[-65,8],[-21,7],[-18,13],[-43,48],[-35,39],[-52,57],[-16,18],[-47,51],[-37,42],[-36,40],[-20,12],[-45,5],[-18,14],[-6,13],[-1,16],[0,16],[-1,54],[0,79],[0,72],[8,34],[13,-3],[51,-27],[34,-11],[14,-8],[4,2],[7,29],[3,10],[3,4],[12,-4],[10,-12],[12,-8],[17,9],[-12,18],[-9,9],[-11,3],[-27,4],[-11,5],[-69,42],[-21,20],[-12,26],[-3,38],[-26,35],[-34,27],[-29,12],[-24,-3],[-11,1],[-12,8],[-8,9],[0,6],[2,3],[0,3],[0,5],[0,7],[-2,6],[-6,2],[-84,-4],[-17,8],[-9,21],[3,13],[6,17],[4,16],[-4,8],[-13,6],[-7,10],[-6,11],[-21,19],[-10,11],[-3,5],[-5,9],[-5,16],[-5,7],[-13,11],[-4,7],[0,8],[5,16],[0,7],[-7,10],[-11,7],[-10,10],[-5,15],[-2,15],[-6,7],[-8,5],[-6,9],[0,7],[5,14],[1,6],[-3,7],[-4,4],[-4,4],[-3,6],[-8,16],[-3,9],[2,10],[16,31],[3,10],[3,26],[2,8],[6,10],[1,7],[-2,5],[-27,47],[-91,108],[-8,11],[-19,41],[-4,42],[42,156],[-4,26],[-18,49],[1,24],[7,14],[9,9],[6,11],[-2,20],[-3,42],[0,20],[5,9],[84,-27],[21,0],[20,5],[41,19],[20,1],[98,-45],[9,1],[17,5],[18,10],[19,9],[96,4],[17,5],[16,9],[53,65],[41,50],[51,61],[43,52],[17,13],[21,7],[47,2],[61,3],[61,2],[61,3],[61,3],[61,2],[61,3],[61,3],[61,3],[61,2],[61,3],[61,3],[61,2],[61,3],[61,3],[62,2],[61,3],[31,2],[3,11],[0,31],[2,16],[1,8],[5,4],[10,4],[25,0],[75,-17],[119,-26],[65,-14],[4,-2],[11,-3],[6,98],[7,22],[55,44],[49,71],[24,16],[50,13],[24,16],[16,25],[1,6]],[[2352,3405],[5,-12],[141,-522],[-2,-118],[2,-37],[5,-17],[89,-194]],[[1261,1450],[20,3],[4,-12],[3,-15],[5,-13],[13,13],[11,10],[12,33],[8,37],[5,34],[2,26],[-2,22],[-10,8],[-15,-5],[-6,9],[1,26],[-6,3],[-29,-3],[-34,-2],[-30,9],[-25,0],[-22,-12],[-13,-21],[-3,-19],[1,-30],[12,-32],[14,-27],[19,-24],[22,-11],[23,-4],[20,-3]],[[9744,5332],[0,-7],[-3,-39],[-2,-38],[-3,-39],[-2,-38],[-3,-39],[-2,-39],[-3,-38],[-2,-39],[-3,-38],[-2,-39],[-3,-38],[-3,-39],[-2,-39],[-3,-38],[-2,-39],[-3,-38],[-2,-39],[-3,-39],[-2,-38],[-3,-39],[-3,-38],[-2,-39],[-3,-39],[-1,-21],[-2,-10],[-2,-9],[-8,-15],[-22,-30],[-35,-49],[-36,-50],[-35,-49],[-36,-49],[-35,-50],[-36,-49],[-35,-50],[-36,-49],[-35,-49],[-36,-49],[-35,-50],[-35,-49],[-36,-50],[-35,-49],[-36,-49],[-35,-50],[-25,-34],[-37,-51],[-34,-48],[-18,-33],[-19,-35],[-19,-34],[-19,-34],[-19,-35],[-19,-34],[-18,-35],[-19,-34],[-19,-35],[-19,-34],[-19,-35],[-19,-34],[-19,-34],[-19,-35],[-18,-34],[-19,-35],[-19,-34],[-19,-34],[-16,-45],[-21,-58],[-9,-26],[-3,-16],[-1,-18],[2,-18],[9,-36],[1,-17],[-6,-20],[-9,-6],[-12,-2],[-13,-4],[-6,-6],[-20,-29],[-13,-12],[-2,-4],[1,-4],[7,-8],[2,-5],[4,-33],[-1,-16],[-5,-15],[-21,-23],[-10,-3],[-15,-3],[-26,-3],[-23,-13],[-16,-10],[-21,-38],[0,-49],[12,-59],[9,-43],[7,-39],[4,-27],[5,-27],[4,-27],[5,-27],[4,-27],[5,-27],[4,-27],[5,-27],[5,-27],[4,-27],[5,-27],[4,-27],[5,-26],[4,-27],[5,-27],[4,-27],[-156,8],[-1,0],[-18,-4],[-6,-6],[0,-14],[-9,-9],[-25,-31],[-5,-8],[-3,-8],[0,-4],[3,-6],[1,-5],[-2,-6],[-4,-1],[-5,0],[-2,-1],[-6,-12],[1,-4],[9,-2],[-11,-19],[-16,-8],[-17,-4],[-17,-10],[2,7],[2,9],[-2,6],[-6,2],[-3,-4],[-5,-14],[-5,-6],[1,9],[-1,3],[-10,-4],[-12,-1],[-7,3],[3,9],[0,5],[-17,-2],[-16,-8],[-57,-37],[-17,-4],[-18,5],[-3,-14],[-5,-1],[-9,5],[-9,4],[0,-6],[5,-2],[4,-4],[4,-5],[4,-7],[-8,-9],[-18,-25],[0,-3],[1,-7],[-1,-2],[-2,0],[-5,1],[-2,-1],[-2,-2],[-9,-4],[-2,-3],[3,-10],[4,-6],[0,-3],[-9,-1],[-1,3],[-4,6],[-3,3],[-2,-3],[-1,-1],[-4,-14],[-17,-26],[-10,-10],[-14,-5],[-8,-4],[-4,-19],[-6,-5],[-9,3],[-6,5],[-6,8],[-7,7],[0,-14],[-2,-5],[-4,-6],[-4,-4],[-5,-2],[-2,5],[-3,-3],[-23,-29],[-2,-13],[-8,-16],[-5,-12],[11,-5],[-4,-19],[-4,-9],[-5,-7],[-5,-2],[-14,-4],[-3,-3],[-5,-45],[-3,-10],[-9,-6],[-10,3],[-12,6],[-15,3],[-17,1],[-23,1],[-10,4],[-6,-5],[-5,4],[-4,8],[-7,4],[-6,-1],[-3,-4],[-3,-4],[-3,-2],[-5,1],[-1,3],[0,5],[-2,5],[-8,6],[-32,14],[-10,-3],[-13,-12],[-9,-2],[-21,-2],[-37,12],[-13,8],[-29,30],[-88,71],[-70,37],[-191,63],[-308,-2],[-115,18],[-60,-7],[-18,-4]],[[6634,1416],[-2,4],[-20,97],[2,14],[5,20],[109,149],[5,9],[2,6],[2,7],[1,10],[0,23],[-1,17],[0,7],[3,7],[257,309],[13,11],[8,1],[9,-3],[25,-19],[8,-5],[5,0],[8,2],[115,47],[159,134],[8,6],[7,1],[52,-3],[9,1],[8,6],[42,39],[5,8],[-4,6],[-25,12],[-8,5],[-4,8],[-3,9],[-4,13],[-2,11],[2,20],[2,11],[4,10],[6,8],[17,14],[18,12],[11,1],[1,3],[-1,2446]],[[7488,4910],[13,8],[10,13],[128,112],[482,289],[1618,0],[5,0]],[[7488,4910],[-215,-100],[-258,-229],[-186,-72],[-1034,-868],[-222,-110],[-259,-186],[-116,-53],[-38,-5],[-115,3],[-12,-1],[-12,-3],[-50,-34],[-108,-2],[-253,50],[-25,-35],[-51,-187]],[[4534,3078],[-127,88],[-34,4],[-251,-13]],[[4122,3157],[-37,484],[13,137],[0,13],[-3,12],[-10,8],[-98,33],[-4,2],[-9,7],[-43,43],[-4,5],[-4,6],[-11,24],[-1,9],[-139,429],[-3,6],[-55,81],[-142,139],[-338,272],[-13,13],[-14,17],[-84,147],[-110,118],[-8,11],[-5,12],[-14,86],[-4,11],[-8,4],[-67,7],[-11,3],[-10,6],[-7,15],[-3,10],[-2,8],[0,5],[0,10],[3,10],[19,39],[2,10],[-7,101],[1,5],[5,17],[0,5],[1,5],[-1,5],[-1,9],[-4,13],[-3,19],[0,11],[0,5],[1,5],[5,21],[83,220],[-60,23],[-331,5],[-9,0]],[[2578,5878],[-1,2],[0,105],[0,104],[0,105],[-1,104],[120,31],[119,31],[119,30],[119,31],[63,16],[139,35],[138,36],[63,16],[82,21],[28,14],[28,24],[49,57],[40,46],[40,46],[40,46],[40,46],[40,46],[40,45],[39,46],[40,46],[40,46],[40,46],[40,46],[40,46],[40,46],[39,45],[40,46],[40,46],[37,42],[23,27],[49,54],[46,49],[45,49],[45,49],[45,50],[63,68],[82,65],[43,34],[43,34],[43,34],[43,34],[43,34],[43,34],[44,34],[42,34],[44,34],[43,34],[43,34],[43,33],[43,34],[43,34],[43,34],[43,34],[43,34],[43,34],[43,34],[43,34],[43,34],[43,34],[43,34],[43,34],[43,34],[43,34],[43,33],[43,34],[43,34],[43,34],[43,34],[43,34],[43,34],[43,34],[43,34],[43,34],[43,34],[43,34],[43,34],[43,34],[43,34],[43,33],[43,34],[43,34],[43,34],[43,34],[43,34],[43,34],[43,34],[43,34],[43,34],[43,34],[43,34],[43,34],[43,34],[43,34],[43,33],[43,34],[43,34],[43,34],[43,34],[43,34],[43,34],[43,34],[56,-17],[56,-16],[56,-17],[56,-17],[55,-16],[56,-17],[56,-17],[56,-16],[56,-17],[55,-17],[56,-16],[56,-17],[56,-16],[55,-17],[56,-17],[56,-16],[64,-20],[74,-51],[36,-39],[79,-87],[79,-87],[79,-87],[79,-88],[29,-31],[9,-6],[10,1],[40,27],[108,73],[108,73],[108,73],[108,73],[1,0],[0,1],[8,-53],[7,-53],[8,-53],[7,-53],[8,-53],[7,-53],[8,-53],[8,-53],[7,-53],[8,-53],[7,-53],[8,-53],[8,-53],[7,-53],[5,-36],[6,-36],[4,-34],[1,-17],[0,-44],[1,-62],[1,-72],[1,-71],[1,-62],[0,-44],[0,-17],[1,-22],[2,-14],[10,-12],[30,-20],[12,-11],[22,-33],[15,-29],[10,-21],[11,-21],[11,-20],[10,-21],[11,-21],[10,-20],[11,-21],[11,-21],[10,-21],[11,-20],[10,-21],[11,-21],[11,-20],[10,-21],[11,-21],[10,-21],[11,-20],[-26,-18],[-15,-33],[-6,-39],[6,-38],[7,-22],[9,-18],[11,-16],[52,-52],[17,-24],[37,-52],[37,-51],[37,-52],[37,-51],[15,-21],[9,-19],[1,-14],[-5,-14],[-13,-30],[-25,-58],[-25,-59],[-26,-58],[-25,-58],[-9,-22],[-20,-67],[-2,-35],[-3,-38],[-2,-39],[-3,-39],[-3,-38],[-2,-39],[-3,-38],[-2,-39],[-3,-39],[-2,-38],[-3,-39],[-2,-38],[-3,-39],[-3,-39],[-2,-38],[-3,-39],[-2,-38],[-3,-39],[-2,-39],[-3,-38],[-2,-39],[-3,-38],[-3,-39],[-2,-38],[-3,-39],[-2,-39],[-3,-38],[-2,-39],[-3,-38],[-2,-39],[-3,-39],[-3,-38],[-2,-39],[-3,-38],[-2,-39],[-3,-38],[-2,-39],[-3,-39],[-2,-38],[-3,-39],[-2,-38],[-3,-32]],[[4534,3078],[40,-31],[9,-29],[3,-118],[3,-16],[25,-57],[7,-27],[21,-139],[3,-11],[6,-11],[11,-17],[7,-11],[13,-54],[9,-13],[11,-10],[54,-39],[9,-8],[5,-8],[3,-12],[3,-105],[1,-11],[4,-12],[8,-8],[31,-20],[10,-3],[8,0],[11,9],[58,67],[9,8],[11,3],[35,-2],[6,-1],[2,-3],[21,-43],[10,-15],[6,-5],[25,-15],[7,-3],[12,-7],[21,-22],[3,-2],[4,-1],[13,-1],[7,-4],[9,-8],[33,-40],[3,-2],[25,-16],[8,-6],[7,-8],[2,-5],[3,-7],[2,-9],[4,-29],[2,-6],[4,-9],[78,-71],[10,-13],[3,-13],[1,-15],[0,-26],[1,-11],[2,-10],[4,-17],[3,-30],[0,-29],[-1,-14],[-3,-12],[-8,-8],[-180,-119],[-4,-4],[-2,-3],[-2,-4],[-2,-5],[-3,-11],[-1,-5],[-1,-10],[1,-11],[2,-8],[5,-14],[9,-9],[11,-8],[21,-12],[10,-7],[6,-9],[0,-12],[-14,-65],[0,-13],[15,-119],[0,-15],[-4,-14],[-38,-93],[-3,-5]],[[5117,1282],[-1,0],[-19,7],[-9,6],[-21,22],[-18,14],[-15,18],[-7,8],[-17,8],[-161,30],[-21,-3],[-22,-12],[-230,-182],[-20,-8],[-22,0],[-66,16],[-14,-4],[-39,-59],[-30,-34],[-13,-9],[-4,-1],[-11,-2],[-47,-1],[-21,3],[-20,10],[-20,20],[-23,28],[-38,56],[-15,38],[-52,124],[-103,148],[-89,110],[-42,32],[-11,3]],[[3876,1668],[-1,14],[0,48],[1,14],[3,14],[8,13],[21,27],[7,14],[0,15],[-8,44],[0,13],[6,10],[9,10],[40,38],[7,7],[7,10],[3,3],[3,1],[3,2],[21,6],[6,3],[9,7],[2,3],[3,15],[6,90],[-1,42],[-3,8],[-4,23],[-3,19],[-2,9],[-19,62],[-4,22],[-1,26],[37,398],[-1,16],[2,16],[89,427]],[[6634,1416],[-307,-87],[-26,-14],[-120,-88],[-11,-15],[-3,-8],[-3,-21],[-3,-9],[-5,-6],[-2,-1],[-3,1],[-7,-3],[-12,-11],[-21,-26],[-109,-168],[-4,-7],[-8,-8],[-6,-6],[-5,-3],[-13,-1],[-134,21],[-12,-1],[-34,-13],[-23,0],[-184,29],[-22,3],[-167,65],[-23,17],[-11,17],[-18,40],[-13,18],[-27,27],[-15,9],[-17,5],[-8,0],[-16,-2],[-7,-3],[-7,-5],[-3,-2],[-2,0],[-6,3],[-5,4],[-63,75],[-16,25],[-8,10],[-8,5]],[[2828,1715],[-76,-24],[-34,-18],[-30,-27],[-99,-125],[-18,-11],[-19,-5],[-41,-2],[-1,-202],[-2,-20],[-20,-181],[-101,-208],[-41,-51],[-138,-137],[-3,-9],[7,-210],[-17,-111],[-1,-37],[16,-62],[3,-29],[-11,-28],[-11,-15],[-7,-12],[-2,-14],[3,-48],[2,-8],[4,-9],[2,-3],[3,-2],[15,-21],[7,-15],[3,-17],[-4,-18],[-8,-10],[-32,-26],[-5,5],[-6,13],[-5,4],[-2,7],[-1,7],[-3,6],[-3,14],[-2,7],[-3,3],[-4,3],[-4,5],[-21,40],[-5,6],[-7,6],[-23,11],[-29,23],[-7,3],[-6,6],[-8,1],[-9,-7],[-8,-5],[-9,3],[-8,7],[-5,7],[-9,14],[-15,32],[-4,15],[-3,19],[-2,18],[-2,5],[-8,8],[-2,5],[-109,130],[-26,50],[-6,16],[-2,4],[-6,2],[-21,3],[-7,4],[-7,5],[-5,7],[-4,19],[-5,10],[-6,9],[-13,9],[-31,36]],[[2592,2505],[43,-35],[14,-21],[48,-128],[6,-34],[26,-286],[2,-10],[60,-128],[36,-148],[1,0]],[[3876,1668],[-34,10],[-13,-4],[-36,-27],[-7,-2],[-4,3],[-4,4],[-6,4],[-179,93],[-179,93],[-20,6],[-93,-21],[-18,-12],[-7,-13],[-11,-31],[-9,-13],[-19,-18],[-7,-4],[-22,-6],[-91,5],[-64,-15],[-36,3],[-15,9],[-14,17],[-14,9],[-21,-3],[-125,-40]],[[2352,3405],[8,24],[5,33],[6,82],[4,16],[10,19],[36,48],[1,3],[0,2],[0,5],[0,1],[0,2],[0,1],[-1,1],[-7,25],[-3,23],[3,23],[56,180],[10,19],[12,17],[15,15],[27,18],[9,11],[5,20],[0,93],[0,73],[-1,113],[0,53],[2,8],[8,17],[3,9],[-4,83],[1,15],[4,15],[5,3],[6,0],[9,8],[0,89],[0,53],[-1,105],[0,104],[0,105],[-1,104],[0,105],[0,105],[0,58],[0,46],[0,105],[-1,104],[0,105],[0,105],[0,102]]],"transform":{"scale":[0.001581896267426743,0.0011822760442044297],"translate":[0.152941121000111,11.695773010000025]},"bbox":[0.152941121000111,11.695773010000025,15.970321899000112,23.51735117600012]}