{"type":"Topology","objects":{"subunits":{"type":"GeometryCollection","geometries":[{"type":"Polygon","arcs":[[0]]},{"type":"Polygon","id":"Noord-Brabant","arcs":[[1,2,3,4,5,6,7,8,9]]},{"type":"Polygon","id":"Utrecht","arcs":[[10,11,12,13]]},{"type":"Polygon","id":"Zuid-Holland","arcs":[[-13,14,-9,15,16,17]]},{"type":"MultiPolygon","id":"Noord-Holland","arcs":[[[18,-14,-18,19,20]],[[21]]]},{"type":"Polygon","id":"Saba","arcs":[[22]]},{"type":"Polygon","id":"St. Eustatius","arcs":[[23]]},{"type":"Polygon","id":"Bonaire","arcs":[[24]]},{"type":"Polygon","id":"Drenthe","arcs":[[25,26,27,28]]},{"type":"MultiPolygon","id":"Friesland","arcs":[[[29]],[[-28,30,31,-21,32,33]],[[34]],[[35]],[[36]]]},{"type":"Polygon","id":"Gelderland","arcs":[[37,38,-10,-15,-12,39,40]]},{"type":"MultiPolygon","id":"Groningen","arcs":[[[-29,-34,41]],[[42]]]},{"type":"Polygon","id":"Limburg","arcs":[[43,-2,-39]]},{"type":"Polygon","id":"Overijssel","arcs":[[44,-41,45,-31,-27]]},{"type":"Polygon","id":"Flevoland","arcs":[[-46,-40,-11,-19,-32]]},{"type":"MultiPolygon","id":"Zeeland","arcs":[[[46]],[[47,-6]],[[-4,48]],[[-8,49,-16]],[[50]]]}]}},"arcs":[[[9918,9997],[3,0],[-1,-1],[-1,-1],[0,-1],[-1,-1],[-2,1],[0,1],[2,2]],[[9822,9566],[3,-1],[0,-3],[1,-3],[2,-2],[5,0],[2,-2],[2,-9],[2,-3],[-1,-2],[1,-1],[1,-1],[1,-1],[3,-5],[0,-1],[1,-1],[1,-7],[1,-2],[0,-2],[-2,-3],[-3,3],[-2,0],[-6,-2],[-4,-1],[-1,0],[-5,2],[-5,1],[2,-15],[3,-14],[5,-7],[3,-8],[-5,-5],[-3,-3],[-4,-1],[-9,-3],[-13,-5],[-3,-4],[-1,-1],[-2,-5],[-2,-8],[0,-2],[-1,-1],[-1,-1],[-1,0],[-4,-1],[-2,-1]],[[9781,9435],[-1,1],[0,6],[-1,4],[-2,4],[-3,2],[-3,1],[-3,-2],[-6,-4],[-2,-2],[-16,1],[-4,-1],[-1,0],[-2,0],[0,9],[-3,3],[-2,1],[-5,-1],[-2,2],[-1,1],[-1,6],[-1,2],[-5,5],[-1,3],[1,5],[1,4],[1,4],[-3,5],[-4,3],[0,1],[-2,-1],[-1,-1],[0,-2],[-1,-3],[-2,-4],[-3,-5],[-4,-4],[-3,0],[-5,2],[-2,1],[-9,0],[-3,2],[1,3],[1,0],[6,-3],[-1,4],[0,4],[1,3],[0,4],[-1,2],[-3,1],[-2,1],[-2,1],[-4,-3],[-10,-14],[-2,-1],[-2,-1],[-2,0],[-4,1],[-4,-1],[-1,0],[-3,2],[0,3],[1,3],[1,4],[-1,2],[-2,0],[-4,-1],[-7,-3],[-7,-4],[2,-2],[-1,-2],[-1,-2],[0,-2],[1,-2],[3,-4],[1,-3],[-1,-4],[-2,-1],[-6,0],[-3,1],[-5,3],[-1,0]],[[9613,9472],[0,2],[0,1],[-2,2],[0,4],[0,3],[0,1],[0,1],[1,1],[-1,3]],[[9611,9490],[3,1],[1,5],[-1,6],[-3,4],[-3,2],[-1,0]],[[9607,9508],[1,5],[0,1],[0,3],[-1,3],[0,1],[-4,4]],[[9603,9525],[0,5],[-2,2]],[[9601,9532],[1,5]],[[9602,9537],[6,2],[5,0],[7,2],[5,4],[4,9],[14,-3],[5,0],[5,1],[5,3],[3,1],[4,0],[7,9],[2,5],[3,3],[4,3],[7,1],[3,1],[5,5],[4,0],[6,-1],[4,0]],[[9710,9582],[0,-2],[0,-1],[2,-3],[5,-4],[3,0],[2,0],[4,-4],[0,-4],[-1,-3],[1,-1],[24,3],[3,2],[2,2],[2,3],[1,4],[1,5],[2,1],[6,0],[2,1],[3,2],[3,1],[2,-2],[2,0],[8,1],[6,-1],[1,-2],[2,-4],[1,-1],[3,-1],[9,-7],[13,-1]],[[9757,9692],[5,-4]],[[9762,9688],[0,-4],[-1,-5],[0,-2],[1,-2],[4,-4],[0,-2],[0,-1],[-1,-1],[-1,0],[0,-1],[1,-1],[3,-2],[3,0],[1,-1],[1,-2],[1,-1],[1,0],[1,-2],[0,-1],[-1,-2],[0,-1],[1,-1],[0,-1],[-2,0],[-1,-2],[-1,-3],[-1,-1],[-1,-1],[0,-1],[1,0],[3,-2],[2,0],[1,1],[0,1],[1,0],[1,0],[0,1],[1,1],[0,1],[0,1],[-1,2],[2,0],[2,-5],[0,-1],[0,-1],[0,-6],[1,-7],[2,-4],[2,-3],[1,-2],[1,-1],[0,-1],[0,-2],[0,-3],[0,-2],[-5,2],[-10,7],[-6,1],[-1,-1],[-3,-2],[-1,0],[-2,0],[-3,1],[-3,-1],[-4,-3],[-3,-1],[-7,5],[-2,-1],[-2,-2],[-4,0],[-2,0]],[[9732,9616],[-1,0],[-2,2],[-2,1],[-1,4],[-2,1],[-2,1],[-1,-1],[-1,-1],[-3,-1],[-1,-1],[-2,-3],[-2,0],[-5,1],[-5,-3],[-3,-4],[-2,-1],[-3,0],[-1,-1],[-3,5],[-4,6],[-1,2],[0,1],[1,0],[1,1],[2,1],[-1,3],[-6,-1],[0,1],[4,8],[5,2],[1,2],[-6,0],[-2,9],[-2,1],[-1,2],[0,1],[4,4],[1,0],[1,-1],[3,-1],[0,1],[1,0],[-1,1],[-1,3],[0,2],[1,1],[-6,7],[-3,1],[-1,1],[-1,1],[-1,3]],[[9678,9677],[6,2],[2,2],[2,2],[3,2],[6,0],[1,4],[1,1],[2,0],[2,1],[3,2],[1,0],[1,-1],[1,0],[0,-1],[3,1],[5,-1],[-4,-2],[-1,-1],[1,-1],[0,-1],[0,-1],[1,0],[0,-1],[1,0],[0,-1],[1,-2],[-2,-3],[-1,-5],[1,-4],[0,-5],[4,1],[2,1],[5,1],[7,0],[3,2],[1,2],[1,3],[1,2],[0,2],[3,8],[2,4],[1,1],[1,0],[7,0],[5,1]],[[9732,9616],[-3,-8],[0,-1],[-5,-9],[0,-2],[0,-1],[0,-1],[-1,-1],[-10,-5],[-4,0],[1,-1],[0,-1],[-1,-2],[1,-2]],[[9602,9537],[-3,1],[-3,2],[-3,2],[-2,-2],[0,-1]],[[9591,9539],[0,1],[0,3],[0,2],[2,2],[2,1],[4,0],[-1,2],[-3,3],[-9,3],[-2,3],[-1,8],[-2,5],[-4,3],[-3,3],[-3,-2],[-3,-1],[-4,0],[-2,-1],[-1,-1],[-1,0],[-1,0],[-1,7],[4,3],[8,2],[1,2],[3,0],[4,-1],[4,-2],[1,0],[2,1],[1,1],[-1,2],[-3,6],[-1,1],[-1,1],[0,1],[0,2],[1,1],[1,1],[0,1],[-1,4],[-2,9],[-2,4],[1,2],[1,2],[6,-2],[5,1],[5,3],[19,26],[16,27],[12,24]],[[9642,9702],[6,-3],[1,0],[2,0],[3,1],[3,-1],[-6,-10],[0,-1],[0,-1],[0,-2],[-1,-3],[-2,-3],[1,-2],[1,0],[1,-1],[1,-1],[1,0],[3,0],[6,2],[3,1],[5,2],[1,0],[1,-4],[0,-1],[1,-1],[5,3]],[[9757,9814],[-1,-24],[-7,2],[-4,-3],[-2,-9],[-22,-16],[3,-16],[6,-10],[4,-11],[-5,0],[-7,-8],[0,-7],[7,-9],[4,-1],[5,0],[3,0],[5,-1],[11,-9]],[[9642,9702],[1,3],[8,26],[1,7],[0,2],[3,6],[6,47],[2,12],[0,3],[2,8],[5,16],[1,8],[1,4],[0,6],[1,5],[2,2],[8,-2],[1,2],[1,-2],[-2,-7],[3,-5],[6,-1],[5,0],[3,2],[5,5],[3,1],[5,1],[6,3],[13,13]],[[9732,9867],[0,-1],[1,-3],[10,-31],[14,-18]],[[9694,9891],[0,-1],[3,0],[-1,-3],[-2,-4],[-4,-6],[-6,-6],[-3,-6],[-4,-2],[-5,2],[-2,7],[0,6],[3,7],[3,6],[7,6],[3,7],[3,6],[4,0],[1,-2],[0,-1],[0,-1],[-1,-1],[2,-4],[1,-4],[0,-4],[-2,-2]],[[685,1354],[1,-1],[1,-3],[-1,-3],[-1,-1],[-2,3],[0,4],[2,1]],[[717,1325],[2,-2],[0,-3],[2,-2],[3,-3],[-1,-3],[-1,-2],[-3,1],[-2,6],[0,8]],[[27,50],[1,-2],[2,-2],[0,-2],[-1,-1],[-2,-3],[1,-12],[0,-5],[-1,-1],[-3,-1],[0,-1],[0,-2],[1,-6],[0,-3],[0,-2],[0,-3],[-1,-3],[-1,-1],[-1,0],[-1,1],[-3,11],[-1,4],[0,5],[1,7],[0,5],[-1,5],[-2,6],[-2,2],[-7,2],[-3,2],[-2,3],[-1,4],[2,4],[-1,2],[0,3],[1,2],[2,1],[1,0],[2,-2],[3,-6],[1,-2],[3,-1],[8,-7],[4,-1],[1,0]],[[9982,9826],[-1,-4],[-1,-8],[-1,-26],[-1,-8],[-3,-5],[-5,1],[-2,1],[-6,-1],[-7,2],[-13,0],[-4,-1],[-2,-2]],[[9936,9775],[-2,1],[0,2],[0,2],[-1,0],[0,1],[-10,5],[-2,0],[-4,-1],[-6,-4],[-2,-2],[0,-1],[0,-7],[-5,3],[-1,0],[-1,0],[-1,-1],[-1,0],[-1,0],[0,1],[-1,1],[-1,0],[0,-1],[-1,0],[-3,-1],[-1,0],[-1,0],[-1,4],[-1,1],[-2,3],[-2,2],[-1,2],[-1,0],[-6,0],[-1,0],[-5,3],[-2,1],[-1,0],[0,-1],[-1,-1],[-1,0],[-1,1],[-1,0],[0,1],[-1,1],[-1,1],[-4,13],[1,3],[4,1],[4,6],[1,2],[-1,2],[-2,2],[-1,1],[-6,8]],[[9858,9829],[11,10],[4,5],[1,2],[2,1],[3,0],[3,-1],[5,-3],[6,4],[1,1],[3,7],[1,1],[0,1],[-2,4],[-7,11],[0,2],[-1,3],[0,1],[0,1],[-1,1],[-3,2],[-2,1],[-1,1],[0,3]],[[9881,9887],[3,-1],[1,1],[2,4],[1,2],[0,2],[2,4],[0,1],[1,0],[0,3],[2,3],[2,1],[3,2],[4,5],[5,-2],[2,-2],[2,1],[2,-4],[2,-4],[1,0],[0,-1],[2,-1],[4,-6],[2,-4],[0,-1],[1,0],[8,3],[3,0],[2,-1],[5,-6],[6,-7],[3,-3],[3,-3],[4,-5],[5,-6],[6,-9],[7,-9],[1,0],[0,-2],[-3,-9],[3,-1],[1,-1],[3,-3],[0,-1],[0,-1]],[[9700,9919],[-4,-3],[-4,2],[6,8],[9,8],[8,6],[7,-1],[0,-1],[-3,0],[-2,-1],[-4,-2],[-10,-11],[-3,-5]],[[9858,9829],[-6,-2],[-2,0],[-3,-1],[0,-1],[0,-1],[-2,-2],[-5,0],[-1,0],[-1,2],[-2,2],[-1,0],[0,1],[0,-1],[-1,0],[-2,-1],[-1,0],[0,-1],[-1,-1],[0,-1],[-1,-1],[-1,0],[-3,-3],[-1,0],[-1,0],[-4,0],[0,1],[-2,1],[-5,-3]],[[9812,9817],[-1,4],[-4,4],[-1,1],[-3,-1],[-2,1],[-3,0],[-3,-1],[-3,-2],[-4,-4],[-6,-4],[-25,-1]],[[9732,9867],[13,13],[2,2],[3,3],[6,1],[2,2],[3,6],[4,16],[2,8],[5,6],[3,3],[5,2],[2,3],[2,3],[3,3],[2,1],[7,1],[4,4],[21,9],[5,4],[3,0],[9,5],[13,1],[14,1]],[[9865,9964],[-1,-4],[-1,-2],[1,-6],[2,-1],[3,0],[0,-1],[1,0],[0,-1],[1,-1],[1,0],[1,0],[1,0],[0,1],[3,-1],[0,-1],[0,-1],[0,-4],[0,-2],[1,0],[0,-1],[-2,-3],[-2,-2],[0,-1],[-1,-3],[-2,-4],[-2,-3],[1,-2],[0,-1],[0,-1],[0,-1],[0,-1],[-5,-7],[-1,-3],[-1,-6],[0,-5],[2,-1],[1,-2],[2,-1],[5,0],[3,-1],[4,-3],[1,-1]],[[9765,9962],[-6,-2],[-5,-2],[-18,-8],[-4,0],[-2,3],[2,4],[7,3],[2,2],[3,0],[18,4],[2,2],[2,2],[20,4],[-3,-5],[-4,-1],[-8,-1],[1,-2],[0,-1],[-2,-1],[-5,-1]],[[9829,9979],[6,-3],[-14,-4],[-13,0],[-4,-1],[-6,-3],[-3,1],[-3,4],[1,3],[2,2],[2,-1],[32,2]],[[9861,9978],[-3,-4],[-1,1],[0,1],[1,1],[-1,4],[3,3],[5,2],[4,1],[13,1],[3,-1],[0,-1],[-1,0],[-23,-8]],[[9943,9650],[-1,0],[-2,-1],[-3,-3],[0,-1],[-1,-3],[-1,-2],[-2,-1],[-1,0],[-2,-1],[0,-2],[0,-4],[2,-1],[3,-1],[8,-6],[4,-4],[1,-1],[0,-2],[0,-3],[-1,0],[-1,0],[-1,-2],[-3,-6],[-3,-4],[-4,-2],[-11,-1],[-14,-5],[-6,-5],[-2,-2],[-3,0],[-8,3],[1,-5],[-1,-3],[-5,-1],[0,4],[-2,1],[-5,1],[-1,1],[-2,3],[0,1],[-2,0],[-4,-1],[-4,2],[-4,4],[-5,2],[-4,-3],[1,-1],[5,-6],[2,-3],[-2,0],[-3,1],[-4,2],[-6,-2],[-2,-1],[-2,-2],[-3,-2],[-5,-1],[-3,-1],[0,-3],[3,-2],[2,-5],[0,-5],[-3,-2]],[[9833,9563],[-4,2],[0,1],[-2,3],[-1,1],[-1,0],[-1,0],[-2,-1],[0,-3]],[[9762,9688],[3,-1],[9,2],[5,2],[2,5],[2,5],[2,6],[3,3],[3,3],[4,3],[4,2],[6,3],[5,3],[4,3],[2,3],[3,5],[2,5],[2,6],[0,3],[0,1]],[[9823,9750],[2,-1],[1,0],[2,-3],[3,-6],[2,-1],[4,2],[4,4],[4,2],[1,-1],[1,0],[1,-2],[1,-2],[2,-3],[1,-1],[1,-1],[1,-4],[1,-3],[3,-5],[1,-1],[-1,-3],[-2,-6],[-4,-1],[0,-1],[-1,0],[1,-2],[0,-1],[-1,-2],[-1,-5],[0,-2],[1,-3],[1,-1],[3,-1],[2,-7],[0,-2],[0,-1],[0,-1],[2,-1],[1,0],[0,-1],[-1,-2],[0,-1],[1,-1],[1,-1],[1,0],[1,2],[1,1],[2,0],[9,-2],[8,0],[1,1],[2,1],[5,2],[4,0],[1,-2],[6,-10],[4,-4],[3,0],[5,-1],[4,1],[1,0],[1,0],[0,-1],[0,-1],[0,-1],[1,0],[5,1],[1,-1],[1,0],[1,0],[0,-1],[0,-1],[0,-3],[0,-1],[-1,-3],[13,-4],[1,-1],[1,0]],[[9865,9964],[12,0],[1,-1],[2,-2],[2,0],[1,0],[3,3],[20,6],[31,6],[13,-3],[3,-1],[2,-3],[5,-20],[4,-2],[0,-1],[0,-1],[1,-1],[1,-1],[4,-1],[5,-4],[3,1],[1,-1],[1,-1],[2,1],[1,1],[1,0],[0,-1],[-1,-1],[-1,-1],[1,-1],[0,-2],[0,-4],[4,-3],[10,-2],[1,0],[1,-7],[0,-4],[0,-4],[-1,-4],[-2,-5],[-1,-2],[1,-3],[0,-2],[1,-1],[0,-2],[1,-17],[0,-9],[-1,-8],[-3,-8],[-11,-18],[-1,-4]],[[9901,9999],[7,-3],[-1,0],[0,-1],[-1,0],[0,-1],[-5,1],[-2,2],[0,2],[2,0]],[[9833,9563],[0,-1],[-1,-3],[2,0],[4,0],[1,-1],[3,-2],[1,-2],[-1,-7],[3,-4],[9,-5],[-2,-5],[-1,-3],[1,-3],[9,-14],[5,-7],[1,-8],[1,-4],[-1,-5],[-1,-5],[0,-5],[2,-2],[-1,-3],[0,-5],[-1,-3],[-1,-2],[-4,-3],[-1,-1],[-7,-15],[-3,-3],[-1,-3],[-1,-5],[0,-5],[1,-5],[3,-2],[6,6],[3,-2],[-1,0],[-3,-3],[3,-3],[-2,-3],[-8,-5],[-12,-11],[-2,-2],[-2,-6],[-2,-2],[-2,-1],[-2,2],[-1,3],[-2,1],[-4,-3],[1,-5],[2,-7],[0,-6],[2,0],[3,2],[2,1],[2,0],[3,-2],[5,1],[0,-1],[-1,-2],[0,-2],[0,-4],[1,-2],[1,-1],[3,-2],[4,-2],[0,-1],[-1,-1],[0,-2],[1,-5],[0,-2],[-1,-2],[-1,-2],[-3,0],[-2,-1],[-1,-3],[0,-2],[0,-2],[-1,-3],[-2,-2],[-2,1],[1,-3],[1,-2],[1,-1],[1,-2],[0,-3],[-3,-1],[-9,1],[-2,0],[-1,1],[-12,0],[-1,1],[-3,3],[-1,1],[-1,-1],[-2,-3],[0,-1],[-2,0],[-1,0],[-3,2],[2,5],[0,3],[-2,1],[-3,1],[-1,1],[-2,2],[-2,3],[0,6],[9,12],[2,1],[1,0],[1,1],[2,3],[2,5],[1,3],[-1,1],[-1,0],[-3,-1],[5,10],[2,6],[-2,3],[1,3],[0,2],[1,1],[2,-2],[1,2],[1,2],[1,3],[-1,1],[0,1],[0,1],[1,0],[2,1],[1,0],[1,1],[-3,4],[1,3],[1,2],[0,1],[-1,3],[-2,0],[-4,-1],[-2,2],[-3,4],[-2,1],[-2,1],[-5,-2],[-3,0],[-1,1],[-1,2],[-2,2],[-8,2],[-2,2]],[[9936,9775],[-3,-2],[1,-3],[0,-2],[0,-2],[0,-2],[1,-1],[4,-4],[-7,-4],[-3,-1],[2,-3],[0,-5],[1,-4],[0,-4],[3,-3],[4,-2],[10,-2],[7,-2],[4,-1],[3,0],[3,1],[2,2],[0,1],[1,1],[8,-15],[2,-6],[-1,-9],[-3,-7],[-1,-3],[0,-5],[1,-5],[1,-2],[1,0],[-1,-2],[-6,-4],[-1,-1],[-3,-6],[-3,-3],[-5,-2],[-3,-3],[-3,-7],[-2,-2],[-7,-1]],[[9823,9750],[-3,13],[-2,2],[0,3],[2,1],[0,1],[7,3],[1,0],[1,0],[2,-1],[2,0],[6,3],[4,2],[-3,4],[-2,2],[-6,2],[-1,0],[0,1],[1,1],[1,1],[0,2],[-1,6],[-2,6],[-1,2],[-1,2],[-6,6],[-10,5]],[[9541,9469],[3,-2],[5,0],[5,-1],[3,0],[13,7],[2,2],[1,5],[1,2],[3,0],[3,-2],[2,-1],[1,-1],[1,-4],[1,-2],[2,0],[3,-1],[1,-1],[1,0],[5,-1],[2,4],[1,1],[2,0],[3,-2],[0,-1],[-1,-6],[0,-2],[-6,-8],[-6,-6],[-17,-10],[-6,-5],[-3,-1],[-15,0],[-2,0],[-2,3],[0,3],[0,2],[-1,3],[-2,2],[-16,6],[-4,1],[-3,0],[-5,-1],[-2,-1],[-2,0],[-2,-2],[0,-3],[0,-3],[0,-2],[-6,-1],[-4,0],[-3,2],[-1,1],[-4,4],[-1,6],[0,5],[0,6],[-1,10],[21,7],[2,2],[2,1],[9,-7],[13,-4],[4,-4]],[[9607,9508],[-5,1],[-6,3],[-2,0],[-4,0],[-2,0],[-3,2],[-11,11],[8,4],[3,1],[12,0],[3,-2],[3,-3]],[[9613,9472],[-2,0],[-1,1],[-1,3],[0,3],[0,2],[-1,2],[-1,1],[-1,-2],[-3,-1],[-12,0],[-3,1],[-3,2],[-7,7],[-2,1],[-6,1],[-1,-1],[-4,-9],[-2,-2],[-2,-2],[-5,0],[-1,-1],[-2,-1],[-1,1],[-4,4],[-8,5],[-5,6],[-2,0],[-6,-3],[-3,0],[-7,2],[-2,2],[-2,3],[-2,4],[-2,3],[-4,4],[-2,3],[0,4],[1,2],[14,9],[35,5],[3,-1],[2,-1],[2,-2],[2,-3],[2,-4],[-2,0],[-2,-2],[-1,-1],[0,-2],[13,-1],[6,-3],[6,-5],[1,-4],[3,-8],[2,-4],[3,-1],[7,2],[3,-2],[2,1],[4,0],[2,0]],[[9601,9532],[-6,0],[-1,1],[-1,1],[-1,1],[-1,2],[0,2]],[[9578,9552],[1,-1],[1,-1],[1,-2],[5,-1],[3,-2],[0,-4],[-1,-3],[-2,-1],[-3,-2],[-10,-2],[-2,0],[-5,2],[-3,3],[-1,3],[-1,3],[-2,2],[-5,2],[-1,1],[-1,2],[-1,1],[-2,0],[-3,-5],[-1,0],[-6,-1],[-3,1],[-1,3],[0,8],[5,3],[11,2],[3,0],[1,-1],[13,0],[3,-1],[2,-2],[5,-7]]],"transform":{"scale":[0.007562345672167208,0.004154020545354537],"translate":[-68.41738847599987,12.022040106000105]},"bbox":[-68.41738847599987,12.022040106000105,7.198505900000043,53.55809153900013]}