{"type":"Topology","objects":{"subunits":{"type":"GeometryCollection","geometries":[{"type":"Polygon","id":"Manawatu-Wanganui","arcs":[[0,1,2,3,4,5]]},{"type":"Polygon","id":"Gisborne District","arcs":[[6,7,8]]},{"type":"Polygon","id":"Hawke's Bay","arcs":[[9,-1,10,11,-7]]},{"type":"MultiPolygon","id":"Auckland","arcs":[[[12]],[[13]],[[14]],[[15,16,17,18]],[[19]]]},{"type":"Polygon","id":"Bay of Plenty","arcs":[[-8,-12,20,21]]},{"type":"Polygon","id":"Canterbury","arcs":[[22,23,24,25,26]]},{"type":"MultiPolygon","id":"Marlborough District","arcs":[[[27]],[[-27,28,29,30]],[[31]]]},{"type":"Polygon","id":"Nelson City","arcs":[[32,33,-30]]},{"type":"Polygon","id":"Tasman District","arcs":[[-33,-29,-26,34,35]]},{"type":"Polygon","id":"Northland","arcs":[[-18,36]]},{"type":"Polygon","id":"Taranaki","arcs":[[-5,37,38]]},{"type":"Polygon","id":"West Coast","arcs":[[-35,-25,39,40,41]]},{"type":"Polygon","id":"Otago","arcs":[[-24,42,43,-40]]},{"type":"MultiPolygon","id":"Southland","arcs":[[[44]],[[45]],[[46]],[[47]],[[48]],[[49]],[[50]],[[51]],[[52]],[[53]],[[54]],[[55]],[[56]],[[57]],[[58,-41,-44]]]},{"type":"MultiPolygon","id":"Waikato","arcs":[[[59]],[[-21,-11,-6,-39,60,-16,61]]]},{"type":"MultiPolygon","id":"Wellington","arcs":[[[62]],[[63,-3]]]},{"type":"MultiPolygon","id":"Chatham Islands Territory","arcs":[[[64]],[[65]]]},{"type":"Polygon","id":"Kermadec Islands","arcs":[[66]]},{"type":"MultiPolygon","id":"Tokelau","arcs":[[[67]]]},{"type":"Polygon","id":"Three Kings Islands","arcs":[[68]]},{"type":"Polygon","id":"Antipodes Islands","arcs":[[69]]},{"type":"Polygon","id":"Campbell Islands","arcs":[[70]]},{"type":"MultiPolygon","id":"Auckland Islands","arcs":[[[71]],[[72]]]},{"type":"Polygon","id":"The Snares","arcs":[[73]]}]}},"arcs":[[[9918,3054],[0,-11],[0,-8],[2,-3],[1,-5],[0,-4],[0,-2],[0,-2],[-1,-3],[0,-3],[0,-4],[0,-2],[1,-2],[1,-4],[-1,-6],[0,-7],[0,-13],[0,-3],[-1,-1],[-1,-3],[-1,-11],[-1,-2],[0,-2],[0,-2],[0,-3],[0,-4],[1,-5],[0,-5],[0,-2],[-1,-3],[0,-3],[-1,-29],[0,-15],[-1,-18],[0,-1],[0,-3],[1,-4],[0,-1],[2,1],[2,-10],[0,-1],[1,-1],[0,-1],[0,-3],[0,-3],[0,-3],[1,-3],[1,-6],[0,-4],[0,-4],[0,-6],[0,-12],[0,-7],[0,-8],[0,-6],[1,-6],[1,-5],[3,-1],[1,-3],[1,-6]],[[9930,2757],[0,-2],[-1,-5],[0,-1],[-1,2],[-1,-2],[-1,-16],[-2,-10],[0,-3],[0,-3],[0,-2],[0,-3],[-1,-6],[0,-1],[-1,0],[0,-1],[0,-2],[-1,-17],[-1,-7]],[[9920,2678],[-1,3],[0,8],[-3,3],[-4,1],[-5,-4],[-5,-4],[-4,-3],[-1,1],[-1,3],[0,1],[-2,-4],[-4,1],[-3,-4],[-1,0]],[[9886,2680],[1,9],[1,18],[1,15],[0,4],[1,5],[0,12],[0,6],[0,1],[0,1],[0,2],[1,1],[-1,4],[0,3],[0,4],[0,1],[1,4],[0,13],[0,9],[0,3],[0,2],[-1,5],[0,15],[-1,12],[0,6],[0,5],[-2,14],[-1,6],[-3,19],[-2,7],[-1,5],[-1,1],[-1,0]],[[9878,2892],[1,8],[0,4],[1,3],[1,5],[0,4],[1,2],[1,3],[-1,3],[0,5],[1,2],[1,2],[0,2],[0,3],[0,2],[0,10],[0,10],[0,7],[-1,7],[-1,7],[-1,7],[0,4],[0,5],[0,3],[0,2],[0,3],[0,2],[-2,6],[0,3],[1,3],[0,8],[1,5],[1,1],[0,1],[1,8],[2,20],[1,-1],[0,2],[0,4],[-1,3],[-2,3],[0,7],[0,5],[-1,2],[-1,4],[0,7],[0,7],[0,6],[-1,-3],[-1,7],[0,9],[0,8],[0,1],[1,1],[0,1],[1,2]],[[9881,3137],[1,4],[1,2],[0,2],[0,2],[0,8],[0,4],[0,3],[2,2],[1,2],[0,3],[1,0],[0,-1],[0,2],[1,1],[1,0],[1,-2],[1,1],[1,4],[0,2],[1,2],[0,3],[0,2],[1,3],[0,-3],[1,0],[1,3],[2,0],[1,-4],[1,-4],[1,2],[1,3],[0,-2],[0,-7],[-1,-6],[0,-7],[-1,-10],[-1,-9],[1,-7],[0,-4],[0,-6],[0,-7],[0,-5],[1,-4],[0,-4],[-1,-3],[0,-8],[1,-4],[1,1],[1,0],[0,-5],[-1,-7],[0,-4],[0,-5],[0,-4],[0,-4],[0,-11],[-1,-9],[0,-9],[0,-9],[2,-4],[3,0],[1,-1],[1,4],[1,2],[0,4],[0,3],[0,3],[0,3],[1,3],[1,3],[1,5],[0,2],[1,1],[2,0],[2,3],[1,-1]],[[9966,3096],[-1,9],[-1,1],[-3,17],[-5,33],[0,17],[-3,11],[0,-12],[-6,23]],[[9947,3195],[0,6],[0,8],[0,7],[2,9],[3,8],[1,7],[1,7],[0,8],[0,4],[0,4],[1,2],[1,0],[0,2],[1,4],[1,4],[0,1],[1,2],[0,3],[0,2],[0,5],[1,5],[0,9],[-1,5],[1,2],[1,-2],[1,-7],[1,-6],[1,-5],[1,10],[2,36],[1,18],[1,6],[1,9],[0,5],[-1,0],[-1,-4],[0,3],[0,6],[0,4],[0,8],[0,6],[0,2],[0,3],[0,2],[2,3],[0,6],[0,3]],[[9970,3415],[6,-1],[1,-2],[0,-2],[0,-2],[0,-2],[0,-1],[1,-3],[0,-2],[0,-1],[1,0],[1,0],[0,-1],[1,-3],[0,-1],[1,0],[1,-1],[0,-3],[1,-4],[0,-4],[0,-4],[0,-2],[-1,-6],[-1,-7],[0,-11],[-1,-5],[-1,-5],[0,-5],[-1,-14],[0,-4],[-1,-4],[0,-2],[0,-2],[0,-6],[1,-4],[0,-5],[0,-6],[-1,-3],[0,-3],[0,-3],[0,-10],[0,-5],[0,-4],[-1,-4],[0,-5],[1,-4],[0,-4],[0,-3],[0,-3],[0,-2],[0,-3],[0,-3],[-1,-5],[0,-3],[1,-1],[0,-1],[0,-3],[0,-3],[0,-2],[-1,-3],[0,-2],[0,-15],[0,-2],[-4,-22],[-2,-16],[-1,-2],[-1,7],[-1,1],[0,-2],[-1,-2],[0,-1],[-1,0],[0,-2],[0,-2],[0,-2],[1,-1],[0,-4],[0,-2],[0,-3],[0,-5],[0,-5],[0,-12],[-1,-14],[0,-6]],[[9966,3096],[0,-9],[0,-4],[0,-5],[0,-3],[-1,-3],[0,-5],[2,-1],[1,-3],[0,-6],[-1,-10],[-1,-11],[0,-7],[-1,-3],[0,-2],[0,-3],[-1,14],[0,7],[0,7],[0,3],[0,4],[0,3],[1,3],[0,3],[-1,1],[-1,-3],[0,1],[-1,3],[0,1],[-5,2],[-4,0],[-1,1],[0,2],[-1,-4],[-5,-16],[-4,-12],[0,-2],[0,-5],[-1,-5],[0,-5],[-1,-6],[-1,-7],[0,-3],[-1,-7],[0,-3],[0,-2],[0,-3],[0,-4],[0,-4],[0,-2],[0,-2],[1,-2],[0,-5],[0,-21],[0,-4],[0,-4],[1,-1],[0,-2],[1,-3],[0,-2],[0,-1],[1,0],[1,1],[1,-2],[0,-3],[-1,-4],[0,-6],[0,-2],[-1,-1],[0,-2],[-1,-1],[0,-3],[-1,-15],[0,-1],[0,-1],[1,-1],[-1,-2],[0,-1],[0,-1],[-1,-5],[-1,-20],[0,-9],[-1,-4],[0,-2],[0,-3],[0,-5],[0,-2],[0,-1],[0,-3],[0,-1],[-1,-8],[0,-9],[-1,-10],[-2,-7],[0,-1],[0,1],[0,2],[-1,1],[0,-1],[-1,-7],[0,-3],[0,-5],[0,2],[0,2],[1,1],[-2,-23],[0,-14]],[[9918,3054],[1,11]],[[9919,3065],[2,-12],[2,-4],[0,3],[0,5],[1,3],[1,1],[0,7],[-1,7],[2,11],[2,0],[1,1],[1,1],[-1,4],[0,6],[1,6],[1,9],[1,9],[0,7],[0,3],[0,2],[0,11],[1,6],[1,3],[0,3],[3,4],[1,-6],[1,-1],[1,0],[0,3],[1,3],[0,3],[0,4],[1,3],[0,3],[0,1],[1,-1],[0,2],[1,4],[1,3],[0,2],[0,2],[1,6],[0,1],[1,2]],[[9889,3592],[0,-3],[1,-4],[0,-2],[0,-2],[-1,-1],[0,1],[-1,-2],[-1,0],[-1,3],[0,2],[0,4],[-1,0],[0,-2],[0,-1],[0,3],[0,4],[0,3],[0,-1],[1,1],[1,-2],[0,-2],[0,-1],[1,2],[1,7],[1,3],[0,-1],[0,-2],[0,-4],[0,-1],[0,-1],[-1,-1]],[[9882,3666],[-1,-1],[-1,0],[0,1],[0,2],[0,2],[0,6],[0,3],[1,1],[0,-1],[0,-3],[1,-3],[0,-5],[0,-2]],[[9888,3716],[-1,0],[0,5],[0,4],[1,3],[0,-2],[0,-2],[1,-2],[0,-3],[-1,-2],[0,-1]],[[9893,3538],[-1,-5],[-1,4],[-1,-9],[0,-12],[0,-16],[-3,-2],[-3,-5],[-3,-5],[-3,-5],[-1,-7],[-2,-2]],[[9875,3474],[0,9],[-1,7],[0,9],[-1,2],[0,4],[-1,15],[0,6],[0,1],[1,-2],[1,3],[1,-1],[0,-2],[0,-3],[0,-2],[0,-1],[1,-18],[0,-8],[1,-5],[0,-3],[0,5],[0,6],[0,4],[0,1],[1,-1],[0,1],[1,2],[-1,0],[-1,1],[-1,2],[1,1],[1,9],[0,-1],[0,-5],[2,10],[0,3],[1,0],[1,-8],[0,-1],[1,1],[0,2],[0,4],[-1,2],[1,3],[-2,3],[0,3],[-1,-1],[0,3],[0,5],[-1,3],[0,-6],[-1,3],[0,5],[1,3],[0,2],[0,2],[1,3],[-2,2],[-2,-1],[-1,-2],[-1,-3],[0,-3],[0,-6],[0,-2],[-1,-3],[0,4],[-1,-4],[0,-3],[-1,-2],[-1,2],[0,4],[-1,26],[-1,22],[0,10],[-2,17],[-4,32],[0,10],[-1,11],[0,2],[1,2],[0,2],[0,-6],[0,-3],[0,-4],[0,6],[1,3],[0,1],[0,-2],[1,-7],[0,-4],[1,-7],[1,-2],[0,-1],[0,-2],[0,-3],[0,-2],[1,-3],[0,-2],[0,-1],[-1,0],[0,-1],[1,-2],[0,-2],[-1,-3],[1,0],[0,-1],[1,-2],[0,2],[0,3],[0,1],[0,-3],[0,-5],[0,-3],[1,5],[0,2],[0,4],[0,3],[0,2],[1,3],[0,2],[0,-1],[-1,-1],[0,5],[0,10],[0,2],[0,-3],[0,2],[0,11],[0,1],[0,1],[0,4],[0,2],[0,3],[0,2],[0,3],[0,4],[0,1],[-1,3],[0,-4],[-1,-2],[0,-1],[-1,-1],[-1,2],[-1,4],[0,7],[0,-2],[0,6],[1,0],[0,-1],[1,-1],[1,0],[0,1],[1,2],[0,3],[1,2],[0,2],[1,5],[0,1],[1,0],[0,1],[0,3],[0,1],[0,2]],[[9871,3716],[0,4],[3,15],[1,2]],[[9875,3737],[0,-2],[2,-16],[0,-7],[2,-5],[0,-2],[0,-2],[0,-3],[0,-1],[0,-1],[0,1],[0,-1],[0,-2],[0,-4],[0,-2],[1,-1],[1,-1],[-1,-1],[-2,1],[-1,-1],[0,-3],[1,-9],[0,-6],[0,-4],[0,-4],[0,-4],[0,11],[-1,4],[-1,2],[1,-10],[0,-4],[-1,0],[0,-2],[1,-1],[0,-1],[0,-2],[0,-3],[-1,-2],[0,-1],[0,-3],[0,-4],[1,-4],[0,-4],[0,-1],[0,-2],[0,-2],[1,0],[0,-1],[2,3],[0,-1],[0,-1],[-1,-5],[-1,-2],[-1,3],[0,-4],[1,-5],[1,-34],[0,1],[-1,2],[0,1],[-1,-3],[0,1],[0,2],[0,1],[0,2],[-1,1],[0,6],[-1,-3],[-1,-2],[0,-3],[0,-2],[1,1],[0,-1],[0,-1],[0,-2],[-1,-2],[1,-2],[0,-1],[0,-1],[0,-2],[0,-9],[0,-3],[1,-2],[0,1],[0,3],[0,3],[0,3],[0,-2],[0,3],[1,2],[0,2],[0,1],[1,0],[1,-2],[2,0],[0,-2],[0,-7],[0,-3],[0,-1],[0,-2],[0,-5],[0,-3],[0,-1],[1,3],[0,25],[1,-11],[0,-5],[0,-6],[1,1],[1,0],[0,2],[0,5],[-1,4],[1,1],[1,-1],[1,-1],[0,-5],[0,-11],[0,-4],[1,0],[0,2],[0,1],[1,3],[0,-1],[0,-1],[1,0],[1,3],[1,-4],[0,-1],[1,-8],[0,-3]],[[9897,3739],[0,-3],[0,-2],[1,-3],[1,-2],[0,-1],[0,-3],[0,-2],[0,-2],[0,-3],[-1,-3],[0,-2],[1,-4],[0,-1],[0,-1],[0,-1],[0,-1],[0,-1],[0,-1],[1,-5],[0,-1],[0,-7],[-1,-2],[0,1],[0,3],[0,3],[-1,2],[0,-2],[-1,0],[0,2],[0,6],[0,2],[0,1],[-1,-1],[0,2],[0,1],[0,2],[0,1],[-1,-1],[-1,2],[0,5],[-1,5],[1,-6],[1,2],[0,3],[0,3],[0,2],[0,4],[0,2],[-1,2],[0,4],[1,0],[0,3],[0,4],[-1,4],[1,4],[1,0],[0,-2],[0,-2],[0,-3],[0,-1],[1,-4],[0,-2]],[[9919,3065],[1,14],[0,20],[-1,3],[0,-2],[-1,1],[-1,5],[-1,8],[-1,9],[0,3],[0,8],[1,5],[2,-5],[1,2],[0,3],[-1,9],[-1,8],[1,9],[0,10],[0,3],[-2,6],[-2,3],[0,5],[0,5],[1,1],[0,3],[0,3],[1,5],[1,-3],[0,-2],[1,-5],[0,-1],[1,0],[1,2],[0,1],[0,2],[1,1],[0,-1],[1,-2],[0,-2],[0,-3],[0,-2],[-1,-3],[0,-3],[0,-2],[0,-2],[1,0],[1,2],[0,5],[0,5],[1,2],[1,-5],[1,6],[1,18],[-1,9],[0,4],[-5,12],[0,3],[0,4],[-1,5],[0,6],[0,10],[-1,9],[0,5],[0,4],[-1,7],[-2,2],[-1,4],[-1,4],[0,6],[-1,3],[-1,0],[0,1],[0,3],[-1,10],[0,5],[0,5],[0,6],[-1,3],[0,18],[-1,16],[-1,7],[0,8],[0,7],[-1,6],[0,6],[1,3],[-1,4],[0,3],[0,4],[1,3],[0,-3],[1,-2],[0,3],[0,4],[0,4],[0,1],[1,6],[0,9],[1,3]],[[9911,3457],[0,-2],[1,-7],[0,-3],[0,-2],[0,-2],[0,-2],[0,-3],[0,2],[0,-1],[0,-3],[0,-2],[1,-1],[0,-1],[1,-2],[0,-3],[1,-2],[0,-3],[1,-7],[0,-3],[1,-5],[0,-2],[0,-4],[-1,5],[0,1],[-1,0],[-1,0],[0,3],[0,1],[1,2],[-1,5],[0,2],[-1,3],[0,3],[-1,0],[-1,-2],[0,-1],[0,-3],[0,-1],[0,-1],[0,-2],[0,-1],[0,-2],[0,-2],[1,1],[0,-1],[0,-1],[0,-1],[0,-2],[0,-1],[0,-1],[0,-5],[0,-1],[0,-1],[1,0],[0,1],[0,1],[1,1],[0,-2],[0,-3],[0,-3],[1,-3],[0,2],[0,-2],[1,-2],[0,-1],[0,1],[1,2],[0,2],[0,-1],[1,-1],[0,-2],[0,-3],[0,-4],[0,-2],[1,1],[0,11],[-1,7],[0,3],[0,1],[1,-3],[1,-11],[1,-3],[0,-1],[2,-5],[1,-2],[0,-1],[1,-4],[0,-1],[1,0],[0,-1],[0,-1],[0,-1],[1,2],[5,-27],[2,-3],[1,-2],[2,-4],[2,-2],[1,-6],[3,-2],[1,-4],[-2,0],[0,-1],[0,-1],[2,-6],[0,-1],[0,-1],[1,1],[0,3],[0,3],[-1,3],[1,1],[0,-2],[0,-1],[1,-1],[2,0],[0,-1],[0,-3],[0,-1],[0,1],[1,1],[0,2],[0,1],[0,1],[1,2],[3,1],[0,3],[1,3],[2,8],[1,5],[0,2],[0,2],[0,6],[1,6],[0,2],[0,1],[1,4],[0,4],[1,9],[0,4],[1,3],[0,2],[0,3],[0,1],[3,5],[0,1],[1,1],[0,2],[1,7],[0,1],[2,1],[0,1],[0,3],[1,2],[-1,3],[0,3],[1,-1],[1,-1]],[[9859,2413],[-3,-14],[0,-8],[-1,-6],[0,-4],[0,-7],[0,-4],[0,-2],[0,-3],[-1,-3],[0,-1],[0,-4],[-1,-6],[0,-3],[-2,-5],[0,-3],[-1,-9],[0,-1],[-1,0],[0,-4],[0,-1],[-1,-2],[0,-1],[0,-2],[0,-4],[0,-2],[1,-3],[0,-3],[0,-1],[-1,-2],[0,5],[-1,1],[0,1],[0,-1],[-1,-3],[0,-1],[-1,-2],[-1,-11],[-1,-8],[0,-10],[-1,-9],[-1,-4],[0,-1],[0,-1],[1,-1],[-3,-28],[0,-8],[0,-5],[-1,-4],[-1,-2],[0,-3],[0,-4],[0,-3],[0,-1],[0,-1],[0,-3],[0,-2],[0,-1],[0,-1],[-1,-3],[0,-2],[0,-1],[-1,-5],[-1,-1],[-1,-4],[-1,-2],[0,-3],[0,-2],[0,-1],[-1,-6],[-4,-6],[-1,-2],[-1,-6],[-2,-10],[0,-4],[-1,-9],[-1,-7],[0,-1],[0,-4],[0,-3],[0,-5],[0,-6],[0,-12],[0,-1],[0,-3],[0,-5],[0,-14],[1,-14],[0,-3],[0,2],[-1,1],[0,-2],[0,-3],[1,-2],[2,-3],[-1,-2],[-2,-1],[-1,-1],[-1,-4],[1,-2],[0,-1],[1,-1],[1,5],[1,1],[1,0],[0,-4],[1,-3],[0,-2],[0,1],[0,6],[0,5],[1,-2],[0,-2],[0,-4],[0,-6],[0,-2],[1,1],[0,2],[0,2],[0,3],[1,1],[0,-1],[1,-1],[0,-1],[0,-4],[1,6],[0,1],[0,-4],[1,-3],[0,-1],[0,-3],[0,-2],[0,-2],[0,-1],[0,-1],[0,-2],[0,-2],[0,-1],[1,-6],[-1,-7],[0,-6],[0,-6],[0,3],[-1,-5],[-1,0],[0,-4],[0,-2],[0,2],[-1,0],[0,-2],[0,3],[0,5],[0,3],[0,4],[0,2],[0,1],[-1,3],[0,3],[0,3],[0,3],[0,1],[-1,-1],[0,-2],[0,-3],[1,-2],[-1,-6],[0,-6],[1,-6],[0,-8],[0,-1],[0,1],[-2,0],[-1,1],[0,5],[-1,-1],[0,1],[-1,5],[-1,7],[0,3],[1,4],[-1,0],[-1,-2],[-2,-2],[-1,-3],[-1,-1],[-3,-5],[-1,-1],[0,1],[0,2],[0,2],[1,1],[0,1],[5,8],[0,1],[0,2],[-1,3],[-1,0],[0,1],[0,1],[-1,3],[0,2],[-1,2],[-1,-1],[0,-2],[-1,-1],[-1,-2],[0,-6],[0,-6],[0,-6],[0,-3],[0,-1],[0,-2],[0,-2],[0,-1],[-3,-2],[-1,-1],[0,-4],[-2,-2],[0,-3],[-3,-8],[-5,-23],[-1,-1],[-1,0],[0,-1],[-3,-9],[-1,-1],[0,-1],[0,-2],[-1,-2],[0,-2],[-1,-1],[-1,-3],[0,-1],[0,-1],[-1,-4],[0,-1],[0,-2],[-1,-2],[0,-1],[-2,-11],[-1,-3],[0,2],[-1,-2],[0,-1],[0,-3],[0,-2],[-2,-16],[0,-3],[0,-13],[0,-4],[-1,-4],[0,-5],[0,-2],[0,-3],[0,-2],[-1,-1],[-1,-3],[1,-5],[0,-8],[0,-17],[0,-11],[0,-3],[0,-5],[0,-1],[-1,-2],[0,-2],[1,-1],[0,-6],[0,-7],[0,-14],[0,-4],[-1,-3],[0,-3]],[[9777,1736],[-1,1],[-3,7],[-5,8],[-3,-4],[-1,0],[-1,-2],[-1,-3],[-4,-23],[-3,-9],[0,3],[-1,6],[0,6],[0,6],[0,5],[-1,5],[0,2],[-1,0],[-3,-3],[-2,1],[-1,3],[0,4],[-1,8],[-1,13],[-1,17],[-1,8],[0,6],[-1,3],[-2,-2],[-2,10],[-1,6],[-1,-1],[0,2],[-1,4],[0,16],[-1,5],[0,5],[-1,2],[0,3],[0,6],[0,41],[0,5],[0,5],[1,4],[0,7],[1,4],[0,6],[1,7],[0,6],[0,12]],[[9735,1957],[2,11],[1,5],[1,7],[4,21],[1,8],[0,4],[1,6],[1,6],[0,6],[1,5],[0,5],[1,5],[2,12],[1,3],[3,6],[3,13],[2,3],[1,1],[0,-1],[1,0],[3,18],[5,23],[2,8],[1,5],[2,18],[1,4],[1,-1],[2,4],[1,2],[0,3],[0,2],[0,4],[1,4],[1,7],[0,3],[2,3],[1,0],[0,1],[0,1],[1,3],[1,2],[1,0],[0,-1],[1,2],[1,1],[2,1],[1,0],[0,1],[1,3],[0,2],[0,3],[0,7],[0,5],[1,3],[0,1],[1,3],[2,6],[0,4],[0,3],[1,4],[0,6],[1,3],[1,4],[1,1],[1,1],[0,2],[1,5],[1,9],[1,6],[0,2],[1,3],[0,4],[1,2],[0,3],[0,3],[2,8],[1,8],[1,2],[1,1],[0,2],[1,2],[0,3],[0,2],[0,5],[1,2],[0,2],[0,5]],[[9814,2341],[1,1],[0,2],[1,3],[1,9],[0,5],[1,13],[0,3],[0,2],[0,2],[1,0],[1,-1],[0,-1]],[[9820,2379],[0,-1],[1,-7],[0,-2],[1,0],[1,-3],[0,-1],[0,-3],[0,-4],[1,-5],[0,-3],[0,-3],[0,-3],[0,-4],[0,-2],[1,-1],[0,-1],[1,-2],[0,-5],[0,-3],[1,-3],[0,-1],[1,-6],[0,-3],[0,-3],[0,-3],[0,-2],[0,-1],[1,-1],[1,-4],[0,2],[2,4],[0,1],[1,2],[0,4],[1,5],[0,7],[0,3],[0,3],[0,3],[1,5],[1,4],[1,9],[1,3],[3,6],[0,3],[0,4],[0,3],[0,7],[1,12],[2,10],[1,2],[0,3],[1,1],[1,3],[0,2],[1,3],[0,2],[0,7],[1,3],[0,-1],[1,-3],[0,-3],[0,-1],[1,1],[0,2],[1,2],[2,3],[1,0],[0,-2],[1,-1],[0,-1],[1,0],[1,-1],[0,-1],[1,-6]],[[9868,2601],[-1,-3],[0,-7],[0,-3],[0,-1],[-1,0],[-1,0],[0,-1],[-1,-4],[0,-1],[-1,-1],[-1,1],[0,1],[0,1],[0,1],[1,0],[0,-1],[1,1],[1,11],[1,-3],[0,1],[1,4],[0,4],[-1,-1],[0,1],[-1,3],[1,0],[0,2],[1,2],[0,1],[0,-1],[0,-2],[0,-2],[1,-3]],[[9820,2379],[1,20],[3,22],[0,4],[0,12],[1,7],[1,9],[0,3],[0,3],[1,4],[1,9],[1,9],[1,8],[2,15],[1,8],[1,2],[1,0],[1,2],[0,4],[0,5],[0,6],[0,5],[0,3],[0,6]],[[9836,2545],[1,1],[1,4],[1,8],[3,23],[1,7],[1,7],[0,4],[1,8],[0,7],[0,4],[0,2]],[[9845,2620],[0,1],[1,-1],[0,-3],[0,-4],[0,-4],[1,0],[0,2],[0,-2],[1,1],[-1,6],[1,2],[0,2],[1,2],[0,2],[0,3],[0,1],[0,1],[-1,-5],[-1,1],[0,3],[0,1],[1,4],[0,1],[1,2],[0,1],[0,1],[2,2],[0,1],[0,6],[1,3],[0,-11],[1,-1],[0,1],[1,5],[0,2],[0,2],[0,1],[0,1],[0,1],[2,4],[1,0],[0,-1],[0,-6],[0,-1],[-2,2],[1,-3],[-1,-1],[0,-2],[0,-3],[-1,1],[0,-1],[0,-2],[0,-1],[0,-1],[0,-1],[0,-3],[-1,-2],[-1,0],[0,3],[-1,0],[0,-1],[-1,-2],[1,-4],[-1,-2],[0,-2],[0,-1],[1,-2],[0,-2],[-1,-3],[0,-2],[0,-2],[0,-2],[1,1],[0,4],[0,5],[0,1],[2,3],[1,0],[1,-3],[0,1],[-1,-1],[0,-1],[0,-2],[0,-2],[0,1],[-1,0],[0,1],[0,-2],[0,-1],[0,-1],[0,-1],[0,-2],[0,-1],[0,1],[-1,-6],[0,-1],[0,-1],[-1,-3],[1,0],[0,-2],[1,-2],[0,-3],[0,-3],[-1,-5],[0,-2],[0,-3],[-1,-3],[-1,-2],[0,-3],[0,-2],[0,-1],[3,10],[1,2],[0,2],[-1,1],[0,2],[1,1],[1,-1],[0,-1],[1,-1],[1,2],[1,1],[-1,1],[0,2],[2,-1],[0,2],[1,4],[-3,-1],[-1,0],[0,-1],[0,-1],[0,-1],[0,-1],[0,1],[-1,1],[1,3],[-2,-4],[-1,0],[0,7],[0,4],[1,2],[0,1],[0,2],[0,2],[0,1],[0,2],[1,0],[0,1],[0,1],[0,3],[1,-2],[0,-3],[-1,-4],[1,-7],[0,6],[0,4],[1,3],[1,0],[-1,4],[0,2],[0,5],[0,3],[0,3],[0,-2],[-1,-4],[0,-2],[0,1],[-1,6],[0,2],[1,0],[0,3],[0,2],[0,1],[0,-1],[0,5],[1,-1],[1,-7],[0,-2],[1,-2],[0,2],[1,4],[0,-3],[1,1],[0,4],[0,4],[0,-1],[1,-3],[0,-3],[0,-3],[0,-3],[0,-2],[0,-1],[-1,-1],[0,-2],[1,-2],[0,-2],[1,1],[0,3],[1,5],[1,7],[0,1],[0,-3],[0,-4],[-1,-14],[0,-3],[0,-4],[-1,-2],[0,1],[0,-2],[0,-2],[0,-1],[-1,-1],[0,3],[0,9],[0,1],[0,-2],[-1,-2],[0,-3],[0,1],[0,-1],[0,-3],[0,-3],[1,-4],[0,-2],[0,-3],[0,-1],[0,-1],[0,1],[-1,-2],[0,-2],[0,-1],[0,-1],[-1,-1],[-1,0],[-1,-1],[0,-4],[-1,2],[0,-1],[-1,-2],[0,1],[-1,-1],[0,-2],[0,-2],[-1,-3],[1,0],[1,2],[0,1],[1,-1],[0,1],[1,2],[0,2],[1,-1],[1,3],[0,1],[1,-2],[0,-2],[1,-2],[1,2],[0,1],[1,1],[0,1],[1,6],[0,-6],[0,-5],[-1,-2],[0,-3],[0,-2],[-1,-2],[0,-3],[0,-1],[-1,-2],[0,-3],[-1,-1],[0,2],[1,5],[0,2],[-1,-3],[0,4],[-1,-4],[-1,-6],[0,-6],[0,-6],[-1,-6],[0,-2],[0,-5],[0,-7],[0,-3],[0,-4],[1,-3],[0,-3],[0,-2],[0,-2],[1,1],[0,5],[0,1],[-1,4],[0,4],[1,-2],[1,-16],[0,-4],[0,-3],[0,-2],[1,-4],[0,-3],[0,-12],[0,-1],[1,-4],[0,-3],[1,0],[0,1],[0,-5],[-2,-24],[0,-4],[-3,-21]],[[9855,2683],[0,-2],[0,-2],[0,-1],[0,-3],[-1,-1],[0,-3],[0,-5],[0,-3],[-1,0],[0,-1],[0,-2],[0,-2],[-1,-1],[0,-1],[0,-1],[0,-2],[0,-1],[-1,-1],[0,-2],[-1,0],[0,2],[0,1],[0,1],[0,1],[1,1],[0,2],[0,2],[0,3],[-1,-3],[0,-1],[0,3],[0,3],[0,3],[0,2],[1,-2],[0,-3],[0,-2],[1,0],[0,1],[0,2],[-1,2],[0,3],[0,4],[0,3],[0,9],[1,2],[0,-1],[0,-1],[0,-2],[0,-1],[0,3],[0,2],[1,1],[0,-1],[0,-3],[0,-4],[0,-4],[0,2],[1,2],[1,2],[-1,0],[0,4],[1,1],[0,3],[0,6],[0,2],[0,-3],[0,-4],[0,-3],[0,-6]],[[9836,2545],[-1,3],[-1,6],[0,6],[-1,2]],[[9833,2562],[1,1],[0,1],[1,6],[1,3],[1,4],[1,9],[2,11],[0,1],[1,4],[0,-2],[0,-2],[0,-2],[1,3],[0,2],[1,2],[0,6],[0,1],[1,0],[0,-1],[0,3],[0,2],[0,3],[1,3]],[[9814,2341],[-1,0],[0,-1],[-1,-1],[0,-1],[0,-2],[0,-1],[-1,1],[0,4],[-1,7],[0,6],[0,9],[0,4],[-1,3],[0,2],[-1,0],[-1,1],[0,1],[0,1],[0,1],[0,1],[-1,3],[0,2],[0,1],[-1,0],[-1,1],[0,3],[0,4],[0,4],[0,3],[0,3],[-1,2],[0,1],[0,1],[0,2],[-1,4],[0,4],[0,2],[0,11],[1,4],[0,3],[1,6],[0,6],[0,3],[0,2],[-1,3],[0,1],[0,2],[0,4],[1,2],[0,2],[0,3],[1,2],[0,1],[2,2],[0,1],[0,3],[0,3],[0,3],[0,2],[1,2],[1,1],[0,3],[0,5],[1,6],[0,9],[0,3],[0,2],[2,6],[0,3],[0,3],[0,2],[0,3],[0,1],[0,2],[0,1],[1,1],[1,-2],[1,0],[0,2],[1,2],[0,4],[0,3],[1,4],[0,4],[0,4],[0,3],[0,2],[0,1],[-1,3],[0,2],[1,2],[2,4],[1,7],[0,2],[0,2],[0,2],[-1,2],[-1,2],[-1,1],[0,2],[-1,8],[-1,1],[0,1],[0,1],[0,1],[-1,3],[0,2],[0,2],[0,2],[0,3],[-1,2],[0,1],[-1,0],[0,-1],[-1,0],[0,1],[-1,-1],[0,-5],[-1,2],[0,6],[0,4],[1,3],[0,1],[0,3],[0,2],[0,3],[0,3],[0,2],[-1,2],[0,3],[0,4],[0,3],[-1,5],[-1,3],[0,15],[0,2]],[[9807,2683],[1,2],[1,4],[0,1],[1,7],[3,22],[1,7],[2,2],[-1,-7],[0,-3],[0,-1],[1,2],[0,2],[0,1],[0,-1],[1,0],[0,2],[0,1],[0,3],[1,2],[0,2],[-1,3],[0,1],[0,-3],[0,-1],[-1,0],[1,9],[1,4],[6,2],[2,-2],[1,-3],[1,0],[0,-2],[-6,3],[-1,-1],[0,-2],[0,-4],[-1,-9],[0,-5],[0,-2],[0,-5],[0,-1],[-1,-1],[0,1],[0,-6],[0,-1],[1,-1],[0,-1],[0,-4],[0,-7],[0,-4],[0,2],[1,2],[0,-7],[1,-6],[2,-12],[1,-1],[0,1],[1,4],[0,1],[0,3],[0,1],[1,3],[0,-3],[1,3],[0,2],[1,-3],[0,-3],[0,-2],[0,-5],[0,-2],[0,-2],[0,-2],[0,-1],[0,1],[1,-1],[0,-4],[0,-1],[0,-10],[0,-4],[0,-2],[0,-1],[0,-3],[-1,-5],[-1,-3],[0,-1],[1,0],[0,1],[0,-11],[1,-4],[0,-3],[0,-3],[0,-3],[0,-4],[0,2],[0,2],[0,1],[-1,1],[0,-8],[0,-2],[1,-3],[0,-2],[0,-2],[0,3],[1,-3],[0,-9],[0,-7],[0,-1],[0,-2],[0,-1],[0,-2],[0,-3],[0,-2],[1,-1],[1,0]],[[9871,3716],[-1,-2],[0,-2],[-1,0],[0,-1],[0,-1],[-1,-4],[0,-1],[0,3],[-1,-2],[0,-4],[-1,-2],[-1,1],[0,1],[0,1],[0,4],[0,1],[1,-1],[0,-3],[1,5],[0,8],[1,5],[0,3],[0,1],[0,2],[0,4],[1,-2],[0,3],[0,3],[-1,1],[-1,2],[0,-7],[0,-7],[-1,-7],[0,-2],[0,4],[0,1],[-1,0],[0,2],[0,4],[-1,0],[0,1],[0,3],[0,3],[0,2],[0,5],[0,-2],[-1,-4],[0,6],[-2,-6],[1,-2],[0,-5],[0,-1],[1,0],[0,-1],[0,-1],[0,-3],[0,-3],[0,-2],[1,-1],[0,1],[0,3],[1,-2],[0,-5],[-1,-2],[0,-1],[0,-2],[0,-1],[-1,0],[0,4],[-1,0],[0,1],[-1,7],[0,3],[0,3],[-1,3],[0,1],[-2,0],[0,2],[0,2],[0,3],[-1,2],[0,1],[-1,2],[0,4],[0,9],[0,4],[-1,5],[0,7],[-1,3],[0,4],[1,6],[0,4],[0,5],[0,2],[-1,2],[0,1],[0,-3],[0,-2],[0,-2],[0,-1],[0,-5],[-1,-4],[0,-3],[1,-14],[1,-2],[0,-2],[0,-6],[1,-6],[0,-4],[0,-2],[0,-5],[0,-2],[1,-1],[0,-2],[0,-1],[1,-4],[0,-2],[0,-1],[0,-2],[2,-15],[0,-2],[1,1],[0,-3],[0,-2],[0,-3],[1,-3],[0,-5],[0,-5],[-1,-3],[-1,-4],[-1,0],[-1,8],[-1,22],[-4,32],[-1,14],[-6,56],[-6,56],[0,4],[0,4],[1,8],[0,4],[0,5],[0,5],[0,3],[1,-2],[0,3],[0,1],[0,-2],[1,-3],[0,-2],[0,-1],[1,1],[-1,8],[1,3],[0,-8],[0,4],[0,5],[1,4],[0,3],[1,-1],[0,-1],[0,2],[0,2],[0,4],[1,5],[-1,-2],[-1,1],[0,3],[0,1],[0,1],[0,1],[0,-2],[0,-8],[0,4],[-1,10],[0,-3],[0,-4],[0,-5],[0,-3],[0,-4],[0,-2],[-1,0],[-1,3],[0,-1],[0,-4],[0,-1],[0,-1],[0,-1],[-1,-1],[0,1],[0,4],[-1,-1],[0,-3],[0,-4],[0,-1],[-1,-1],[0,-2],[0,-1],[0,-2],[0,-17],[0,-2],[0,1],[-3,23],[0,6],[0,3],[1,8],[-1,0],[1,4],[0,2],[0,3],[-1,-1],[0,-4],[0,-5],[-1,-6],[0,2],[-1,7],[0,2],[0,2],[1,5],[0,3],[0,1],[-1,-4],[-1,1],[0,2],[-1,6],[-1,8],[0,3],[0,4],[0,1],[1,-1],[0,-1],[1,8],[1,11],[0,11],[0,12],[-1,14],[-1,4],[-1,11],[-1,5],[-1,15],[0,2],[-1,2],[-5,50],[-1,7],[-3,10],[0,1],[1,2],[0,4],[0,2],[0,4],[0,2],[0,-2],[1,-2],[2,-1],[0,-3],[1,3],[1,1],[0,4],[4,-2],[0,1],[0,1],[1,3],[1,-3],[-1,-3],[-1,-5],[1,-12],[-1,-3],[0,-2],[0,-1],[0,1],[-1,3],[0,2],[0,1],[0,1],[0,3],[0,1],[-1,2],[0,-1],[0,-6],[0,-5],[0,-1],[-1,2],[0,-2],[0,-2],[0,-1],[0,-1],[0,-2],[1,-5],[0,3],[0,2],[0,1],[1,1],[-1,-4],[0,-1],[0,-2],[1,-1],[0,1],[0,2],[0,-3],[0,-3],[0,-13],[0,-1],[1,1],[0,6],[0,6],[0,7],[0,5],[0,-3],[1,-11],[0,-13],[0,-9],[1,-7],[1,-7],[1,-8],[1,-9],[-2,11],[0,3],[0,-8],[1,-8],[4,-15],[0,-3],[-1,-4],[0,-2],[0,-3],[0,-9],[0,-1],[1,-2],[1,2],[0,3],[0,2],[0,1],[1,3],[0,6],[-1,11],[0,5],[1,2],[1,1],[0,2],[0,3],[0,3],[0,2],[0,2],[0,2],[1,0],[0,-2],[0,-3],[0,-2],[0,-2],[0,-3],[1,2],[0,1],[0,-3],[0,-1],[0,-4],[-1,-3],[-1,0],[0,-1],[0,-4],[0,-4],[0,-4],[0,-3],[1,-3],[0,-3],[1,-2],[0,-1],[2,1],[0,-1],[1,-5],[0,4],[0,1],[0,2],[-1,3],[0,2],[0,4],[0,4],[1,0],[0,-2],[0,-4],[1,2],[0,1],[0,-1],[1,-5],[0,-1],[1,0],[0,1],[0,1],[1,1],[0,-1],[0,-1],[0,-2],[0,-1],[0,-1],[0,-2],[0,-1],[0,-1],[1,0],[0,-1],[0,-1],[0,-3],[0,-2],[-1,-2],[0,-3],[0,-2],[0,-2],[1,-6],[0,1],[0,1],[0,1],[0,2],[1,8],[0,1],[0,4],[0,1],[0,1],[0,1],[1,2],[1,-1],[0,-1],[0,-3],[1,-3],[1,-6],[0,-4],[1,-5],[0,-4],[1,-1],[2,1],[0,-1],[1,-3],[0,-5],[1,-6],[-2,-2],[0,1],[0,2],[0,2],[0,2],[0,-1],[-1,0],[0,3],[-1,-2],[0,-2],[0,-1],[1,-6],[-1,-1],[0,-3],[0,-2],[1,2],[0,-2],[1,0],[0,2],[0,-4],[0,-3],[0,-3],[0,-3],[0,-3],[1,-7],[0,-2],[0,-3],[0,-6],[1,0],[0,2],[0,4],[0,3],[1,-2],[0,-1],[0,1],[0,2],[0,1],[1,-1],[0,-1],[0,-1],[0,1],[0,2],[0,2],[0,1],[-1,1],[0,1],[-1,3],[0,3],[0,-1],[0,2],[1,1],[1,-2],[0,2],[0,1],[0,1],[1,-1],[0,-1],[0,1],[0,1],[0,1],[1,2],[0,6],[1,4],[0,-5],[0,-5],[0,-5],[0,-5],[0,-5],[0,-3],[1,0],[1,0],[0,-1],[-1,-3],[1,-7],[0,-3],[0,1],[-1,5],[-1,5],[0,2],[0,-5],[1,-15],[1,-4],[1,-1],[0,1],[0,-2],[0,-1],[1,-1],[0,-8],[0,-3],[-1,-1],[0,-3],[2,-8],[1,-9],[0,-6],[0,-7],[0,1],[-2,2],[0,-1],[0,-3],[1,-4],[0,-2],[0,-1],[1,-1],[0,-2],[0,-2],[-1,-2],[0,-1],[1,-7],[1,-2],[0,-3],[0,-5],[0,-3],[0,-8],[0,-1],[-1,2],[-1,4],[0,3],[0,4],[-1,1],[0,4],[-1,-2],[0,-1],[-1,0],[0,3],[0,-1],[0,-3],[0,-1],[-1,0],[0,1],[0,2],[0,4],[0,3],[0,3],[0,2],[-1,3],[0,-5],[0,-13],[0,-4],[0,-2],[0,-3],[0,-3],[0,-1],[1,-1],[0,2],[0,3],[0,3],[1,0],[2,-1],[0,-2],[1,-4],[0,-4],[-1,-5],[0,-4],[0,-3],[0,-6],[0,-6],[0,-4],[1,-2],[1,-7],[0,-1],[1,-1],[1,-1],[0,-3],[0,-2],[0,-2],[0,-2],[0,-6],[0,-3],[1,-2],[0,-1]],[[9878,2892],[-1,0],[-2,5],[-2,1],[-1,1],[0,3],[-3,17],[-1,5],[-2,16],[-1,7],[-1,5],[-2,3],[-4,5],[-2,4],[-4,17],[-1,7],[-1,9],[0,11],[0,10],[0,11],[0,11],[1,10],[1,6],[3,8],[7,29],[1,1],[4,-2],[1,3],[1,6],[3,22],[1,5],[0,8],[0,6],[0,2],[0,7],[1,2]],[[9874,3153],[2,-6],[2,-1],[1,1],[0,-1],[0,-2],[1,-4],[1,-3]],[[9735,1957],[-1,3],[-1,0],[0,-4],[-1,-5],[0,-4],[-1,-3],[-1,-4],[-1,-4],[-1,-4],[-1,-3],[-1,1],[-1,2],[-1,3],[0,-1],[-1,-3],[-2,-1],[-2,0],[-1,-1],[-1,-4],[-1,-6],[-1,-2],[0,-4],[-1,-7],[-1,-4],[-1,-3],[0,-4],[0,-5],[-1,-4],[0,-11],[-1,-6],[-1,-6],[-1,-3],[-2,-2],[-5,-15],[-4,-2]],[[9697,1841],[1,18],[0,4],[1,5],[-1,4],[0,5],[0,4],[-1,4],[-1,4],[-1,3],[-1,-1],[-2,-3]],[[9692,1888],[0,2],[-1,2],[0,1],[1,3],[1,2],[1,7],[2,7],[1,6],[1,7],[0,1],[0,3],[0,3],[0,2],[0,2],[1,2],[0,1],[0,1],[0,3],[0,2],[1,1],[1,0],[2,2],[0,3],[1,2],[0,2],[1,1],[0,-1],[1,1],[0,4],[1,-2],[0,-4],[1,-3],[1,-1],[2,3],[1,5],[2,10],[1,5],[1,3],[0,3],[2,5],[1,3],[0,2],[0,2],[0,2],[0,1],[1,3],[1,2],[1,8],[0,1],[1,2],[2,8],[1,2],[1,3],[0,3],[0,2],[1,2],[0,1],[0,1],[1,0],[1,0],[0,1],[1,3],[1,2],[1,4],[1,-1],[2,7],[0,1],[1,1],[1,9],[0,3],[0,2],[0,3],[1,4],[1,1],[0,2],[0,3],[0,5],[1,4],[0,3],[4,11],[0,4],[1,6],[0,1],[1,2],[0,4],[0,3],[0,2],[1,1],[1,4],[0,1],[1,0],[1,-3],[2,17],[-1,1],[-1,-5],[0,-6],[-1,-2],[0,10],[1,6],[1,3],[0,4],[0,2],[2,0],[1,2],[0,2],[0,2],[1,2],[0,3],[0,2],[1,-1],[0,4],[1,2],[1,4],[2,6],[1,5],[1,1],[1,0],[0,2],[0,2],[1,2],[1,3],[0,3],[1,9],[1,2],[0,2],[3,25],[0,2],[0,1],[1,2],[0,2],[1,3],[0,4],[0,2],[1,1],[0,1],[1,5],[0,8],[1,1],[2,25],[0,4],[1,4],[0,7],[0,5],[1,13],[1,10],[1,33],[0,9],[0,5],[0,5],[1,2],[1,7],[0,4],[0,6],[1,14],[0,4],[0,8],[1,8],[0,3],[0,-2],[-1,2],[0,1],[0,11],[1,2],[2,-2],[1,2],[1,0],[2,3],[2,11],[1,5],[0,1],[1,1],[0,-1],[0,1],[0,5],[1,1],[0,2],[0,1],[1,4],[1,14],[0,1],[0,1],[0,5],[0,1],[0,1],[1,2],[0,2],[0,2],[0,3],[0,3],[1,4],[1,3],[0,2],[0,2],[0,2],[0,2],[1,5],[0,2],[0,5],[0,6],[0,2],[0,-1],[0,1],[1,1],[0,1],[0,6],[-1,3],[0,25],[0,3],[1,5],[0,2],[-1,12],[0,24],[0,7],[0,4],[1,2],[0,1],[0,1],[1,5],[0,5],[0,2],[0,2],[1,1],[0,1],[0,1],[0,1],[0,1],[1,2]],[[9777,1736],[0,-4],[0,-3],[-2,-21],[-3,-18],[-2,-19],[0,-16],[-1,-5],[0,-6],[0,-3],[1,-2],[0,-5],[-1,-8],[-1,-3],[0,-2],[0,-3],[1,-2],[-1,-5],[-1,-3],[0,-3],[0,-6],[0,-2],[-1,-2],[-1,3],[0,-3],[1,-2],[0,-5],[-1,-2],[0,-1],[-1,0],[-1,-1],[0,-2],[1,-2],[0,-1],[0,-8],[0,-1],[-1,-1],[0,-1],[-1,-3],[0,-1],[0,1],[0,-2],[0,-3],[0,-1],[1,-1],[0,-2],[1,3],[0,-3],[1,-2],[1,-2],[0,-3],[-1,-3],[-1,-1],[-1,-2],[0,-5],[-1,-1],[0,-1],[0,-1],[-1,-6],[-1,-4],[0,-3],[0,1],[1,2],[1,4],[2,3],[0,2],[0,5],[1,3],[0,1],[0,1],[1,1],[0,3],[0,-3],[0,-4],[0,-12],[0,-3],[0,-1],[-1,0],[-1,0],[0,-2],[0,-1],[0,-2],[0,-1],[-6,-4],[-2,-4],[-2,-9],[-2,-13],[0,-5],[-1,-3],[0,-7],[0,-4],[0,-2],[0,-5],[-1,-4],[0,-4],[-1,-2],[-1,-3],[-1,-3],[-1,-4],[0,-4],[-1,-4],[-4,-15],[-1,-8],[0,-12],[0,-6],[0,-2],[-1,-2],[0,-3],[-1,-1],[0,1],[-1,2],[-1,0],[-1,-2],[0,-1],[0,-1],[2,0],[0,-8],[-1,-4],[-1,-2],[-1,-4],[-1,2],[-1,1],[0,-2],[-1,-2],[-1,-5],[0,-1],[0,-2],[0,-1],[0,-2],[-1,2],[-1,0],[-1,-5],[0,3],[-1,0],[0,1],[-1,0],[0,-2],[-1,-3],[0,-2],[-1,0],[-1,-1],[0,2],[0,5],[0,3]],[[9722,1358],[0,12],[0,5],[1,6],[0,4],[-2,9],[0,5],[0,6],[0,6],[0,5],[0,7],[0,6],[0,7],[1,14],[-1,13],[-1,6],[0,6],[0,8],[-1,7],[0,6],[-1,8],[0,6],[0,7],[0,5],[0,5],[-1,5],[0,3],[-1,8],[0,4],[0,4],[0,7],[0,7],[1,10],[2,20],[2,29],[1,6],[-1,10],[-2,16],[-1,4],[-2,-4],[-3,-26],[-1,-3],[-1,1],[-1,2],[-1,8],[-1,15],[-1,11],[-1,2],[-5,-13],[-2,-1],[-1,1],[-1,4],[-1,7],[0,6],[0,11],[-1,7],[0,7],[1,19],[0,5],[-2,4],[0,4],[-1,6],[-1,7],[0,7],[0,9],[0,9],[1,18],[0,8],[0,17],[1,8],[1,10],[1,7],[1,4],[0,4]],[[9673,1217],[-1,-1],[0,2],[0,3],[1,3],[1,0],[0,-3],[0,-2],[-1,-2]],[[9680,1229],[1,-2],[-1,-1],[0,-1],[0,-1],[0,2],[0,1],[0,1],[0,1]],[[9680,1318],[-1,0],[0,3],[0,3],[0,2],[1,0],[0,-2],[0,-4],[0,-2]],[[9704,1318],[0,-2],[0,3],[0,2],[0,2],[-1,3],[1,0],[0,1],[1,2],[0,3],[0,-5],[0,-5],[-1,-4]],[[9687,1339],[1,-2],[0,-3],[3,-20],[0,-2],[1,-2],[0,-2],[0,-3],[1,-1],[0,-2],[1,-3],[-1,-3],[1,-2],[0,-1],[-1,-2],[-3,2],[1,3],[-2,0],[-1,-1],[1,-5],[0,-2],[-2,-11],[1,1],[1,7],[1,2],[0,-1],[1,-3],[0,-1],[1,-3],[0,-2],[0,-1],[0,-1],[0,-1],[0,-1],[2,3],[0,1],[1,0],[0,-2],[0,-2],[0,-1],[1,-1],[-1,-2],[0,-6],[0,-1],[0,-1],[-1,1],[0,-2],[1,-5],[0,-2],[1,-1],[-1,-1],[0,1],[-1,3],[0,1],[-1,-2],[1,-5],[-1,-2],[-1,3],[1,-4],[-2,0],[-2,-1],[-1,-2],[-2,-9],[0,-4],[0,-2],[-1,0],[0,2],[-1,1],[0,2],[-1,-1],[-1,0],[0,3],[0,3],[0,2],[-1,-3],[0,-1],[-1,-1],[0,-6],[0,2],[-2,-7],[0,-1],[0,-3],[1,1],[2,3],[-1,-4],[0,-3],[-1,-5],[0,5],[-1,-3],[0,-3],[-1,-1],[-1,-2],[-1,0],[0,1],[0,4],[0,6],[0,6],[1,3],[0,2],[1,3],[1,2],[-1,2],[0,2],[1,3],[0,3],[0,3],[0,3],[0,2],[0,3],[0,3],[0,1],[1,3],[1,1],[0,-1],[0,-1],[1,0],[0,3],[0,5],[0,6],[0,5],[0,1],[1,0],[0,2],[1,5],[0,2],[0,3],[0,5],[0,5],[-1,8],[-1,3],[1,2],[0,1],[0,2],[0,2],[0,1],[0,1],[0,1],[0,1],[0,2],[0,1],[0,1],[0,6],[0,4],[1,1],[1,0],[1,-1],[0,-1],[0,1],[1,3],[1,-4]],[[9658,1370],[1,-2],[-1,3],[0,2],[1,-1],[-1,-2]],[[9650,1467],[-1,-1],[0,1],[0,3],[0,3],[1,2],[0,1],[0,-2],[1,-1],[-1,-2],[0,-4]],[[9647,1484],[0,-1],[-1,4],[0,1],[1,1],[0,-1],[0,-2],[0,-2]],[[9649,1500],[-1,-4],[-1,1],[0,1],[1,1],[0,1],[0,1],[0,1],[1,0],[0,-1],[0,-1]],[[9654,1554],[-3,-6],[-1,-1],[0,1],[-1,0],[1,1],[0,1],[1,2],[1,3],[2,0],[0,1],[0,-1],[0,-1]],[[9647,1550],[-1,-1],[0,1],[0,1],[0,2],[1,1],[0,2],[1,0],[0,-1],[0,-1],[0,-2],[-1,0],[0,-1],[0,-1]],[[9656,1553],[-1,0],[0,2],[0,1],[0,1],[0,2],[0,1],[2,-1],[0,-1],[0,-1],[0,-1],[-1,-3]],[[9653,1583],[0,-5],[0,-5],[0,-5],[0,-5],[0,-3],[-1,-2],[0,-1],[0,1],[0,3],[-1,1],[0,-4],[0,-1],[-1,0],[0,3],[0,4],[0,5],[0,2],[0,5],[-1,-1],[-2,-12],[0,-1],[-1,-2],[1,3],[0,5],[0,3],[1,2],[0,1],[0,3],[0,3],[0,1],[1,0],[2,4],[1,0],[1,-2]],[[9661,1657],[-1,-1],[-1,3],[0,2],[-1,1],[0,2],[0,3],[-1,3],[0,1],[0,1],[0,1],[1,2],[1,16],[0,-1],[0,-1],[1,-1],[0,-8],[0,-8],[1,-15]],[[9722,1358],[-1,0],[0,-1],[0,-5],[0,-2],[0,-1],[0,-1],[-1,-1],[-1,1],[0,2],[0,2],[-1,2],[0,-1],[0,-2],[0,-2],[0,-3],[-1,-3],[-1,2],[-1,2],[0,2],[-1,0],[-1,0],[0,3],[-1,14],[0,2],[0,3],[-1,-2],[-3,-3],[-1,0],[0,2],[0,1],[1,1],[0,1],[0,2],[-1,0],[-1,1],[0,-3],[0,-2],[0,-2],[0,-3],[0,-2],[0,-1],[-1,-2],[-5,2],[0,4],[1,1],[0,1],[0,1],[1,0],[0,-1],[1,-2],[1,-1],[0,1],[-1,4],[0,2],[-3,0],[-1,4],[-1,-4],[0,-4],[1,-6],[1,-4],[-1,0],[-1,7],[-1,2],[0,1],[0,2],[0,2],[-1,2],[0,1],[0,2],[0,3],[1,1],[0,-1],[0,-1],[0,-2],[1,2],[1,7],[0,6],[0,7],[0,5],[-1,0],[0,-5],[0,-6],[-1,-3],[-1,3],[0,10],[-2,16],[0,2],[-1,2],[-3,-3],[0,-1],[0,-3],[0,-3],[0,-1],[0,1],[-1,1],[0,1],[-1,-1],[-1,1],[0,-2],[-1,-3],[-1,1],[0,1],[-1,-3],[0,1],[-1,1],[0,3],[0,2],[-1,5],[0,1],[-1,2],[0,2],[0,1],[1,1],[0,1],[0,3],[-1,11],[-1,7],[0,4],[0,2],[-1,1],[-1,1],[-1,5],[-1,0],[-3,2],[0,-2],[0,-3],[0,-2],[-1,-4],[0,-3],[0,-3],[0,-3],[0,-3],[-1,-1],[-1,1],[0,-1],[-1,-3],[0,-1],[-1,0],[-1,3],[-1,0],[0,-1],[-1,-1],[0,-1],[0,1],[0,1],[0,1],[-1,0],[-1,5],[-1,0],[-1,0],[-2,3],[-4,-1],[-1,2],[-2,7],[-1,6],[0,2],[0,2],[1,2],[0,1],[1,7],[1,8],[1,10],[1,5],[0,2],[1,1],[1,6],[1,2],[0,2],[-1,-1],[-1,-6],[-2,-2],[0,-2],[-1,-3],[0,-3],[0,-1],[0,-2],[0,-2],[0,-1],[-1,-5],[0,-1],[0,2],[0,1],[0,2],[0,2],[0,2],[-1,-8],[0,-3],[-2,-2],[0,4],[0,4],[0,1],[0,-1],[0,7],[1,5],[0,3],[1,3],[2,3],[0,2],[1,5],[-1,-3],[-1,-2],[-1,1],[0,2],[0,1],[1,11],[0,2],[0,2],[0,2],[0,-1],[-1,-1],[0,-2],[0,-1],[0,-1],[0,-2],[0,-1],[-1,-2],[0,-1],[-1,-7],[0,-3],[0,-2],[-3,-5],[0,-1],[-1,-4],[0,-1],[0,1],[0,3],[-1,3],[0,2],[1,2],[-1,3],[0,5],[0,20],[1,5],[0,3],[2,1],[2,0],[0,-1],[0,-2],[0,3],[1,2],[2,0],[1,0],[1,4],[1,0],[1,0],[0,1],[1,2],[0,1],[1,3],[1,3],[0,3],[1,5],[-1,-3],[-1,-1],[-2,2],[-2,-4],[-1,1],[0,6],[1,3],[0,2],[2,2],[0,2],[-2,-2],[-1,1],[0,5],[0,5],[0,4],[1,2],[1,1],[1,4],[1,1],[1,-3],[1,-1],[1,4],[-1,-1],[-1,1],[0,3],[2,3],[1,4],[0,5],[-4,-11],[-2,-3],[-2,-5],[-1,-1],[-1,0],[0,1],[0,4],[0,4],[1,13],[0,13],[1,4],[1,4],[1,-4],[2,-5],[1,-1],[0,5],[-1,6],[0,2],[-1,-5],[0,2],[-1,3],[-1,2],[0,3],[0,2],[0,3],[0,4],[1,6],[1,2],[0,-4],[1,-3],[1,-3],[0,-1],[0,-2],[-1,-2],[0,-2],[1,1],[1,2],[1,0],[1,-4],[0,-2],[0,-2],[0,-3],[0,-2],[-1,-4],[0,-2],[0,-1],[1,1],[0,1],[0,2],[1,3],[0,3],[0,1],[1,-4],[0,-1],[0,-2],[1,-5],[0,-8],[0,1],[1,-2],[0,-1],[0,8],[-2,11],[-2,16],[0,3],[0,1],[3,5],[1,0],[0,-2],[1,-5],[0,-2],[1,-1],[1,1],[0,3],[-1,1],[-1,-1],[0,2],[0,2],[0,1],[0,5],[0,2],[0,1],[-1,0],[-1,-2],[-1,-2],[-2,-1],[0,2],[0,3],[-1,4],[0,5],[0,2],[-1,3],[0,10],[1,4],[0,2],[1,0],[1,-3],[1,-8],[0,-2],[1,-1],[0,2],[0,1],[-1,5],[-1,8],[-1,3],[1,10],[1,4],[0,-1],[1,-10],[0,-3],[0,-3],[0,-3],[1,-2],[0,3],[0,5],[0,2],[0,1],[2,-1],[0,2],[-2,4],[-1,2],[0,4],[0,3],[0,4],[0,4],[1,1],[0,-1],[1,-2],[1,-1],[0,-2],[1,-4],[1,-2],[0,3],[0,1],[-4,11],[0,2],[0,3],[0,3],[2,7],[0,2],[1,0],[0,1],[0,1],[0,2],[0,1],[2,8],[1,0],[0,-7],[0,-1],[1,-1],[0,-2],[0,-2],[0,-2],[0,-5],[0,-2],[0,-3],[0,-2],[0,-3],[0,-4],[1,-1],[1,1],[0,2],[-1,1],[0,2],[0,2],[0,1],[0,2],[0,3],[0,2],[0,4],[0,3],[-1,3],[0,3],[0,7],[0,3],[0,8],[1,5],[1,1],[1,-5],[0,-4],[0,-1],[0,-2],[-1,-3],[0,-4],[0,-3],[1,-3],[0,-2],[0,5],[0,3],[1,3],[0,4],[0,5],[-1,5],[0,4],[0,3],[0,1],[0,2],[0,1],[1,1],[0,-1],[1,-4],[0,-3],[1,-2],[0,-1],[0,2],[-1,7],[-1,4],[0,3],[0,3],[1,2],[1,2],[0,2],[0,3],[1,1],[0,1],[0,1],[1,1],[0,5],[1,2],[1,-1],[1,-7],[1,-3],[1,-2],[0,-10],[1,2],[0,4],[0,3],[-1,3],[0,1],[0,2],[-1,5],[0,1],[-1,0],[0,2],[0,2],[0,6],[0,6],[0,4],[0,2],[0,6],[3,15],[0,4],[1,5],[1,5],[0,7],[3,0],[0,1],[0,4],[0,3],[0,1]],[[9908,3625],[-1,0],[0,1],[0,1],[0,1],[0,1],[0,1],[0,1],[0,1],[-1,1],[0,1],[0,3],[1,1],[0,-2],[0,-6],[1,-1],[0,-1],[0,-2],[0,-1]],[[9874,3153],[0,1],[0,1],[0,4],[0,3],[0,3],[0,4],[0,40],[1,8],[1,14],[0,8],[0,9],[0,14],[1,8],[0,4],[-1,4],[0,5],[0,3],[0,4],[1,-2],[1,1],[0,1],[0,-3],[0,-2],[0,-2],[1,-1],[0,3],[0,-2],[1,-3],[0,-1],[1,2],[-1,1],[0,3],[1,2],[0,-1],[1,1],[1,5],[-1,0],[0,-1],[0,-1],[0,2],[0,4],[-1,3],[-1,2],[0,-1],[-1,-3],[0,-2],[0,-1],[0,-1],[-1,1],[0,4],[1,3],[0,3],[0,2],[0,1],[1,1],[1,7],[0,2],[0,4],[0,4],[-1,0],[0,-3],[-1,-6],[0,-3],[-1,4],[0,4],[0,22],[1,10],[2,3],[1,1],[2,1],[0,2],[-1,2],[0,1],[0,2],[1,2],[0,3],[-1,4],[-1,-5],[0,-1],[0,-2],[0,-1],[-1,1],[0,-3],[-1,4],[-2,45],[-1,25],[-1,10],[0,3],[1,2],[0,2],[1,1],[0,1],[0,4],[1,6],[0,4],[1,2],[0,1],[0,1],[-1,1],[0,-1],[0,-1],[-1,-3],[0,-1],[-1,-10],[0,-1],[-1,4],[0,4],[-1,8]],[[9893,3538],[1,-2],[0,-4],[0,-5],[-1,-16],[0,-5],[1,-5],[0,-4],[1,-3],[1,-4],[1,0],[1,2],[1,3],[0,2],[1,1],[0,1],[0,1],[0,-1],[0,-3],[0,-5],[0,-4],[1,-3],[0,-1],[1,3],[-1,0],[0,3],[0,3],[0,7],[0,6],[0,3],[-1,7],[0,3],[0,12],[0,3],[0,2],[-1,14],[0,3],[0,2],[-1,3],[0,3],[-1,2],[0,2],[0,3],[0,2],[0,2],[0,2],[1,-1],[1,4],[-1,0],[-1,0],[0,2],[1,1],[0,1],[0,2],[0,1],[-1,1],[2,2],[0,3],[0,6],[0,-2],[0,-1],[-1,2],[0,2],[0,2],[0,3],[0,7],[0,6],[0,5],[0,5],[0,1],[-1,1],[0,2],[0,1],[0,4],[-1,2],[-1,3],[0,3],[-1,3],[0,3],[0,9],[0,3],[1,0],[1,0],[1,1],[0,-1],[0,-2],[0,-2],[0,-2],[0,-1],[1,-1],[0,-4],[1,5],[1,-4],[0,-6],[0,-6],[-1,-4],[1,-3],[1,0],[0,-1],[0,-6],[0,-6],[0,-3],[0,1],[0,2],[-1,0],[0,-2],[0,-3],[1,-1],[1,1],[0,-1],[0,-2],[0,-3],[0,-2],[0,-2],[0,-7],[1,5],[0,1],[0,1],[0,2],[0,1],[1,-1],[0,-1],[0,-1],[1,1],[1,4],[0,1],[1,-1],[0,-3],[1,1],[0,1],[0,-4],[0,-3],[0,-1],[-1,1],[0,-1],[-1,-7],[0,-2],[-1,-2],[0,-1],[-1,-4],[0,-5],[0,-2],[0,-2],[0,-1],[0,-2],[1,-2],[0,-2],[0,1],[0,2],[1,2],[-1,8],[1,3],[0,-3],[1,2],[1,-3],[0,-3],[0,-6],[0,-2],[1,-4],[0,-2],[0,-3],[0,-10],[0,-8],[0,-1],[0,-2],[0,-3],[0,-2],[0,-3],[0,-1],[0,1],[0,3],[1,1],[0,-4],[0,-6],[0,-6],[-1,-5],[0,-2],[1,-1],[0,-3],[0,-7],[0,-3],[0,1],[0,2],[-1,2],[0,3],[0,-6],[0,-5],[1,-4],[-1,-2],[1,-3],[0,-2],[1,-5],[0,-8],[0,-9],[0,-2]],[[9881,2658],[0,-1],[0,1],[0,1],[0,1],[0,1],[1,6],[0,1],[0,4],[0,1],[1,0],[0,-1],[0,-1],[-1,-5],[-1,-8]],[[9920,2678],[-1,-15],[0,-11],[-1,-4],[-1,-4],[-1,-4],[0,-5],[0,-5],[-1,-20],[-1,-9],[-3,-24],[-4,-22],[-1,-7],[-1,-6],[-2,-5],[-6,-29],[-2,-5],[-1,-2],[0,-7],[-1,-1],[-2,-1],[0,1],[-1,8],[0,2],[0,3],[0,3],[0,2],[-1,3],[0,3],[1,17],[0,2],[-1,2],[-3,8],[-1,0],[0,-1],[-1,-3],[-1,-9],[-1,-1],[-1,3],[0,3],[-1,1],[1,5],[0,4],[0,4],[0,5],[0,5],[0,9],[1,6],[-1,5],[-1,1],[0,-1],[-1,-1],[0,-3],[-1,-2],[0,-3],[0,-3],[1,-2],[1,-3],[-1,-5],[0,-2],[0,-1],[-1,1],[0,1],[0,-2],[-1,-2],[0,-1],[-1,2],[-2,4],[-1,7],[0,7],[0,5],[1,2],[1,1],[1,3],[1,8],[0,4],[1,9],[1,3],[0,1],[1,3],[0,-6],[1,2],[0,2],[0,2],[0,3],[-1,1],[0,3],[0,3],[0,1],[0,1],[1,4],[0,1],[1,1],[0,1],[0,3],[0,2],[1,2],[0,3],[0,5],[0,11],[1,3],[1,11],[1,8]],[[49,1876],[0,-2],[0,4],[-1,2],[0,1],[0,1],[1,2],[0,6],[0,2],[0,3],[-1,1],[0,1],[1,2],[0,2],[1,1],[0,-1],[1,-1],[0,-2],[0,-1],[0,-1],[0,-1],[1,-3],[-1,-4],[-1,-3],[0,-5],[-1,-4]],[[39,2017],[1,-1],[1,0],[2,-5],[1,-1],[6,3],[0,-2],[-1,-1],[0,-3],[0,-3],[-1,4],[-1,-4],[-1,-7],[-2,-14],[0,-4],[0,-4],[0,-2],[0,-1],[0,1],[0,2],[0,5],[0,3],[-1,2],[1,2],[0,4],[1,5],[0,4],[-1,5],[0,2],[-2,0],[-2,2],[0,-2],[0,-5],[0,-3],[3,-3],[-2,-10],[0,-3],[1,-8],[0,-3],[0,-3],[0,-3],[0,-3],[1,-3],[1,6],[0,-5],[0,-4],[0,-2],[1,-3],[0,-2],[1,-1],[0,-1],[0,-6],[0,-2],[-2,0],[0,-1],[-1,-1],[0,-2],[-1,-4],[-1,-3],[0,-5],[-1,0],[-1,0],[-1,1],[0,2],[0,4],[0,5],[-1,8],[0,2],[-1,0],[0,2],[0,1],[1,2],[2,8],[0,2],[0,2],[1,3],[0,4],[0,5],[-1,14],[-1,4],[0,3],[-1,1],[-1,-1],[0,-1],[0,1],[0,-2],[0,-3],[-1,0],[0,-1],[-1,2],[-2,-4],[-1,5],[0,4],[1,2],[1,3],[0,2],[0,2],[0,1],[0,1],[1,-4],[3,1],[0,3],[1,4],[0,4],[0,2],[1,1],[0,-2]],[[1,5293],[0,-1],[0,1],[0,3],[0,2],[-1,4],[0,1],[0,3],[1,-1],[0,-1],[1,-1],[0,-2],[1,-2],[0,-6],[0,2],[-1,-1],[0,-1],[0,-3],[-1,3]],[[190,9813],[0,1],[-1,2],[0,1],[0,2],[0,1],[0,-1],[0,-2],[1,-1],[0,-3]],[[9804,4189],[1,0],[0,-1],[0,-1],[-1,0],[0,-1],[0,-1],[0,-1],[1,0],[-1,-1],[0,1],[0,1],[0,1],[0,1],[-1,1],[1,1],[0,-1],[0,1]],[[9992,674],[0,-4],[0,-3],[0,-4],[-1,-4],[0,-4],[0,-1],[-1,0],[-1,1],[-1,3],[0,6],[1,3],[1,8],[0,2],[1,1],[0,-1],[1,-1],[0,-2]],[[9723,18],[1,-5],[0,-3],[-1,-1],[0,-3],[0,-3],[-1,-3],[-1,0],[-1,1],[0,2],[-1,2],[0,1],[-1,2],[0,1],[0,-2],[-1,4],[0,2],[0,2],[1,0],[1,-2],[0,-1],[1,5],[0,4],[0,4],[1,2],[0,3],[1,0],[0,-1],[0,-3],[0,1],[1,-2],[0,-2],[1,-1],[0,-4],[0,-1],[-1,1]],[[9636,394],[2,-3],[1,-2],[-1,-1],[-1,-1],[0,-2],[-1,0],[0,-2],[-4,2],[0,1],[0,1],[-1,2],[0,3],[-1,2],[0,3],[1,0],[0,-2],[1,-3],[2,2],[1,2],[0,1],[1,-3]],[[9639,470],[0,-3],[0,-1],[0,-1],[1,2],[0,-1],[0,-3],[1,-3],[0,-1],[-1,0],[-1,0],[0,-2],[0,-1],[0,-2],[0,-3],[-1,1],[0,1],[-1,-2],[1,-1],[0,-2],[0,-6],[0,1],[-1,1],[1,-4],[0,-1],[-1,-1],[0,-4],[0,1],[1,0],[0,-1],[1,-1],[-1,-2],[-2,1],[0,-1],[0,-1],[1,-3],[1,0],[0,-4],[-1,-4],[1,0],[1,0],[0,-2],[0,-2],[0,-2],[0,-2],[-1,0],[0,-2],[1,-1],[0,-2],[0,-1],[0,-4],[0,-4],[0,-2],[-1,1],[-1,3],[0,2],[-1,2],[-1,5],[0,-2],[0,-2],[-1,-2],[0,3],[0,3],[1,4],[-1,3],[0,2],[0,2],[-1,0],[0,-2],[0,-1],[1,-2],[0,-2],[-1,-1],[0,1],[-1,2],[0,-2],[1,-1],[0,-2],[0,-3],[0,-3],[0,-3],[0,-1],[-1,0],[-1,0],[0,2],[0,3],[-1,0],[0,-2],[-1,-5],[0,13],[1,9],[4,14],[0,4],[1,5],[0,7],[0,5],[0,6],[1,5],[-1,4],[1,1],[0,1],[1,-2],[1,2],[1,1],[0,-2]],[[9650,1046],[0,-2],[0,-5],[0,-2],[0,-2],[0,-2],[0,-3],[0,1],[0,1],[-1,3],[0,1],[-1,-1],[0,1],[2,9],[0,1]]],"transform":{"scale":[0.03570899895979599,0.004406149259926003],"translate":[-177.95799719999988,-52.600313270999976]},"bbox":[-177.95799719999988,-52.600313270999976,179.09628339900027,-8.543226820999863]}