{"type":"Topology","objects":{"subunits":{"type":"GeometryCollection","geometries":[{"type":"MultiPolygon","id":"Callao","arcs":[[[0]],[[1,2]]]},{"type":"Polygon","id":"Lambayeque","arcs":[[3,4,5,6]]},{"type":"MultiPolygon","id":"Piura","arcs":[[[7]],[[8,-7,9,10,11]]]},{"type":"Polygon","id":"Tumbes","arcs":[[-11,12]]},{"type":"Polygon","id":"Apurímac","arcs":[[13,14,15]]},{"type":"Polygon","id":"Arequipa","arcs":[[16,17,18,19,20,21,-15]]},{"type":"Polygon","id":"Cusco","arcs":[[22,23,-17,-14,24,25,26]]},{"type":"Polygon","id":"Madre de Dios","arcs":[[27,-23,28,29]]},{"type":"Polygon","id":"Callao","arcs":[[30,31,32,-18,-24,-28]]},{"type":"Polygon","id":"Moquegua","arcs":[[33,34,-19,-33]]},{"type":"Polygon","id":"Tacna","arcs":[[-32,35,-34]]},{"type":"Polygon","id":"Ancash","arcs":[[36,37,38,39]]},{"type":"Polygon","id":"Cajamarca","arcs":[[40,-4,-9,41,42]]},{"type":"Polygon","id":"Huánuco","arcs":[[43,44,45,46,-37,47,48]]},{"type":"Polygon","id":"La Libertad","arcs":[[-41,49,50,-48,-40,51,-5]]},{"type":"Polygon","id":"Pasco","arcs":[[52,53,-46,54]]},{"type":"Polygon","id":"San Martín","arcs":[[-49,-51,55,56]]},{"type":"Polygon","id":"Ucayali","arcs":[[57,-29,-27,58,-55,-45,59]]},{"type":"Polygon","id":"Amazonas","arcs":[[-56,-50,-43,60,61]]},{"type":"Polygon","id":"Loreto","arcs":[[-60,-44,-57,-62,62]]},{"type":"Polygon","id":"Ayacucho","arcs":[[-25,-16,-22,63,64,65]]},{"type":"Polygon","id":"Lima Province","arcs":[[66,-3,67,68]]},{"type":"Polygon","id":"Huancavelica","arcs":[[-65,69,70,71]]},{"type":"MultiPolygon","id":"Ica","arcs":[[[72]],[[73]],[[-64,-21,74,75,-70]]]},{"type":"Polygon","id":"Junín","arcs":[[-59,-26,-66,-72,76,-53]]},{"type":"Polygon","id":"Lima","arcs":[[-54,-77,-71,-76,77,-69,78,-38,-47]]}]}},"arcs":[[[3281,3402],[3,-4],[-8,2],[-10,-1],[-10,5],[-15,6],[-9,9],[-5,8],[8,2],[9,-3],[30,-19],[7,-5]],[[3337,3417],[-14,3],[-34,2],[7,10],[9,8],[8,9],[3,13]],[[3316,3462],[1,0],[22,-11],[4,-13],[-2,-14],[-4,-7]],[[1491,6744],[10,-7],[9,1],[8,3],[8,3],[13,2],[8,-1],[5,-3],[3,-5],[0,-2],[4,-5],[17,9],[9,6],[10,3],[8,0],[7,-3],[5,-3],[5,-3],[15,-5],[19,-4],[11,-3],[8,-4],[3,-5],[0,-6],[-2,-6],[-3,-5],[-5,-5],[-46,-29],[-5,-5],[-2,-5],[0,-7],[3,-6],[8,-5],[11,-2],[11,-4],[4,-5],[-1,-7],[-7,-15],[-27,-20],[-64,-8],[-18,-5],[-13,-4],[-9,-5],[-12,-8],[-8,-7],[-7,-8],[-3,-7],[0,-6],[3,-5],[12,-13],[3,-5],[1,-6],[-2,-6],[-8,-14],[5,-25],[4,-4],[7,-4],[8,0],[8,1],[9,-1],[11,-4],[7,-6],[5,-6],[13,-28],[15,-22],[11,-8],[11,-5],[18,1],[19,0],[23,-9],[39,-5],[7,-3],[7,-6],[2,-6],[0,-6],[-1,-7],[-2,-6],[-4,-4],[-7,-4],[-14,-4],[-10,-5],[-26,-26],[-17,-9],[-20,-5],[-14,-5],[-6,-4],[-4,-6],[2,-44],[-2,-8],[-2,-4],[-5,-4],[-5,-1],[-10,-1]],[[1572,6186],[-21,13],[-74,14],[-12,0],[-7,-2],[-5,-2],[-133,-89],[-20,-16]],[[1300,6104],[1,2],[2,14],[-15,14],[-84,57],[-41,28],[-9,12],[-43,25],[-11,17],[-3,17],[-12,18],[-19,16],[-13,9],[-90,50],[-40,17],[-102,41],[-128,44],[-134,47]],[[559,6532],[17,10],[27,22],[67,70],[5,6],[9,22],[5,8],[13,14],[95,77],[10,5],[10,3],[245,49],[28,13],[6,4],[5,9],[4,16],[-3,57],[-13,54],[3,12],[5,2],[4,0],[20,-10],[35,-22],[48,-25],[8,-6],[12,-12],[4,-7],[5,-6],[4,-5],[11,-9],[7,-6],[2,-6],[-2,-5],[-4,-5],[-4,-4],[-7,-10],[-2,-5],[-1,-4],[0,-3],[2,-5],[3,-5],[7,-4],[13,-2],[22,-1],[10,-3],[10,-3],[11,-7],[7,-6],[5,-5],[10,-16],[6,-4],[8,-3],[16,-1],[8,-1],[17,2],[17,4],[10,0],[10,0],[32,-7],[9,-3],[6,-4],[15,-17]],[[394,6479],[-9,-1],[-11,0],[-2,5],[3,6],[-3,8],[-7,5],[6,4],[3,8],[9,19],[8,-3],[-5,-4],[-5,-9],[4,-8],[7,-5],[0,-7],[-1,-9],[3,-9]],[[1663,7303],[-21,-14],[-5,-7],[-4,-13],[-4,-8],[-7,-2],[-10,-2],[-9,-5],[-14,-21],[-8,-8],[-14,-8],[-21,-16],[-6,-9],[-1,-7],[19,-32],[2,-7],[0,-9],[-1,-14],[2,-7],[6,-5],[8,-2],[7,-4],[5,-6],[7,-75],[-4,-11],[-11,0],[-8,2],[-8,1],[-14,1],[-8,-2],[-3,-1],[-12,-19],[-2,-4],[0,-2],[0,-3],[2,-6],[5,-8],[1,-3],[0,-3],[1,-11],[-6,-30],[-12,-36],[1,-9],[2,-6],[11,-16],[2,-6],[0,-13],[0,-1],[3,-5],[3,-5],[1,-1],[1,-1],[9,-6],[11,-7],[7,-22],[-9,-8],[-7,-3],[-8,-3],[-9,-5],[-28,-20],[-14,-6]],[[559,6532],[-77,26],[-50,16],[-49,33],[-58,28],[-69,27],[-69,37],[-24,20],[-16,32],[2,22],[0,24],[-1,5],[16,9],[5,11],[4,4],[18,0],[8,13],[1,8],[7,8],[14,-1],[16,-17],[22,-7],[30,-8],[25,-2],[29,19],[31,39],[6,51],[-19,42],[-40,60],[-24,18],[-74,50],[-13,11],[-18,3],[-10,-2],[-19,9],[-17,18],[-20,16],[-16,17],[4,5],[5,4],[10,3],[7,11],[-3,7],[-7,5],[1,7],[11,2],[-3,10],[-4,12],[7,8],[13,-2],[14,6],[13,-9],[23,1],[12,12],[4,19],[-17,26],[-27,19],[-24,13],[-19,19],[-13,16],[-27,25],[-63,47],[-27,23],[4,7],[10,4],[12,8],[-3,11],[-6,12],[6,28],[1,9],[-5,9],[-7,12],[-5,10],[3,8],[8,5],[6,3],[5,3],[6,6],[11,19],[0,12],[-11,31],[3,11],[9,13],[11,12],[9,7],[69,32],[18,13],[14,18],[12,9],[15,3],[14,3],[8,6],[1,1]],[[218,7785],[1,-1],[51,-33],[15,-6],[39,-7],[63,3],[23,-1],[26,-5],[76,-20],[10,0],[4,0],[5,2],[6,4],[16,14],[99,60]],[[652,7795],[-1,-10],[4,-7],[13,-12],[4,-7],[0,-5],[-3,-11],[0,-5],[17,-24],[27,-2],[35,7],[36,3],[-9,-12],[-104,-96],[-3,-9],[7,-12],[11,-6],[35,-14],[13,-3],[14,0],[6,0],[8,5],[32,12],[61,32],[13,9],[5,9],[9,19],[6,8],[7,4],[8,2],[9,2],[32,3],[2,1],[5,-6],[13,-3],[16,-2],[14,-3],[14,-9],[26,-19],[16,-8],[21,-8],[21,-2],[20,0],[21,-3],[20,-13],[16,-17],[20,-14],[29,-3],[53,11],[28,11],[28,3],[22,-8],[40,-27],[6,-2],[11,-6],[5,-2],[19,1],[16,-7],[5,-5],[-2,-8],[-18,-22],[-1,-12],[23,-23],[9,-33],[21,-27],[2,-11],[6,-11],[14,-8],[16,-6],[14,-7],[4,-4],[5,-11],[4,-5],[7,-3],[16,-4],[7,-3],[10,-11],[9,-11],[11,-10],[18,-3],[37,1]],[[218,7785],[12,16],[42,45],[25,17],[30,17],[32,12],[12,8],[5,11],[2,13],[5,11],[15,19],[21,19],[28,16],[125,51],[23,15],[33,34],[5,12],[7,1],[8,1],[7,3],[12,3],[55,-1],[15,2],[16,5],[13,7],[5,10],[3,6],[10,12],[3,6],[1,6],[5,-2],[13,-5],[30,-5],[11,-6],[-2,-10],[-4,-11],[1,-12],[5,-3],[13,-3],[5,-4],[2,-5],[0,-6],[-1,-10],[-6,-15],[-1,-4],[6,-4],[7,-2],[7,-2],[2,-5],[0,-6],[5,-10],[1,-6],[-1,-6],[-5,-10],[-2,-5],[0,-6],[1,-4],[5,-10],[1,-6],[-3,-4],[-3,-4],[-2,-4],[4,-11],[16,-17],[7,-11],[1,-5],[0,-10],[2,-5],[7,-5],[7,-4],[5,-3],[-1,-6],[-12,-9],[-62,-20],[-11,-9],[-11,-13],[-14,-11],[-16,-6],[-15,2],[-33,12],[-17,4],[-16,1],[-16,-1],[-14,-3],[-12,-6],[-9,-9],[-9,-13],[-7,-14]],[[6414,2685],[28,-6],[7,-3],[5,-2],[6,2],[6,3],[5,2],[15,-4],[12,-8],[14,-4],[18,7],[14,9],[6,2],[10,2],[3,-1],[8,-3],[5,0],[4,1],[2,0],[24,13],[11,3],[26,2],[21,0],[5,-2],[1,-5],[3,-5],[5,-5],[4,-2],[32,0],[30,-3],[25,-9],[53,-28],[57,-22],[9,-1],[6,-2],[7,-8],[8,-1],[32,-2],[31,-6],[4,-2],[4,-2],[5,-2],[11,-1],[32,0],[11,-3],[9,-7],[16,-17],[-6,-4],[10,-7],[14,-7],[30,-12],[12,-2],[40,2],[4,-3],[25,-13],[6,-1],[7,-5],[42,-26],[12,-12],[8,-13],[18,-22],[3,-6],[14,-15],[11,-16],[0,-95],[-24,-58],[-8,-10],[-5,-4],[-5,-4],[-27,-12],[-6,-4],[-6,-4],[-19,-17],[-19,-13],[-7,-7],[-22,-29],[-7,-5],[-28,-5],[-11,-4],[-13,-2],[-17,-1],[-9,-4],[-5,-4],[-5,-6],[-6,-6],[-13,-7],[-14,-4],[-18,-3],[-11,-4],[-8,-4],[-8,-6],[-5,-5],[-5,-6],[-2,-5],[0,-6],[2,-5],[12,-15],[3,-5],[1,-6],[-1,-14],[-3,-13]],[[6995,2001],[-66,-12],[-16,-2],[-14,2],[-9,2],[-8,3],[-12,2],[-14,1],[-25,-1],[-13,2],[-11,2],[-7,3],[-7,2],[-17,4],[-12,-1],[-14,-6],[-22,-13],[-19,-20]],[[6709,1969],[-52,16],[-9,5],[-26,13],[-19,7],[-16,8],[-23,8],[-6,-5],[-7,-9],[-5,-4],[-9,-2],[-10,-1],[-13,1],[-9,0],[-8,-2],[-11,-8],[-6,-3],[-8,-1],[-13,-1],[-17,-3],[-33,-7],[-19,-3],[-19,-1],[-8,0],[-10,1],[-12,3],[-19,5],[-8,1],[-8,0],[-5,-3],[-3,-6],[-3,-5],[-4,-5],[-4,-5],[-17,-11],[-5,-5],[-7,-10],[-5,-4],[-7,-3],[-8,-2],[-24,-1],[-22,-4],[-14,-2],[-11,8],[-31,58],[-1,3],[8,1],[18,-1],[9,2],[6,6],[19,46],[-2,12],[-12,16],[-19,23],[-1,10],[5,33],[6,38],[-1,21],[-4,23],[0,9],[-1,7],[-4,9],[-25,28],[-19,17],[-6,8],[-6,11],[-10,23],[-7,36],[-89,115],[-4,12],[34,6],[9,3],[4,3],[0,8],[-17,14],[-17,20],[-5,4],[-6,3],[-7,3],[-7,1],[-13,2],[-8,3],[-6,6],[-11,17],[-3,8],[-3,38],[-8,20],[-1,20],[-9,11],[-2,5],[-3,19],[1,7],[4,8],[17,15],[6,10],[-11,12],[-2,5],[2,5],[7,9],[6,12],[3,5],[5,4],[8,2],[9,-1],[9,-4],[11,-7],[10,-12],[15,-10],[138,-59],[12,-6],[32,-22],[23,-8],[75,-7],[8,-2],[16,-4],[10,-1],[13,0],[10,-1],[28,-4],[8,0],[8,3],[5,5],[7,16],[4,6]],[[6995,2001],[-2,-10],[-4,-10],[0,-5],[2,-5],[5,-5],[49,-42],[19,-7],[50,-9],[53,9],[21,2],[20,3],[17,4],[19,7],[8,0],[11,-1],[7,-3],[6,-4],[4,-4],[9,-17],[4,-5],[4,-5],[5,-4],[7,-3],[7,0],[8,2],[21,20],[1,5],[1,5],[2,6],[9,12],[2,5],[0,11],[0,5],[-2,6],[-4,5],[-9,9],[-3,5],[1,5],[2,6],[4,5],[6,3],[7,2],[8,0],[6,-2],[5,-1],[5,-3],[17,-11],[38,-37],[15,-15],[10,-17],[4,-5],[5,-4],[8,-4],[10,-3],[16,-3],[11,-1],[9,-2],[3,-4],[-1,-5],[-3,-5],[-5,-4],[-6,-4],[-15,-5],[-6,-3],[-4,-4],[-1,-6],[8,-28],[1,-5],[-2,-4],[-2,-5],[-7,-9],[-2,-6],[10,-6],[20,-7],[100,-17],[8,-3],[9,-4],[8,-1],[7,1],[21,11],[13,4],[8,2],[18,2],[9,0],[19,-1],[10,0],[9,1],[7,2],[6,4],[2,5],[-2,4],[-3,5],[-2,5],[1,5],[5,2],[10,-1],[25,-13],[12,-2],[18,2],[11,-2],[12,-5],[46,-28],[8,-3],[11,-2],[9,0],[7,3],[23,15],[6,3],[7,3],[8,1],[7,0],[9,-1],[7,-3],[7,-3],[6,-4],[6,-6],[6,-10],[2,-6],[-1,-7],[-3,-12],[-3,-23],[3,-5],[5,-5],[12,-4],[22,-5],[13,-5],[22,-12],[12,-8],[17,-16],[14,-9]],[[8146,1640],[3,-17],[-6,-36],[2,-9],[4,-6],[6,-5],[5,-7],[1,-5],[0,-4],[-2,-7],[-3,-18],[2,-7],[3,-6],[26,-22],[10,-7],[33,-18],[6,-5],[8,-9],[2,-8],[0,-7],[-4,-5],[-20,-23],[-2,-5],[-1,-4],[0,-7],[2,-5],[5,-4],[7,-5],[8,-7],[12,-20],[8,-9],[33,-16],[4,-14],[-3,-13],[-7,-17]],[[8288,1283],[-11,-119],[-9,-31],[-21,-17],[-35,-23],[-5,-5],[-6,-7],[-3,-6],[0,-5],[0,-4],[7,-18],[2,-7],[-1,-11],[-5,-6],[-6,-4],[-28,-8],[-5,-1],[-6,1],[-6,3],[-11,8],[-6,3],[-8,1],[-8,-1],[-17,-3],[-9,-1],[-27,-1],[-8,-1],[-40,-12],[-9,-4],[-13,-8],[-37,-38],[-25,-17],[-6,-6],[-1,-6],[6,-25],[0,-6],[-2,-16],[-2,-7],[-5,-4],[-7,-3],[-27,-6],[-18,-6],[-40,-24],[-6,-7],[-9,-9],[-2,-7],[0,-5],[3,-12],[5,-12],[15,-20],[10,-18],[49,-25],[6,-4],[6,-7],[-3,-4],[-5,-5],[-3,-5],[-19,-48],[-3,-5],[-3,-4],[-21,-18],[-8,-11],[-7,-17],[-9,-9],[-14,-8],[-29,-15]],[[7783,557],[-7,11],[-14,7],[-12,3],[-31,3],[-19,5],[-7,3],[-14,8],[-13,6],[-4,1],[-131,22],[-30,9],[-26,14],[-36,29],[-20,12],[-43,17],[-17,5],[-18,3],[-49,3],[-7,2],[-4,5],[1,12],[-1,6],[-11,7],[-32,12],[-7,5],[-8,9],[-19,6],[-38,6],[-19,8],[-4,9],[1,11],[-7,11],[-44,34],[-18,8],[-9,2],[-8,0],[-6,1],[-7,3],[-9,8],[-5,4],[-8,1],[-5,1],[-17,8],[-8,3],[-33,3],[-46,14],[-82,-1],[-71,17],[-84,41],[-136,32],[-27,19],[-34,12],[-30,14],[-14,3],[-31,0],[-14,3],[-12,5],[-12,3],[-12,-4],[-7,7],[-10,23],[-7,5],[-8,3],[-23,3],[-44,15],[-48,7],[-93,22],[-61,6],[-19,-9],[0,13],[-14,8],[-8,6],[-5,3],[-29,6],[-56,18],[-24,9],[-49,24],[-55,26],[-23,14],[0,6],[4,7],[-6,8],[-8,8],[-25,7],[-66,25],[-13,2],[-34,3],[-13,6],[-10,8],[-3,6],[-10,4],[-19,4],[-30,-4],[-28,5],[-27,6],[-35,16],[-3,3],[-2,11],[-2,5],[-5,5],[0,7],[-5,8],[-20,5],[-39,8],[-113,33],[-55,21],[-76,21],[-17,15],[-87,30],[-22,12],[-11,2],[-11,-1],[-6,-2],[-5,1],[-13,6],[-9,7]],[[4948,1584],[45,47],[5,8],[5,10],[6,9],[29,35],[19,11],[167,71]],[[5224,1775],[2,-7],[1,-5],[3,-5],[6,-4],[8,-4],[22,-5],[60,-7],[59,-14],[30,-3],[7,-2],[6,-3],[2,-5],[-2,-5],[-3,-5],[2,-9],[7,-10],[18,-19],[8,-11],[5,-9],[2,-7],[5,-5],[9,-5],[30,-7],[16,-7],[0,-12],[2,-5],[3,-5],[5,-4],[26,-20],[7,-3],[7,-3],[8,-2],[18,-4],[15,-1],[8,0],[11,2],[18,5],[20,7],[19,9],[7,2],[7,0],[7,-5],[3,-5],[1,-15],[1,-2],[1,-2],[4,-4],[5,-3],[4,-4],[1,-6],[-6,-24],[0,-5],[1,-6],[3,-4],[8,-2],[13,1],[60,21],[8,4],[6,6],[9,16],[32,33],[6,4],[10,3],[14,2],[84,-1],[81,8],[36,2],[35,5],[92,29],[24,-7],[7,-2],[15,-4],[59,-4],[33,0],[-1,5],[-4,11],[-2,23],[4,16],[4,5],[8,2],[8,0],[18,-1],[17,-3],[24,-5],[7,-1],[6,1],[6,2],[5,4],[9,9],[26,34],[6,5],[46,30],[10,8],[8,22],[3,27],[6,21],[4,9],[1,6],[-1,7],[-5,7],[-11,10],[-6,11],[7,25],[4,6],[8,9],[5,3],[5,3],[7,3],[15,4],[10,2],[10,0],[35,-3],[10,0],[10,1],[18,3],[7,3],[5,3],[1,5],[-7,13],[-2,17]],[[7236,3836],[-3,-33],[-14,-29],[-102,-131],[-14,-29],[-4,-22],[-10,-34],[-8,-15],[-5,-20],[0,-8],[13,-46],[3,-5],[2,-3],[3,-3],[14,-9],[64,-28],[57,-18],[11,-6],[8,-9],[7,-12],[22,-56],[7,-9],[8,-7],[10,-5],[22,-7],[23,-3],[12,-1],[11,-1],[7,-2],[9,-4],[9,-8],[6,-7],[18,-25],[26,-41],[12,-25],[5,-18],[0,-13],[-14,-24],[-3,-9],[0,-14],[5,-10],[8,-8],[20,-28],[13,-14],[23,-12],[21,-6],[148,-32],[18,-1],[14,0],[41,3],[16,-1],[10,-1],[9,-3],[19,-10],[14,-5],[84,-22],[120,-22],[13,-5],[98,-43],[12,-2],[26,-2],[22,1],[221,-27],[99,4],[16,4],[9,6],[0,6],[-6,6],[-20,8],[-10,5],[-8,6],[-4,7],[4,8],[8,3],[12,1],[25,-1],[36,-6],[43,3],[25,-1],[26,-4]],[[8678,2902],[-21,-61],[-2,-20],[12,-32],[1,-7],[-1,-6],[-6,-14],[-20,-32],[-12,-12],[-47,-33],[-22,-13],[-16,-12],[-12,-11],[-23,-28],[-75,-121],[-13,-15],[-10,-5],[-22,-4],[-64,-8],[-12,-4],[-7,-28],[-3,-28],[-15,-45],[5,-8],[8,-7],[10,-6],[8,-13],[1,-12],[-18,-72],[-6,-13],[-13,-20],[-27,-67],[-3,-5],[-4,-3],[-8,-4],[-41,1],[-7,-3],[-7,-4],[-15,-25],[-5,-16],[4,-9],[8,-10],[1,-6],[-2,-5],[-4,-4],[-8,-5],[-6,-3],[-14,-9],[-10,-8],[-8,-4],[-8,-4],[-8,-1],[-22,-1],[-14,-2],[-6,-8],[1,-5],[2,-6],[4,-4],[18,-19],[14,-11],[7,-4],[8,-2],[8,0],[10,0],[11,-1],[17,-5],[6,-7],[2,-6],[-9,-26],[0,-7],[3,-10],[9,-18],[2,-10],[-1,-8],[-18,-19],[-6,-10],[-1,-17],[12,-11],[0,-3],[1,-2],[-4,-8],[-3,-8],[-2,-11],[1,-8],[3,-6],[5,-5],[7,-10],[7,-13],[5,-19],[-2,-43],[-2,-8],[-5,-5],[-6,-2],[-12,-3],[-5,-2],[-10,-5]],[[6414,2685],[-6,5],[-21,14],[-38,16],[-6,4],[-3,7],[-15,11],[-20,24],[-41,35],[-23,13],[-25,6],[-4,3],[-17,21],[-11,6],[-27,11],[-14,4],[0,4],[11,11],[-15,43],[7,9],[4,2],[-2,4],[-6,3],[-7,2],[-7,2],[-3,6],[-12,28],[-5,9],[-6,4],[-4,4],[-8,20],[-2,20],[-3,7],[-12,12],[-6,10],[-7,19],[-6,7],[-39,27],[-13,5],[-1,-3],[-3,-5],[0,-3],[-12,6],[-43,39],[-6,15],[-4,8],[-9,3],[-14,3],[-3,6],[4,15],[-1,10],[-3,4],[-5,3],[-8,8],[-4,6],[-4,15],[-5,6],[-31,25],[-21,26]],[[5829,3310],[80,1],[28,2],[93,18],[26,6],[7,3],[6,3],[11,8],[4,5],[15,20],[6,11],[3,12],[1,12],[-2,24],[0,4],[4,12],[2,5],[77,77],[2,5],[12,46],[0,10],[-1,6],[-2,5],[-3,4],[-4,3],[-21,12],[-14,5],[-7,3],[-24,4],[-31,9],[-8,2],[-10,0],[-18,0],[-7,1],[-5,2],[-1,6],[3,5],[6,3],[27,12],[73,41],[46,45],[35,52],[7,16]],[[6245,3830],[23,-3],[35,8],[21,2],[57,0],[102,9],[31,6],[25,6],[7,4],[6,4],[28,27],[6,3],[9,2],[8,-4],[5,-4],[3,-7],[2,-6],[3,-5],[4,-5],[11,-8],[4,-4],[1,-11],[4,-5],[20,-11],[32,-7],[7,-2],[19,-11],[11,-3],[25,1],[9,-1],[9,1],[7,2],[8,4],[8,3],[15,1],[8,-3],[4,-5],[2,-6],[5,-5],[6,-2],[9,0],[7,-3],[19,-9],[8,-3],[10,-2],[34,-5],[28,3],[8,3],[7,3],[5,4],[7,3],[7,4],[20,5],[7,3],[30,18],[14,7],[29,8],[55,11],[6,2],[7,-1],[14,-6],[10,-4],[9,1],[20,4],[10,0],[8,-1],[13,-4]],[[9770,2898],[-499,-170],[-13,-2],[-21,3],[-532,178],[-13,2],[-14,-7]],[[7236,3836],[0,1],[0,12],[3,16],[5,12],[8,13],[58,71],[3,9],[1,7],[-7,9],[-43,37],[-1,6],[1,5],[8,6],[14,4],[29,-1],[17,-3],[14,-4],[32,-18],[6,-2],[20,-3],[110,3],[19,3],[8,2],[350,123],[69,14],[15,5],[31,13],[45,26],[41,17],[49,27],[13,6],[20,10],[75,62],[25,25],[10,18],[6,19],[8,76],[4,12],[11,24],[12,11],[25,16],[104,52],[1,1]],[[8455,4578],[-1,-46],[0,-69],[0,-70],[0,-69],[-1,-70],[0,-69],[0,-70],[0,-69],[-1,-44],[68,37],[17,2],[21,-12],[36,-29],[20,-13],[36,-12],[40,-4],[41,1],[39,5],[32,8],[192,66],[33,-1],[15,-3],[15,0],[33,1],[21,-1],[13,-4],[30,-13],[26,-3],[98,7],[15,-1],[3,-3],[3,-3],[3,-4],[2,-3],[3,-3],[3,-4],[3,-3],[3,-4],[82,-98],[83,-99],[82,-99],[83,-99],[82,-99],[82,-99],[83,-99],[82,-99],[20,-23],[4,-5],[-8,-3],[-5,-5],[-4,-10],[-7,-9],[-9,-8],[-11,-7],[-24,-8],[-11,-7],[-7,-7],[-1,-9],[7,-6],[26,-4],[8,-6],[-19,-25],[-6,-5],[-65,-12],[-16,-7],[-12,-11],[-10,-16],[-18,2],[-9,-10],[-9,-14],[-24,-13],[-5,-12],[0,-23],[10,-54]],[[9770,2898],[2,-8],[-6,-65],[2,-22],[11,-43],[-9,-106],[3,-13],[-5,-13],[-7,-13],[-7,-7],[-17,-13],[-6,-6],[-2,-7],[2,-7],[0,-7],[-7,-6],[-9,-1],[-24,3],[-11,-1],[-11,-12],[16,-16],[43,-23],[9,-8],[0,-6],[-4,-7],[-3,-9],[1,-7],[10,-21],[14,-14],[3,-18],[0,-20],[5,-18],[10,-10],[43,-19],[8,-7],[5,-9],[4,-19],[20,-36],[4,-19],[-16,-11],[-53,-5],[-27,-5],[-20,-9],[-4,-10],[-1,-10],[1,-21],[6,-10],[11,-11],[3,-11],[-16,-10],[-51,-19],[-15,-8],[-31,-24],[-6,-2],[-14,-2],[-4,-3],[-3,-9],[2,-25],[-4,-6],[-17,0],[-18,2],[-16,-1],[-10,-10],[-5,-70],[-11,-16],[-13,-5],[-43,-8],[-18,-7],[-7,-8],[-1,-9],[3,-45],[-2,-4],[-13,-21],[-3,-10],[5,-9],[17,-11],[13,-8],[45,-47],[13,-9],[47,-23],[13,-9],[20,-18],[18,-13],[-1,-10],[-13,-6],[-18,1],[-16,-1],[-10,-21],[-27,-6],[-15,-10],[-13,-11],[-4,-9],[9,-16],[0,-5],[-6,-2],[-22,-5],[-8,-3],[-10,-10],[-4,-10],[-2,-11],[-4,-11],[-51,-52],[-7,-16],[4,-17],[10,-16],[33,-56],[34,-56],[34,-57],[33,-56],[18,-30],[27,-23],[15,-8],[17,-7],[19,-5],[20,0],[9,3],[16,8],[8,2],[9,-1],[25,-5],[23,5],[17,-7],[33,-24],[41,-11],[18,-8],[8,-15],[-18,-19],[-89,-23],[-26,-9],[-21,-17],[-7,-10],[-1,-11],[1,-32],[-2,-17],[4,-9],[21,-20],[-10,-8],[-13,-11],[-13,-7],[-46,-16],[-15,-2],[-28,-2],[-13,-5],[-7,-8],[-15,-30],[-11,-11],[-80,-57],[-21,-30],[-9,-8],[-34,-13],[-5,-4],[-3,-5],[3,-3],[6,-2],[3,-3],[-3,-9],[-17,-13],[-21,-5],[-23,-3],[-22,-6],[-24,-11],[-43,-26],[-5,-1],[-13,-1],[-4,-1],[-8,-12],[-13,-30],[-13,-14],[1,0]],[[9224,573],[-2,0],[-9,-3],[-27,-3],[-5,0],[-5,0],[-6,1],[-6,4],[-13,10],[-3,4],[-8,11],[-3,1],[-4,2],[-8,1],[-5,-1],[-4,0],[-6,-2],[-12,-3],[-5,0],[-4,0],[-7,2],[-24,11],[-8,4],[-7,1],[-3,1],[-7,1],[-4,1],[-17,8],[-27,17],[-17,8],[-4,2],[-2,0],[-2,1],[-1,0],[-7,1],[-6,2],[-18,17],[-43,54],[-51,51],[-15,25]],[[8819,802],[-2,7],[-2,8],[0,4],[2,15],[3,4],[6,6],[10,3],[8,2],[24,3],[9,2],[8,3],[21,15],[31,17],[6,9],[-19,18],[-49,5],[-9,2],[-11,5],[-14,8],[-40,28],[-14,14],[-11,13],[-5,5],[-8,4],[-34,13],[-11,8],[-10,18],[-13,33],[-13,20],[-1,4],[1,11],[4,12],[12,19],[1,6],[-3,7],[-7,7],[-31,12],[-10,7],[-4,11],[2,18],[0,16],[-3,9],[-4,7],[-9,6],[-11,3],[-16,0],[-12,-1],[-30,3],[-50,20],[-25,-6],[-9,-4],[-12,-5],[-10,-4],[-24,-6],[-14,0],[-22,3],[-19,6],[-46,21],[-1,1],[-7,3],[-17,5],[-17,-2]],[[8819,802],[-18,-29],[-20,-9],[-12,0],[-12,1],[-11,4],[-8,5],[-7,7],[-20,31],[-6,7],[-8,4],[-19,6],[-15,1],[-15,0],[-11,-1],[-20,-9],[-18,-13],[-5,-6],[-5,-6],[0,-7],[-3,-8],[-10,-15],[-4,-8],[-2,-11],[4,-13],[1,-2],[0,-1],[7,-11],[2,-7],[0,-7],[-1,-7],[-9,-9],[-23,-21],[-63,-49],[-40,-11],[-17,-4],[-14,-4],[-11,-6],[-6,-4],[-9,-10],[-8,-11],[-14,-15],[-34,-28],[-3,-5],[-8,-25],[-3,-8],[-5,-8],[-10,-11],[-6,-7],[-5,-3],[-32,-20],[-9,-7],[-6,-6],[-14,-27],[-5,-5],[-6,-4],[-13,-4],[-10,-3],[-71,-18],[-31,-13],[-29,-15],[-7,-5],[-6,-4],[-4,-5],[-13,-17],[-9,-9]],[[8030,297],[-22,17],[-12,6],[-39,11],[-29,14],[-16,6],[-17,2],[-26,-2],[-4,-2],[0,6],[5,7],[11,10],[4,13],[-3,11],[-4,11],[-7,55],[-4,10],[-11,21],[-3,19],[-4,2],[-5,1],[-6,3],[-21,19],[-28,13],[-2,1],[-4,6]],[[9224,573],[41,-4],[13,-3],[31,-16],[16,-11],[12,-10],[8,-16],[3,-19],[-2,-39],[0,-1],[-101,-65],[-36,-17],[-36,-4],[-37,4],[-33,-1],[-25,-18],[-6,-23],[9,-19],[13,-19],[7,-23],[2,-14],[4,-10],[18,-19],[6,-11],[2,-10],[-2,-10],[-48,-72],[-17,-18],[-15,-10],[-31,-18],[-37,-29],[-14,-8],[-18,-4],[-23,-1],[-19,-4],[-56,-21],[-19,-4],[-41,-2],[-85,5],[-41,-2],[-20,-7],[-19,12],[-40,16],[-49,24],[-24,10],[-28,10],[-29,10],[-39,14],[-39,25],[-3,3],[-4,6],[-5,3],[-3,1],[-8,1],[-5,1],[-46,28],[-13,6],[-28,5],[-10,6],[-11,22],[-7,11],[-12,4],[-12,4],[-34,17],[-16,5],[-46,10],[-16,2],[-41,26],[-17,7],[-11,7],[-2,1]],[[3173,5354],[4,-6],[2,-6],[5,-18],[8,-14],[1,-4],[1,-27],[4,-7],[9,-5],[20,-7],[8,-6],[24,-22],[5,-7],[0,-8],[-4,-7],[-2,-6],[5,-9],[13,-12],[44,-28],[11,-4],[38,-8],[6,-8],[29,-17],[26,-25],[9,-5],[10,-4],[42,-8],[5,-2],[3,-4],[2,-4],[3,-3],[6,-1],[10,-12],[18,-7],[40,-9],[23,-8],[21,-11],[13,-9],[-3,-18],[-5,-6],[-6,-5],[-13,-6],[-61,-41],[-8,-9],[-80,-126],[0,-28],[-11,-18],[-60,-49],[-11,-11],[-7,-10],[0,-6],[0,-5],[4,-6],[18,-17],[25,-41],[11,-22],[0,-33],[5,-20],[4,-8],[5,-6],[12,-7],[7,-2],[9,-2],[9,-2],[10,-2],[10,-5],[3,-5],[1,-5],[-3,-5],[-14,-21],[-2,-6],[-5,-27],[3,-29]],[[3482,4397],[-138,-39],[-35,-15],[-4,-5],[-2,-6],[-4,-27],[-2,-6],[-8,-12],[-17,-16],[-40,-27],[-20,-10],[-80,-31],[-28,-34],[-26,-12],[-40,-11],[-13,-1],[-48,1],[-14,1],[-4,4],[-1,5],[2,6],[-1,6],[-2,6],[-5,11],[-2,5],[-1,6],[0,5],[2,6],[5,11],[2,6],[-1,5],[-5,7],[-8,4],[-22,6],[-8,4],[-14,11],[-9,2],[-9,0],[-19,-2],[-11,1],[-14,3],[-6,4],[-2,5],[2,4],[2,2],[12,6],[19,9],[12,7],[5,5],[4,4],[7,11],[4,9],[-8,11],[-3,3],[-12,9],[-44,3],[-10,-1],[-9,-3],[-4,-4],[-2,-22],[-2,-6],[-11,-22],[-2,-6],[1,-5],[3,-9],[1,-3],[-1,-5],[-3,-7],[-7,-10],[-6,-7],[-7,-4],[-7,-2],[-14,-4],[-4,-1],[-22,-12]],[[2724,4224],[-17,20],[2,6],[-10,14],[-16,8],[-21,12],[2,8],[-9,13],[-14,13],[-12,10],[-2,5],[7,6],[-2,6],[-9,6],[-30,13],[-1,10],[-1,15],[-14,8],[-7,5],[-2,9],[-6,11],[4,7],[-8,7],[-3,8],[-16,11],[-33,21],[-7,11],[-6,6],[0,6],[7,0],[5,4],[-2,6],[-7,7],[3,3],[-2,7],[0,4],[-13,12],[-3,13],[-4,6],[-7,7],[-3,6],[-8,2],[-2,3],[-5,0],[-1,4],[1,2],[5,4],[-1,6],[0,6],[0,7],[-4,8],[-5,5],[-2,10],[4,11],[7,7],[0,17],[-31,19],[-26,20],[-5,13],[-13,10],[-6,10],[-8,5],[-10,11],[-12,10],[-3,16],[5,16],[-15,5],[-3,9],[0,8],[-7,8],[-5,13],[6,7],[10,7],[-6,9],[-11,0],[-16,8],[-4,15],[3,9],[6,5],[5,3],[-9,2],[-7,6],[-7,3],[-4,7],[-10,3],[-11,-1],[-7,-3],[-18,14],[-1,5],[-1,6],[-8,4],[-6,4],[7,4],[7,4],[9,1],[6,11],[2,11],[-8,13],[-14,6],[-16,3],[-12,-3],[-6,-3],[-3,-4],[4,-4],[0,-7],[4,-11],[-1,-7],[-9,2],[-10,15],[-15,12],[-12,8],[1,6],[-3,3],[4,3],[12,-3],[19,-4],[4,4],[4,7],[0,11],[-6,13],[-9,8],[-10,6],[-11,1],[-14,-2],[-7,4],[-8,9],[2,9],[5,9],[4,5],[-7,5],[-19,5],[-1,6],[7,-1],[4,3],[0,9]],[[2125,5119],[14,2],[7,5],[4,4],[8,19],[8,46],[17,23],[30,15],[112,26],[43,21],[19,3],[19,2],[21,0],[3,0],[6,1],[25,33],[-3,10],[-6,10],[-2,5],[1,6],[6,7],[25,21],[28,34],[2,5],[1,5],[1,5],[1,5],[3,5],[17,18],[2,5],[2,9],[4,6],[6,7],[122,70],[13,11],[9,10],[13,26],[5,7],[7,5],[13,0],[10,-1],[9,-2],[18,-3],[20,-1],[13,2],[15,3],[24,7],[20,4],[28,8],[13,7],[15,5],[-4,-10],[4,-10],[9,-10],[12,-10],[-5,-5],[-1,-7],[3,-7],[4,-6],[11,-12],[57,-36],[17,-5],[8,-2],[5,-3],[9,-7],[50,-54],[56,-48],[15,-19],[7,-15],[0,-20]],[[2644,6185],[12,-8],[4,-11],[14,-15],[10,-38],[4,-8],[7,-5],[9,-4],[7,-6],[4,-9],[2,-4],[5,-2],[7,-2],[5,-3],[6,-6],[0,-4],[-3,-4],[0,-14],[1,-3],[4,-5],[5,-2],[5,0],[5,-1],[1,-6],[0,-19],[6,-20],[16,-11],[20,-9],[19,-11],[5,-9],[8,-10],[-23,3],[-9,0],[-26,-3],[-9,0],[-10,-1],[-11,-2],[-42,-19],[-4,-7],[1,-5],[4,-12],[2,-12],[-1,-14],[-6,-17],[-9,-17],[-6,-4],[-8,-2],[-31,1],[-10,-1],[-44,-12],[-10,-1],[-11,2],[-6,3],[-11,9],[-6,3],[-10,0],[-10,-4],[-35,-25],[-32,-17],[-11,-3],[-21,-2],[-8,-3],[-14,-1],[-4,8],[-2,20],[-2,5],[-3,3],[-8,3],[-16,2],[-13,4],[-13,7],[-6,5],[-5,6],[-8,3],[-8,2],[-33,-4],[-35,5],[-17,7],[-24,15],[-34,14],[-11,3],[-14,1],[-25,-1],[-13,-1],[-9,-2],[-15,-6],[-5,0],[-5,2],[-20,8],[-30,7],[-9,0],[-4,0],[-19,-9],[-32,-9],[-14,-1],[-20,1],[-2,0],[-4,-1],[-15,-4],[-14,-6],[-5,-3],[-7,-6],[-3,-5],[-2,-3],[-3,-9],[-1,-3],[-2,-3],[-3,-2],[-3,-1],[-3,-2],[-2,-2],[-10,-13],[-5,0],[-7,2],[-40,21],[-4,5],[-2,9],[2,7],[7,14],[1,4],[0,6],[-1,6],[-3,5],[-23,27],[-1,4],[-2,5],[-7,7],[-13,8],[-42,25],[-19,9],[-26,4],[-12,1],[-51,13],[-33,6],[-14,6],[-6,3],[-5,5],[-2,4],[5,15],[7,5],[8,8],[8,10],[7,11],[2,6],[1,6],[-2,8],[-2,5],[-13,15],[9,83]],[[1663,7303],[19,0],[14,-1],[26,-6],[14,-3],[8,1],[13,2],[8,-1],[8,-3],[9,-4],[15,-10],[22,13],[21,15],[6,11],[8,27],[9,9],[16,3],[20,0],[19,3],[8,11],[-4,13],[-18,24],[0,15],[9,15],[14,14],[36,23],[33,13],[73,20],[8,4]],[[2077,7511],[11,-19],[31,-40],[14,-50],[10,-21],[18,-17],[11,-15],[3,-7],[6,-30],[0,-9],[-1,-8],[-6,-10],[-7,-5],[-14,-7],[-4,-5],[-20,-40],[-4,-14],[-1,-10],[1,-10],[3,-9],[16,-29],[3,-18],[11,-56],[-5,-49],[1,-10],[2,-4],[2,-5],[0,-4],[-3,-5],[-8,-10],[-13,-10],[-4,-2],[-4,-3],[-40,-42],[-1,-1],[-18,-20],[-4,-3],[-2,-1],[-11,-3],[-3,-2],[-1,-3],[1,-4],[1,-2],[2,-1],[9,-3],[4,-1],[1,-3],[-1,-3],[-9,-10],[-2,-1],[-2,-1],[-7,-2],[-4,-2],[-3,-2],[-3,-3],[-2,-3],[-6,-11],[0,-8],[2,-16],[6,-8],[16,-14],[4,-4],[5,-7],[4,-5],[13,-21],[6,-6],[53,-37],[4,-4],[2,-3],[3,-9],[2,-2],[3,-3],[6,-3],[11,-5],[11,-1],[7,0],[10,0],[5,0],[10,-4],[17,-12],[36,-15],[21,-10],[8,-9],[11,-22],[28,-30],[32,-48],[20,-15],[45,-15],[24,-15],[38,-9],[11,-6],[4,-4],[8,-15],[1,-3],[22,-13],[9,-10],[32,-59],[43,-49],[7,-11],[3,-11],[1,-25],[-3,-3],[-5,-2],[-6,-2],[-2,-6],[2,-3],[11,-7],[3,-5],[-1,-10],[-5,-11],[-2,-12],[9,-15],[2,-14],[2,-5],[10,-7]],[[4255,5335],[-17,-42]],[[4238,5293],[4,-21],[11,-16],[35,-36],[6,-10],[3,-9],[12,-95],[2,-5],[1,-3],[4,-3],[4,-1],[7,-2],[8,-2],[7,-3],[8,-5],[8,-7],[16,-20],[3,-6],[3,-11],[0,-7],[-1,-7],[-1,-6],[-1,-8],[2,-10],[6,-18],[4,-10],[6,-6],[6,-4],[20,-9],[12,-8],[5,-4],[37,-50],[10,-7],[11,-6],[26,0],[19,2],[19,7],[8,3],[95,54],[9,3],[21,2],[17,3],[37,10],[16,6],[11,6],[17,18],[24,18],[6,5],[12,21],[7,10],[19,18],[4,5],[9,17],[5,6],[6,7],[19,16],[48,51],[27,22],[39,27],[19,9],[40,13],[8,3],[69,40],[12,6],[57,15],[23,5],[18,2],[73,-4],[9,-1],[8,-3],[14,-5],[6,-4],[5,-4],[4,-4],[4,-5],[6,-12],[3,-12],[2,-5],[0,-6],[-3,-6],[-4,-5],[-15,-8],[-44,-15],[-8,-4],[-5,-4],[-4,-5],[-2,-6],[-4,-54],[-6,-18],[-20,-31],[-13,-14],[-4,-5],[-2,-6],[-2,-6],[1,-7],[8,-24],[1,-6],[-1,-14],[-9,-25],[-22,-46],[-8,-24],[-1,-4],[1,-5],[2,-7],[12,-21],[12,-13],[13,-11],[104,-104]],[[5373,4745],[-178,-57],[-167,-20],[-7,-1],[-92,10],[-14,0],[-12,-1],[-151,-49],[-23,-5],[-62,-9],[-50,-4],[-96,3],[-58,-4],[-13,-2],[-20,-5],[-13,-4],[-24,-11],[-17,-11],[-8,-9],[-8,-14],[-6,-25],[-2,-15],[1,-11],[29,-99],[18,-28],[-7,-9],[-22,-10],[-110,-34],[-33,16],[-38,10],[-153,8],[-6,1],[-8,2],[-5,3],[-10,12],[-6,8],[-10,7],[-6,4],[-13,6],[-32,9],[-32,3],[-96,1],[-45,-7],[-9,-3],[-9,-6],[-51,-49],[-20,-11],[-54,-24]],[[3625,4311],[-14,1],[-6,1],[-29,13],[-7,11],[-3,13],[-4,6],[-8,5],[-17,3],[-11,1],[-11,-1],[-9,1],[-8,2],[-8,7],[-4,5],[-4,18]],[[3173,5354],[50,2],[73,-1],[18,2],[14,3],[11,5],[38,8],[14,1],[8,-1],[3,-2],[5,-4],[8,-14],[6,-25],[4,-6],[7,-5],[10,-1],[10,2],[13,1],[33,-7],[12,1],[9,3],[14,14],[8,12]],[[3541,5342],[67,10],[26,-2],[27,-6],[67,-10],[18,-4],[110,-12],[30,1],[24,3],[7,6],[6,6],[7,11],[5,25],[-2,40],[3,12],[4,6],[7,5],[13,5],[11,0],[7,-3],[13,-17],[3,-6],[2,-6],[-1,-11],[3,-6],[4,-5],[17,-10],[2,-2],[2,-3],[2,-9],[4,-5],[7,-6],[11,-6],[5,-5],[4,-6],[4,-11],[2,-5],[2,-6],[13,-23],[4,-22],[5,-6],[6,-6],[11,-5],[8,-3],[22,-1],[22,12],[10,8],[6,10],[26,31],[12,9],[7,6],[39,15]],[[2644,6185],[15,3],[34,5],[18,4],[13,2],[13,1],[17,-3],[24,-5],[18,-1],[45,4]],[[2841,6195],[10,-7],[8,-8],[10,-14],[19,-41],[9,-6],[41,-20],[9,-6],[6,-8],[0,-10],[-2,-8],[-20,-29],[1,-13],[5,-18],[22,-34],[19,-19],[14,-10],[23,-11],[6,-6],[21,-23],[22,-17],[8,-8],[1,-11],[-1,-8],[-18,-30],[-3,-14],[0,-18],[5,-23],[4,-11],[6,-11],[14,-21],[32,-31],[5,-8],[3,-8],[1,-17],[-2,-6],[-1,-3],[-7,-7],[-2,-4],[-1,-2],[0,-2],[4,-4],[5,-4],[15,-10],[4,-5],[3,-6],[5,-6],[10,-5],[20,-4],[16,1],[12,2],[14,6],[16,0],[12,-2],[85,-16],[27,-9],[35,-7],[15,-5],[35,-14],[6,-3],[51,-42],[4,-9],[4,-12],[17,-124],[3,-8],[3,-5],[12,-11]],[[2125,5119],[0,3],[-5,14],[-6,8],[-9,12],[-6,8],[-12,9],[-16,16],[-38,33],[2,6],[0,5],[6,4],[9,5],[2,15],[-3,13],[1,8],[-5,14],[-8,22],[-23,22],[-24,21],[-32,20],[-18,10],[-24,6],[-12,7],[-10,8],[5,7],[8,-1],[4,-1],[10,5],[4,11],[0,11],[-49,49],[-2,12],[-19,18],[3,8],[-25,20],[-84,50],[0,13],[-47,22],[-92,47],[-41,32],[-25,26],[-9,22],[-39,30],[-10,6],[-7,6],[4,4],[9,2],[10,6],[1,11],[-10,13],[-28,31],[-57,53],[-21,18],[-2,13],[-4,10],[1,5],[9,7],[3,7],[-9,16],[-9,14],[0,10],[-13,25],[-25,19],[-31,22],[-11,8],[4,9]],[[5397,4090],[-140,-1],[-75,14],[-32,11],[-12,5],[-58,33],[-42,17],[-30,9],[-9,3],[-11,0],[-14,0],[-14,-3],[-17,-6],[-10,-6],[-12,-8],[-11,-4],[-122,-21],[-27,-9],[-28,-3],[-77,-1],[-68,-12],[-176,-38],[-189,-2],[-5,0],[-4,1],[-6,3],[-5,4],[-9,9],[-4,4],[-8,1],[-10,-3],[-53,-27],[-21,-6],[-19,-3],[-19,0],[-33,3],[-7,2],[-6,2],[-4,1],[-5,0],[-4,0],[-3,-6],[-2,-12],[3,-30],[5,-19],[1,-9],[-7,-21],[-102,-11],[-19,0],[-45,3]],[[3832,3954],[1,7],[0,8],[-8,14],[-12,7],[-37,16],[-5,5],[-2,5],[-2,7],[3,30],[-5,48],[-11,12],[-24,18],[-16,17],[-9,35],[-4,8],[-7,10],[-22,25],[-6,10],[-14,42],[-7,11],[-20,22]],[[5373,4745],[20,-16],[8,-9],[18,-26],[31,-57],[5,-18],[-3,-21],[0,-19],[12,-25],[39,-47],[10,-15],[1,-14],[-11,-80],[1,-8],[3,-9],[24,-42],[7,-8],[14,-23],[10,-26],[2,-2],[5,-3],[8,-3],[57,-15],[12,-4],[8,-5],[7,-7],[5,-7],[0,-6],[-5,-6],[-10,-3],[-35,-8],[-35,-14],[-13,-7],[-33,-23],[-18,-10],[-45,-32],[-42,-24],[-33,-13]],[[2841,6195],[-13,7],[-6,5],[-7,7],[-4,9],[-1,12],[3,17],[22,48],[9,53],[0,31],[5,19],[6,8],[6,6],[21,9],[15,-2],[22,-7],[23,-10],[12,-3],[13,-3],[13,-1],[43,3],[16,0],[22,-2],[13,0],[54,10],[15,5],[13,8],[10,14],[6,10],[6,17],[5,9],[10,9],[16,11],[69,41],[20,18],[0,17],[-21,41],[-4,12],[-10,13],[-20,22],[-17,14],[-14,7],[-26,10],[-41,11],[-101,19],[-32,6],[-22,8],[-12,8],[-20,19],[-20,33],[-75,96],[-8,24],[15,15],[4,8],[1,12],[0,9],[-13,53],[0,8],[2,7],[5,9],[23,23],[30,17]],[[2922,7074],[16,-14],[35,-17],[21,-9],[93,-25],[51,-18],[30,-18],[7,-7],[19,-15],[41,-23],[31,-12],[23,-3],[164,-6],[27,-5],[18,-6],[20,-9],[41,-21],[22,-18],[13,-17],[25,-55],[19,-25],[24,-18],[24,-11],[15,-5],[22,-5],[16,-1],[15,1],[23,3],[22,8],[116,56],[23,5],[14,-1],[16,-2],[13,-5],[12,-6],[18,-14],[19,-18],[62,-45],[14,-7],[16,-6],[29,-7],[17,-1],[16,1],[32,5],[72,3],[52,-2],[97,-14],[43,-7],[49,-14],[25,-10],[54,-37],[6,-6],[16,-20],[5,-7],[3,-7],[1,-7],[1,-7],[-23,-157],[1,-20],[0,-5],[-16,-44],[-3,-7],[-5,-7],[-41,-42],[-16,-22],[-6,-6],[-8,-5],[-11,-4],[-12,-1],[-12,1],[-10,4],[-9,5],[-69,59],[-20,12],[-24,10],[-16,5],[-30,6],[-19,2],[-22,0],[-17,-2],[-16,-3],[-11,-3],[-16,-10],[-25,-26],[-40,-58],[-13,-29],[-1,-5],[1,-4],[7,-15],[6,-9],[5,-11],[2,-20],[-11,-119],[5,-32],[10,-27],[17,-36],[192,-280],[26,-55],[4,-18],[0,-14],[-4,-9],[-6,-8],[-7,-8],[-75,-62],[-6,-9],[-5,-10],[-7,-27],[-7,-30],[-22,-53]],[[5811,5903],[-27,-8],[7,-9],[32,-13],[103,-75],[22,-10],[25,-7],[29,-6],[24,-13],[7,-22],[-8,-21],[-26,-11],[-26,6],[-12,1],[-1,-10],[8,-27],[5,-7],[24,-13],[34,-9],[30,-11],[13,-17],[5,-13],[26,-24],[9,-13],[0,-10],[-4,-20],[2,-11],[10,-12],[23,-21],[7,-15],[4,-22],[5,-10],[11,-8],[63,-23],[9,-5],[12,-12],[8,-5],[8,-2],[17,-1],[7,-2],[11,-8],[6,-10],[0,-11],[-7,-25],[0,-10],[6,-9],[33,-30],[15,-9],[16,-6],[46,-7],[15,-6],[14,-9],[8,-10],[14,-23],[61,-61],[12,-7],[29,-13],[11,-8],[21,-22],[5,-9],[9,-46],[-4,-16],[-6,-11],[-9,-7],[-35,-19],[-1,-15],[-5,-7],[-10,-4],[-13,-3],[-11,-1],[-10,-4],[-8,-8],[-13,-18],[-19,-17],[-41,-28],[-17,-19],[317,-1],[96,-13],[4,-1],[7,-4],[5,-1],[3,0],[6,3],[3,1],[16,-2],[32,-7],[33,-11],[15,-3],[35,-3],[48,2],[16,-2],[15,-5],[22,-14],[15,-6],[7,-1],[10,1],[8,0],[4,-5],[1,-5],[-1,-16],[2,-11],[8,-10],[21,-17],[5,-10],[-3,-10],[-9,-21],[9,-21],[56,-23],[16,-22],[3,-6],[6,-11],[2,-6],[-2,-7],[-12,-10],[-5,-6],[-1,-11],[2,-9],[-1,-10],[-9,-12],[43,0],[141,0],[140,0],[141,0],[141,0],[30,0],[14,2],[8,5],[3,4],[4,3],[12,1],[8,-2],[6,-4],[6,-2],[11,0],[16,6],[27,15],[39,8],[10,11],[8,13],[10,11],[13,7],[53,16],[49,9],[14,8],[6,6],[10,14],[6,6],[10,6],[20,8],[9,5],[23,23],[12,10],[40,15],[16,8],[30,21],[16,8],[52,20],[15,11],[28,23],[16,10],[15,5],[16,2],[33,2],[1,-7],[-1,-1],[-8,-10],[-2,-9],[-4,-7],[-15,-4],[2,-2],[2,-4],[2,-2],[-10,-2],[-7,-5],[-2,-7],[11,-13],[-7,-1],[-11,1],[-4,1],[-21,-1],[-4,0],[8,-10],[5,-18],[5,-10],[9,-8],[24,-13],[9,-8],[5,-11],[-1,-10],[-6,-10],[-10,-9],[-3,-3],[-1,-7],[-4,-3],[-5,0],[-8,3],[-4,0],[-8,-3],[-8,-4],[-6,-5],[-5,-6],[-7,-22],[0,-32],[0,-24]],[[6245,3830],[-17,8],[-17,14],[-12,16],[-16,33],[-2,6],[0,6],[17,72],[-1,20],[0,3],[-27,39],[-28,34],[-30,25],[-12,7],[-12,7],[-8,2],[-8,2],[-37,5],[-17,4],[-18,6],[-11,1],[-10,-6],[-31,-37],[-60,-57],[-10,-7],[-11,-5],[-12,-4],[-11,-3],[-24,-1],[-36,4],[-11,-1],[-12,-2],[-25,-3],[-12,0],[-12,-1],[-43,-8],[-14,-6],[-13,-2],[-17,-1],[-46,2],[-14,-2],[-12,-4],[-11,-5],[-15,-5],[-33,-6],[-23,1],[-15,4],[-11,5],[-22,22],[-4,7],[-8,20],[-14,51]],[[4238,5293],[80,26],[32,18],[24,19],[25,14],[55,25],[15,10],[11,9],[9,9],[11,9],[14,4],[17,1],[13,-3],[11,-4],[10,-4],[58,-34],[12,-5],[16,-4],[18,0],[10,5],[3,8],[-3,8],[-5,7],[-41,33],[-14,14],[-5,7],[-8,21],[0,12],[2,9],[8,11],[11,7],[14,7],[12,3],[9,0],[10,0],[19,1],[7,4],[7,7],[4,7],[2,9],[4,9],[7,10],[11,7],[7,0],[10,-2],[13,-5],[100,0],[38,6],[20,6],[15,5],[45,22],[27,9],[65,15],[179,21],[20,4],[50,19],[15,6],[10,8],[8,7],[5,8],[2,9],[3,49],[-13,49],[3,34],[-1,20],[-19,73],[-8,15],[-5,8],[-4,9],[0,10],[7,12],[9,7],[11,3],[12,1],[31,-3],[76,-32],[37,-8],[54,-1],[21,-2],[40,-7],[129,-33],[36,-12],[10,-4],[10,-6],[7,-6],[2,0],[1,0]],[[2077,7511],[22,10],[7,8],[1,11],[-1,11],[2,10],[12,13],[12,10],[2,9],[-19,8],[-10,10],[-6,20],[-1,21],[7,11],[14,9],[7,10],[8,24],[48,70],[8,24],[-1,32],[4,9],[8,6],[9,2],[10,0],[10,2],[11,5],[3,2],[0,4],[8,40],[6,11],[8,10],[5,3],[9,3],[7,2],[19,13],[5,11],[-10,35],[-1,7],[1,3],[4,1],[10,1],[6,3],[0,6],[-3,11],[0,19],[1,11],[6,11],[14,22],[1,2],[11,23],[6,23],[0,6],[-5,11],[0,3],[8,11],[14,2],[16,-1],[34,-7],[10,-5],[6,-8],[11,-35],[8,-10],[10,3],[13,7],[14,2],[12,4],[7,11],[-1,15],[-10,8],[-13,6],[-9,10],[0,12],[10,8],[28,14],[10,10],[25,32],[11,9],[38,22],[80,74],[58,35],[15,5],[30,7]],[[2787,8394],[13,-59],[18,-43],[3,-10],[2,-45],[2,-10],[3,-7],[39,-47],[23,-38],[9,-21],[9,-49],[15,-33],[3,-8],[-1,-8],[-2,-13],[-1,-18],[1,-15],[4,-11],[3,-8],[4,-5],[34,-33],[6,-8],[8,-12],[3,-9],[7,-35],[5,-15],[5,-7],[4,-8],[-2,-7],[-11,-16],[-7,-20],[-9,-95],[3,-35],[-4,-39],[-6,-16],[-6,-10],[-18,-23],[-23,-38],[-21,-24],[-5,-4],[-12,-7],[-15,-11],[-14,-13],[-14,-15],[-19,-32],[-6,-19],[-3,-29],[0,-14],[2,-11],[4,-8],[8,-16],[9,-28],[11,-78],[18,-51],[56,-86]],[[2787,8394],[22,6],[99,24],[100,24],[99,24],[100,24],[99,24],[99,24],[100,24],[99,24],[73,17],[12,5],[35,15],[45,24],[47,25],[47,25],[47,24],[47,25],[47,25],[48,25],[47,25],[47,25],[39,32],[40,32],[39,31],[40,32],[39,32],[40,32],[39,32],[39,31],[32,26],[44,28],[12,10],[6,5],[11,19],[11,32],[24,64],[24,65],[23,64],[24,64],[10,27],[5,5],[22,-14],[11,-9],[5,-5],[8,-5],[18,0],[33,3],[37,0],[8,0],[-1,4],[-5,5],[-8,5],[-6,6],[-2,5],[2,10],[0,5],[-36,82],[1,7],[5,10],[1,5],[0,6],[-3,10],[-1,5],[3,7],[9,4],[9,3],[8,5],[1,5],[-1,4],[-2,4],[0,5],[2,21],[-3,10],[-9,10],[-3,1],[-8,-3],[-4,1],[-3,2],[-4,6],[-3,3],[-31,16],[-3,4],[-5,1],[-10,0],[-8,1],[-9,4],[-14,9],[-23,22],[-15,23],[-25,62],[-9,8],[-13,5],[-16,4],[-10,3],[-17,11],[-9,4],[-8,1],[-17,-1],[-7,1],[-8,6],[-7,10],[-4,13],[4,9],[12,3],[14,-3],[14,-4],[13,-2],[14,1],[11,0],[11,-1],[55,-21],[21,-1],[21,9],[7,1],[27,-3],[12,0],[11,3],[10,3],[18,9],[9,8],[12,3],[13,7],[9,8],[4,7],[3,11],[8,5],[12,2],[16,-1],[35,-7],[17,-6],[15,-8],[31,-29],[9,-6],[7,-2],[14,0],[7,-2],[5,-2],[32,-25],[11,-5],[17,-5],[27,-4],[13,-4],[8,1],[9,4],[19,22],[10,2],[16,-10],[11,-11],[27,-38],[-21,-11],[-6,-8],[14,-3],[8,-1],[15,-3],[20,-1],[5,-1],[3,-3],[6,-3],[4,-2],[2,-3],[5,-2],[11,0],[4,1],[5,2],[6,3],[9,1],[7,-4],[23,-26],[33,-24],[21,-11],[47,-20],[10,-6],[10,-8],[7,-8],[4,-1],[11,0],[4,-2],[2,-6],[1,-6],[1,-5],[38,-56],[-2,-4],[-10,-6],[-4,-5],[0,-10],[5,-8],[27,-21],[6,-2],[7,-2],[14,0],[6,-2],[-6,-9],[4,-6],[9,-6],[4,-7],[-5,-6],[-11,0],[-13,2],[-9,-2],[-6,-6],[5,-5],[20,-9],[8,-7],[11,-25],[18,-16],[21,-8],[47,-6],[48,-13],[21,1],[13,16],[9,-6],[18,-38],[4,-5],[6,-3],[10,-3],[5,1],[4,2],[8,3],[3,3],[3,3],[4,2],[7,-4],[0,-5],[-7,-9],[1,-5],[11,-4],[25,4],[13,-3],[4,-5],[12,-22],[15,-16],[7,-5],[11,-5],[21,-5],[13,-2],[9,0],[14,5],[12,14],[12,3],[7,-10],[11,-8],[15,-6],[18,-2],[9,-2],[15,-8],[19,-4],[4,-4],[2,-6],[5,-9],[2,-6],[1,-2],[3,-1],[11,1],[3,0],[2,-4],[2,-5],[1,-12],[1,-4],[4,-4],[4,-4],[13,-3],[-4,-6],[-12,-11],[7,-8],[29,-9],[9,-10],[17,-8],[6,-6],[1,-6],[0,-5],[1,-8],[8,-22],[0,-11],[-20,-8],[-6,-8],[-9,-18],[-2,-21],[16,-14],[51,-21],[1,-2],[3,-8],[1,-2],[3,0],[9,1],[11,-1],[9,0],[10,-1],[10,-4],[19,-12],[8,-1],[6,6],[12,9],[13,1],[26,-5],[5,2],[3,14],[8,0],[21,-16],[8,-4],[7,-2],[7,-3],[5,-6],[-5,-20],[4,-8],[18,-15],[5,-9],[-2,-5],[-8,-14],[-1,-8],[3,-8],[6,-7],[13,-14],[6,-11],[4,-12],[6,-12],[11,-6],[-23,-27],[-8,-12],[-29,-18],[-7,-6],[-2,-3],[-1,-6],[1,-5],[8,-8],[1,-4],[3,-2],[11,-6],[2,-3],[4,-16],[2,-4],[13,-6],[34,-6],[7,-5],[5,-12],[11,7],[9,12],[2,6],[54,-21],[3,-3],[11,-7],[14,-25],[7,-9],[7,-4],[7,0],[33,5],[11,3],[10,6],[22,6],[20,6],[13,-3],[21,-10],[2,7],[4,5],[6,4],[10,3],[4,-4],[3,-5],[2,-5],[3,-15],[5,-1],[13,3],[10,7],[21,29],[10,9],[14,-1],[14,-6],[36,-20],[15,-3],[81,-9],[7,-4],[4,-6],[10,-7],[14,-5],[15,-3],[18,1],[31,6],[19,2],[7,1],[2,4],[-1,11],[4,2],[20,3],[8,1],[51,-8],[12,2],[35,28],[22,13],[22,6],[26,0],[49,-5],[14,3],[10,6],[4,12],[6,5],[37,20],[28,30],[4,5],[8,1],[46,20],[17,5],[6,-3],[-1,-19],[7,-9],[15,2],[27,9],[18,-2],[16,-7],[15,-8],[16,-6],[46,-6],[8,-5],[4,-10],[1,-23],[6,-8],[12,-4],[6,6],[8,20],[11,8],[8,-2],[14,-17],[19,-16],[3,-6],[-2,-4],[-11,-7],[-3,-4],[8,-12],[27,4],[57,19],[6,-7],[15,2],[16,6],[12,3],[8,-1],[10,-5],[8,-2],[9,1],[15,8],[22,8],[15,26],[18,6],[22,3],[11,-1],[19,-8],[10,-1],[10,0],[7,3],[-8,14],[-1,13],[8,7],[23,0],[33,-10],[20,-3],[16,5],[24,-10],[41,-30],[28,-12],[29,-7],[14,-3],[21,-2],[4,-2],[2,-5],[0,-16],[3,-1],[25,-14],[5,-6],[1,-5],[0,-8],[1,-7],[6,-3],[32,0],[6,3],[1,5],[-1,6],[2,5],[14,6],[10,-4],[10,-8],[12,-4],[14,-2],[15,-3],[13,-5],[10,-5],[5,-6],[3,-6],[4,-4],[9,-4],[9,1],[18,5],[9,2],[17,0],[17,-1],[10,-6],[-4,-11],[-4,-2],[-13,-4],[-4,-2],[0,-5],[4,-5],[5,-4],[4,-2],[19,4],[16,7],[15,3],[18,-6],[10,-10],[11,-23],[9,-10],[14,-4],[14,5],[13,2],[16,-8],[2,-6],[0,-5],[1,-5],[7,-3],[7,1],[4,5],[4,6],[5,5],[16,7],[8,-4],[10,-24],[5,-8],[7,-7],[9,-4],[4,-1],[0,-1],[-17,-19],[-62,-67],[-62,-67],[-62,-67],[-62,-67],[-62,-67],[-62,-66],[-62,-67],[-62,-67],[-27,-29],[34,-2],[108,-39],[8,-4],[42,-7],[21,0],[21,6],[31,19],[17,7],[22,2],[30,-7],[30,-15],[26,-19],[19,-19],[10,-19],[4,-19],[8,-18],[21,-15],[80,-28],[24,-14],[16,-12],[14,-14],[22,-31],[2,-15],[-7,-15],[-14,-12],[-27,-14],[-11,-1],[-11,2],[-10,5],[-9,7],[-5,4],[-3,13],[-9,10],[-16,4],[-17,-1],[-15,-5],[-10,-10],[-13,-21],[-15,-9],[-9,8],[-6,8],[-6,6],[-6,1],[-7,-1],[-7,2],[-39,21],[-8,7],[-1,10],[7,21],[-2,11],[-6,8],[-9,7],[-10,2],[-14,-15],[-10,1],[-20,13],[-13,3],[-11,1],[-12,-2],[-12,-4],[-33,-18],[-11,-2],[-9,3],[-2,8],[-4,8],[-12,4],[-13,-5],[-5,-9],[-3,-10],[-7,-6],[-38,15],[0,8],[3,10],[-1,8],[-13,2],[-13,-3],[-7,-7],[-9,-16],[-8,-5],[-14,0],[-50,10],[-8,-1],[-37,-13],[-11,-6],[-2,-7],[7,-14],[-3,-5],[-12,-3],[-12,-4],[-6,-8],[-4,-9],[-8,-9],[-24,-16],[-10,-9],[-7,-11],[-16,-11],[-17,10],[-12,11],[-4,-13],[-15,-8],[-41,11],[-20,-5],[-10,-12],[-8,-3],[-12,1],[-6,4],[-9,13],[-5,3],[-13,-5],[-12,-13],[-10,-8],[-22,17],[-18,2],[-19,-3],[-13,-7],[-2,-7],[2,-5],[0,-6],[-8,-7],[-3,0],[-4,2],[-5,1],[-5,-2],[-7,-6],[-3,-2],[-11,-3],[-6,3],[-5,6],[-8,4],[-11,1],[-36,-4],[-24,0],[-12,-1],[-11,-4],[-5,-4],[-5,-12],[-5,-4],[-6,1],[-20,3],[-11,-1],[-36,-11],[3,12],[-8,-2],[-16,-11],[-10,-2],[-7,-1],[-6,2],[-8,6],[-13,6],[-8,-1],[-9,-5],[-15,-1],[-9,2],[-18,5],[-8,1],[-7,-2],[-2,-4],[-1,-4],[-3,-2],[-5,-1],[-65,-5],[-14,-3],[-20,-10],[-38,-25],[-23,-5],[-13,-7],[-7,-4],[-7,-1],[-8,2],[-7,3],[-6,0],[-6,-5],[-15,-20],[-9,-7],[-15,-9],[-43,-17],[-40,-20],[-15,-6],[-14,-3],[-10,-1],[-30,3],[-9,-1],[-4,-4],[-2,-4],[-5,-3],[-32,-6],[-9,-7],[-6,-29],[-8,-9],[-13,-7],[-17,-6],[-4,0],[-11,-1],[-4,-1],[-2,-3],[0,-3],[0,-3],[-1,-2],[-4,-5],[-3,-5],[-4,-3],[-12,0],[-15,-2],[-14,-4],[-12,-7],[-20,-14],[-22,-7],[-10,-7],[-3,-6],[-1,-5],[-2,-5],[-8,-5],[-7,-1],[-43,0],[-16,3],[-15,1],[-10,-5],[-10,-9],[-14,-4],[-32,-5],[-4,1],[-10,2],[-4,0],[-2,-3],[-1,-8],[-1,-2],[-11,-4],[-6,-1],[-11,-1],[-19,-3],[-3,-8],[6,-10],[7,-8],[4,-8],[5,-33],[-2,-9],[-7,-8],[-8,-7],[-6,-8],[-6,-23],[-3,-9],[-23,-34],[-7,-17],[3,-18],[7,-18],[0,-15],[-13,-51],[-8,-16],[-11,-15],[-83,-75],[-27,-18],[-45,-69],[-17,-19],[-13,-20],[0,-25],[7,-14],[38,-29],[5,-10],[8,-44],[5,-12],[17,-25],[5,-13],[0,-11],[-4,-13],[-12,-22],[-19,-23],[-22,-15],[-27,-10],[-35,-6],[-56,-1],[-17,-4],[-28,-17],[-31,-13],[-54,-32],[-64,-25],[-39,-22],[-22,-9],[-11,-6],[-9,-14],[-8,-7],[-33,-14],[-9,-7],[-4,-9],[-2,-30],[-19,-49],[-12,-16],[-4,-13],[4,-8],[3,-5],[54,-54],[8,-23],[7,-10],[2,-10],[-9,-11],[-13,-6],[-16,-1],[-31,1],[-20,-1],[-14,-3],[-29,-12],[-17,-5],[-15,1],[-32,8],[-17,0],[3,-10],[22,-26],[5,-14],[-4,-9],[-6,-8],[-1,-12],[-10,-12],[-10,-3]],[[5224,1775],[27,47],[1,9],[1,18],[-3,20],[-2,6],[-4,6],[-14,13],[-11,16],[-15,11],[-7,16],[-2,16],[-3,10],[-4,7],[-5,5],[-5,3],[-35,16],[-7,5],[-8,8],[0,7],[5,15],[-3,5],[-5,4],[-7,4],[-8,5],[-9,9],[-7,5],[-7,5],[-8,1],[-9,1],[-7,-2],[-7,-3],[-19,-18],[-5,-3],[-7,-3],[-8,-2],[-41,-5],[-7,1],[-3,4],[-2,14],[-10,23],[16,22],[0,5],[-1,7],[-8,10],[-5,4],[-6,4],[-33,15],[-7,5],[-6,6],[6,10],[6,8],[9,8],[30,39],[4,10],[-4,10],[-14,22],[0,9],[3,8],[3,6],[8,9]],[[4955,2291],[8,11],[19,8],[33,10],[132,18],[42,-1],[13,0],[6,4],[6,7],[4,10],[8,65],[-6,28],[-19,37],[-28,43],[-5,17],[3,42],[-4,9],[-6,7],[-3,3],[-5,3],[-6,4],[-13,6],[-5,4],[-5,5],[-3,4],[-3,7],[-1,2],[-4,3],[-12,6],[-22,8],[-7,3],[-4,4],[-3,4],[22,51],[4,4],[5,2],[40,7],[30,8],[8,1],[8,-1],[7,-3],[5,-5],[11,-16],[4,-4],[9,-3],[12,-2],[22,-2],[12,-2],[10,-4],[16,0],[28,19],[4,5],[-2,2],[-12,3],[-10,1],[-10,2],[-7,2],[-19,15],[-5,5],[3,5],[10,6],[38,14],[11,8],[13,16],[4,4],[6,2],[6,-1],[14,-5],[8,-1],[9,1],[17,2],[9,1],[16,0],[28,4],[11,3],[14,6],[6,7],[2,7],[-1,5],[-2,5],[-7,10],[-5,12],[0,7],[0,6],[2,6],[2,6],[5,5],[5,3],[7,4],[7,2],[10,1],[12,-1],[17,-6],[25,-12],[6,-2],[5,-1],[6,6],[-1,13],[-3,9],[-22,38],[-20,13],[5,18],[0,5],[-3,17],[5,3],[3,1],[2,0],[11,-1],[2,1],[1,2],[0,3],[0,2],[0,3],[1,2],[5,6],[1,2],[0,4],[0,6],[-1,7],[-3,6],[-18,24],[-4,8],[-1,5],[3,6],[1,6],[1,11],[-2,6],[-5,9],[-8,9],[-40,33],[-15,16],[-4,5],[-9,16],[-2,2],[-4,3],[-6,2],[-11,2],[-7,0],[-5,0],[-7,-3],[-4,-1],[-4,-1],[-5,0],[-8,4],[-5,3],[-29,30],[18,30],[21,46],[5,7],[7,6],[28,19],[52,26]],[[5492,3381],[15,-11],[3,-4],[5,-7],[3,-10],[2,-2],[2,-2],[3,-2],[6,-2],[27,-7],[8,-3],[6,-2],[15,-12],[13,-7],[11,-7],[7,-4],[8,-2],[34,-7],[6,0],[8,0],[14,3],[12,5],[19,13],[11,5],[7,2],[6,1],[7,-1],[13,-2],[12,-4],[3,-2],[6,-2],[11,-1],[34,3]],[[3586,3183],[-10,15],[17,14],[7,20],[-7,21],[-27,16],[-23,27],[-75,29],[-45,13],[-9,0],[-3,3],[-14,9],[-5,5],[-1,8],[2,4],[3,4],[1,6],[-12,22],[-28,14],[-20,4]],[[3316,3462],[-4,36],[-6,13],[-6,16],[-4,6],[-12,12],[-4,12],[4,13],[-12,13],[1,5],[14,-1],[9,7],[-4,11],[-19,25],[-1,6]],[[3272,3636],[1,0],[22,10],[20,5],[3,1],[-1,3],[-2,3],[1,4],[2,5],[9,4],[6,5],[7,8],[8,18],[2,2],[4,1],[10,-1],[6,-2],[6,-3],[6,-3],[11,-7],[3,-4],[1,-2],[-4,-5],[-2,-7],[-6,-9],[1,-12],[3,-3],[3,-2],[16,-3],[7,1],[6,-1],[2,-1],[0,-7],[6,-13],[8,-6],[5,-3],[4,-3],[9,-4],[5,2],[7,4],[5,4],[10,3],[12,-1],[16,-4],[21,-1],[8,-3],[2,-2],[-4,-5],[-21,-18],[-5,-2],[-9,-1],[-6,0],[-5,0],[-5,-2],[-4,-4],[-1,-8],[-4,-5],[-9,-6],[-4,-2],[-1,-4],[0,-6],[2,-6],[4,-2],[8,0],[9,0],[2,-4],[1,-3],[-4,-4],[-3,-2],[-2,-2],[-1,-9],[0,-4],[0,-2],[0,-3],[0,-4],[-3,-5],[3,-7],[2,-2],[3,-1],[3,1],[7,0],[6,1],[22,6],[13,2],[6,2],[5,5],[6,3],[9,2],[5,2],[31,21],[9,9],[6,0],[10,-4],[7,-4],[18,-13],[3,-3],[2,-4],[12,-12],[2,-5],[1,-4],[-7,-7],[-14,-7],[-6,-1],[-6,-1],[-9,-4],[-2,-5],[1,-17],[3,-2],[3,-2],[5,0],[8,-1],[15,-9],[12,-7],[11,-10],[2,-4],[-2,-1],[-22,8],[-4,0],[-6,-3],[-8,-3],[-3,-7],[5,-6],[9,-7],[4,-5],[1,-7],[5,-7],[6,-6],[6,-2],[3,-3],[13,-17],[7,-5],[8,-5],[2,-3],[2,-4],[-2,-4],[-1,-5],[-6,-13],[-8,-8],[-3,-5],[-3,-4],[-4,-3],[-3,-4],[-3,-3],[-3,-6],[-1,-9],[2,-2],[3,-2],[3,-2],[1,-1],[-2,-3],[-4,-3],[-6,-4],[-44,-12],[-7,-15],[0,-6],[1,-6],[-1,-6],[-4,-7],[-10,-6],[-6,-3],[-6,-2],[-6,-2]],[[4955,2291],[-15,14],[-17,9],[-14,6],[-11,2],[-10,2],[-23,0],[-22,4],[-36,26],[-43,20],[-14,9],[-11,4],[-7,2],[-30,2],[-11,1],[-15,4],[-11,5],[-14,7],[-9,3],[-46,13],[-9,6],[-7,6],[-7,10],[-3,4],[2,6],[7,9],[2,5],[-2,5],[-12,14],[-2,5],[-2,5],[2,7],[12,9],[25,32],[-1,8],[-3,6],[-8,10],[-15,25],[9,8],[11,8],[8,10],[23,39],[-4,6],[-8,3],[-8,2],[-29,2],[-17,2],[-41,12],[-26,4],[-16,1],[-17,0],[-54,-2],[-22,3],[-5,4],[-4,5],[-1,6],[2,6],[3,5],[8,10],[14,13],[3,6],[3,6],[3,13],[2,6],[5,4],[7,3],[15,5],[7,4],[5,7],[4,12],[0,9],[0,7],[-11,30],[1,8],[5,6],[6,3],[30,10],[8,4],[8,6],[8,12],[4,7],[1,4],[-1,2],[-2,2],[-5,6]],[[4507,2925],[10,20],[9,33],[6,10],[7,6],[27,11],[34,22],[21,19],[18,24],[0,16]],[[4639,3086],[0,6],[3,11],[4,6],[4,4],[9,3],[7,2],[8,2],[6,5],[5,8],[6,13],[6,6],[8,7],[60,41],[10,5],[14,3],[11,2],[10,2],[8,6],[23,24],[19,7],[50,8],[-7,2],[-1,0],[-3,2],[-6,7],[-1,2],[-3,13],[-8,10],[-1,2],[-2,6],[2,1],[4,1],[12,2],[17,4],[8,4],[6,5],[5,4],[27,36],[2,6],[0,7],[-3,12],[-2,6],[-4,5],[-5,4],[-19,10],[-9,9],[-4,5],[-2,5],[-1,6],[3,5],[5,3],[18,11],[4,4],[3,4],[5,7],[4,4],[6,2],[8,-2],[6,-3],[14,-15],[6,-3],[6,-3],[5,-3],[11,-3],[16,-4],[11,-1],[13,0],[19,2],[31,7],[10,0],[12,-1],[10,-3],[11,-2],[12,0],[18,0],[39,7],[5,3],[4,2],[5,8],[5,5],[5,4],[3,1],[4,2],[5,0],[8,0],[32,-5],[20,-2],[15,-5],[35,-19],[24,0],[4,0],[8,-3],[51,-34],[41,-22]],[[4079,2212],[-3,-4],[-9,1],[-13,6],[-10,4],[0,6],[6,2],[14,-2],[5,-6],[2,-5],[8,-2]],[[3869,2449],[-7,-1],[-9,0],[-7,1],[2,6],[7,5],[2,6],[8,-1],[2,-3],[6,-2],[0,-6],[-4,-5]],[[4948,1584],[-15,11],[-9,5],[-15,3],[-16,2],[-12,3],[-5,9],[-4,2],[-14,2],[-1,4],[1,2],[11,4],[16,3],[3,7],[-12,12],[-23,10],[-32,9],[-21,14],[15,0],[9,3],[4,5],[-1,7],[-4,5],[-5,5],[-39,24],[-16,5],[-41,4],[-11,6],[-7,9],[-7,13],[-37,36],[-6,11],[-6,5],[-28,13],[-9,6],[-1,3],[1,18],[-3,4],[-35,18],[-65,21],[-21,8],[-17,6],[-19,8],[-34,19],[-40,13],[-2,3],[-7,3],[-8,2],[-6,1],[-9,2],[-6,5],[-5,6],[-5,6],[-6,3],[-6,3],[-33,11],[-11,8],[2,13],[-2,12],[-2,13],[-10,12],[-14,13],[-8,3],[-3,6],[4,5],[6,9],[-4,5],[-9,12],[-18,6],[-26,12],[-10,6],[-15,14],[-11,8],[-8,2],[-19,2],[-8,2],[-5,4],[-9,17],[22,2],[6,5],[2,5],[-6,7],[-7,10],[-5,6],[-6,12],[-10,10],[-12,4],[-13,3],[-7,7],[-4,9],[-6,7],[-10,4],[-28,7],[-1,-12],[-15,-17],[-16,19],[7,14],[-1,20],[-7,13],[9,4],[0,9],[10,4],[-5,6],[2,4],[2,6],[-7,6],[-5,10],[9,2],[2,13],[-5,10],[-14,6],[-2,7],[0,3],[3,5],[1,3],[-4,4],[-9,1],[-5,-3],[-2,-8],[-6,-5],[-10,3],[-13,-2],[-15,6],[-16,0],[0,14],[2,8],[11,18],[8,7],[-4,7],[8,4],[14,-2],[14,8],[14,0],[10,-1],[4,-6],[-8,-8],[-2,-8],[8,-4],[10,-3],[15,-8],[6,5],[1,12],[4,12],[12,24],[7,16],[-1,11],[3,15],[9,18],[9,17],[14,46],[-6,40],[-6,20],[-20,39],[-22,20]],[[4021,2740],[37,18],[13,13],[29,37],[7,6],[113,62],[8,7],[5,5],[11,18],[6,7],[6,2],[5,1],[3,-1],[1,0],[3,-2],[38,-12],[19,-3],[53,1],[75,7],[11,3],[22,10],[21,6]],[[4639,3086],[-44,23],[-30,10],[-6,3],[-4,7],[-1,9],[6,17],[12,19],[4,11],[7,49],[-9,20],[-11,8],[-56,81],[-10,10],[-2,10],[15,20],[-4,10],[-4,4],[-38,21],[-61,16],[-21,9],[-7,3],[-7,3],[-63,19],[-10,1],[-16,-1],[-11,-1],[-38,-12],[-14,-2],[-8,0],[-11,7],[-8,6],[-29,48],[-27,14],[-15,7],[-7,4],[-4,5],[-6,17],[-6,7],[-35,24],[-5,5],[-3,8],[-1,22],[-7,24],[0,25],[-1,7],[-5,5],[-8,4],[-18,3],[-10,-1],[-12,-6],[-6,1],[-9,7],[-8,5],[-19,7],[-9,5],[-7,8],[-13,11],[-26,55],[-2,12],[-10,12],[-39,26],[-8,24],[-6,55],[4,38]],[[4021,2740],[-20,18],[-26,17],[-50,45],[-63,56],[-26,19],[-6,14],[-12,12],[-8,24],[4,19],[-4,22],[-12,14],[-9,7],[-54,31],[-15,13],[-34,45],[-7,7],[1,15],[-1,5],[-6,5],[-12,9],[-25,23],[-34,15],[-16,8]],[[3272,3636],[-2,5],[-9,13],[-11,11],[-12,4],[-10,3],[-9,5],[-14,12],[-2,4],[5,5],[0,5],[-3,4],[-14,11],[-10,14],[-7,6],[-7,2],[-8,2],[-6,4],[-10,10],[-14,6],[-34,10],[-26,15],[-122,44],[-20,11],[-11,6],[2,7],[-2,12],[-4,11],[6,3],[-2,5],[6,5],[7,0],[10,-2],[7,3],[9,2],[4,9],[-1,14],[-11,13],[-8,8],[4,6],[-16,13],[4,5],[-8,10],[3,5],[-6,10],[-15,13],[3,4],[9,5],[-8,11],[-6,9],[1,7],[-6,11],[-9,10],[-11,10],[-13,12],[2,9],[-20,11],[-14,9],[0,8],[4,5],[-14,13],[1,4],[-23,14],[-12,6],[-4,7],[-5,6],[-6,4],[-17,11],[-33,38]]],"transform":{"scale":[0.001265457050305029,0.0018310484543392366],"translate":[-81.33755752899992,-18.337746206937936]},"bbox":[-81.33755752899992,-18.337746206937936,-68.68425248299994,-0.029092711999908]}