{"type":"Topology","objects":{"subunits":{"type":"GeometryCollection","geometries":[{"type":"MultiPolygon","arcs":[[[0]],[[1]],[[2]],[[3]],[[4]],[[5]],[[6]],[[7]],[[8]],[[9]],[[10]],[[11]],[[12]],[[13]],[[14]],[[15]],[[16]],[[17]],[[18]],[[19]],[[20]],[[21]],[[22]],[[23]],[[24]],[[25]],[[26]],[[27]],[[28]],[[29]],[[30]]]},{"type":"Polygon","id":"Hwanghae-bukto","arcs":[[31,32,33,34,35,36,37]]},{"type":"MultiPolygon","id":"Hwanghae-namdo","arcs":[[[38]],[[39]],[[40]],[[41]],[[-34,42]]]},{"type":"Polygon","id":"P'yŏngyang","arcs":[[-37,43]]},{"type":"Polygon","id":"Hamgyŏng-bukto","arcs":[[44,45,46,47,48]]},{"type":"Polygon","id":"Kangwŏn-do","arcs":[[49,-32,50,51]]},{"type":"Polygon","id":"Chagang-do","arcs":[[52,53,54,55,56]]},{"type":"Polygon","id":"Hamgyŏng-namdo","arcs":[[-47,57,-52,58,-54,59]]},{"type":"MultiPolygon","id":"P'yŏngan-bukto","arcs":[[[60]],[[61]],[[62]],[[63]],[[64]],[[-56,65,66]]]},{"type":"Polygon","id":"P'yŏngan-namdo","arcs":[[-51,-38,-44,-36,67,-66,-55,-59]]},{"type":"Polygon","id":"Ryanggang","arcs":[[-48,-60,-53,68]]},{"type":"MultiPolygon","id":"Rasŏn","arcs":[[[69]],[[-45,70]]]}]}},"arcs":[[[2216,117],[2,-8],[-6,3],[4,5]],[[1582,122],[-5,-1],[-15,18],[-16,10],[5,1],[10,3],[24,-5],[-7,-12],[3,-7],[1,-7]],[[2630,189],[-21,-14],[-16,-5],[-9,3],[4,12],[8,8],[10,-7],[12,10],[12,2],[5,5],[0,-7],[-5,-7]],[[1726,207],[-3,-9],[1,15],[10,21],[14,9],[9,12],[13,-2],[-19,-20],[-7,-6],[-2,-8],[-11,-4],[-5,-8]],[[2408,238],[-6,-11],[-15,3],[-4,9],[7,14],[15,6],[3,-8],[0,-13]],[[1162,450],[-11,-2],[-1,7],[-3,11],[2,7],[6,1],[8,-8],[-1,-16]],[[944,723],[0,-19],[-6,3],[-1,11],[7,5]],[[1221,1845],[6,-5],[12,6],[7,-3],[-6,-23],[-13,-19],[-36,-26],[-7,5],[0,15],[8,12],[9,0],[5,-6],[4,2],[10,11],[2,8],[-12,-3],[-17,2],[-4,10],[4,8],[6,4],[1,7],[-3,10],[0,11],[10,-5],[14,-21]],[[5125,2895],[-14,-1],[-19,10],[14,1],[19,-2],[0,-8]],[[5272,2905],[-21,-7],[-3,1],[7,10],[0,14],[2,6],[12,1],[13,-6],[2,-18],[-12,-1]],[[794,3254],[-15,-7],[-1,12],[6,5],[11,8],[9,-6],[-10,-12]],[[876,3329],[-10,-8],[-5,3],[-1,6],[5,4],[-6,6],[1,15],[15,-1],[12,-4],[1,-3],[7,-4],[-19,-14]],[[646,3351],[-5,-3],[-9,13],[3,8],[8,-9],[3,-9]],[[641,3400],[-4,-8],[-4,0],[-6,15],[11,11],[9,-18],[-6,0]],[[1392,3437],[-4,-11],[-4,11],[8,0]],[[910,3455],[17,-10],[-5,1],[-7,3],[-5,6]],[[1551,3467],[-11,-15],[-11,4],[-14,14],[1,8],[13,6],[4,-9],[18,-8]],[[1451,3497],[6,-1],[10,0],[-8,-12],[-3,2],[-11,-10],[-7,-18],[-6,12],[-13,6],[9,12],[9,5],[14,4]],[[1433,3525],[15,-3],[15,2],[3,-16],[1,-6],[-17,-1],[-9,9],[-16,6],[2,8],[6,1]],[[817,3529],[-11,-26],[-1,13],[4,14],[8,-1]],[[851,3643],[-14,-8],[7,21],[7,-13]],[[1077,3661],[-1,-12],[-2,0],[-14,12],[3,1],[7,6],[7,-7]],[[858,3682],[-5,-17],[-11,3],[3,14],[13,0]],[[972,3689],[-5,-11],[-21,13],[10,5],[16,-7]],[[379,3762],[-8,0],[-6,7],[9,2],[5,-9]],[[486,3832],[-8,-16],[-6,12],[20,14],[17,11],[11,-2],[-8,-10],[-13,-8],[-13,-1]],[[218,4123],[-12,-23],[-16,5],[-3,33],[13,4],[18,-19]],[[199,4156],[-8,-8],[-18,7],[-7,8],[3,8],[14,0],[16,-15]],[[145,4223],[-21,-17],[19,24],[2,-7]],[[230,4261],[-24,-18],[10,27],[11,16],[3,-25]],[[6187,4355],[-10,-13],[-15,-7],[-22,-4],[-42,2],[-8,10],[3,8],[17,1],[-5,13],[3,9],[9,0],[12,-7],[5,1],[3,-6],[6,-2],[7,9],[9,6],[6,-25],[6,9],[3,9],[5,4],[6,8],[6,-2],[0,-10],[-4,-13]],[[4269,2612],[7,-69],[11,-30],[15,-21],[10,-9],[2,-3],[6,-13],[4,-9],[2,-9],[1,-9],[-2,-13],[-4,-16],[-10,-26],[-13,-24],[-26,-32],[-9,-7],[-9,-6],[-10,-4],[-9,-2],[-73,-5],[-10,-3],[-9,-4],[-10,-7],[-9,-7],[-9,-9],[-6,-9],[-6,-10],[-2,-15],[0,-19],[4,-35],[0,-49],[-4,-38],[-4,-20],[-5,-15],[-22,-39],[-52,-75],[-29,-58],[-14,-18],[-9,-9],[-19,-15],[-20,-11],[-91,-27],[-10,-5],[-9,-6],[-8,-9],[-5,-9],[-3,-15],[0,-3],[9,-17],[33,-47],[6,-12],[4,-14],[2,-23],[-2,-13],[-3,-12],[-4,-9],[-6,-20],[-4,-20],[0,-9],[1,-28],[9,-37],[11,-23],[103,-172],[6,-12],[1,-13],[6,-11],[11,-11],[9,-4],[12,-4],[13,-5],[14,-9],[18,-16],[13,-3],[8,1],[17,14],[7,4],[9,2],[9,1],[6,-8],[1,-13],[-10,-28],[-8,-13],[-7,-13],[-2,-10],[5,-14],[4,-7],[12,-17],[2,-10],[-1,-12],[-9,-20],[-8,-21],[4,-26],[26,-35],[9,-5],[1,-1],[13,-6],[26,-3],[6,-8],[4,-8],[4,-8],[14,-23],[0,-1]],[[4205,934],[-31,-74],[-26,-28],[-59,-44],[-27,-26],[-132,-193],[-61,-47],[-40,-15],[-28,-3],[-19,-13],[-8,-45],[11,-161],[-1,0],[-17,-25],[-6,-28],[-15,-3],[-33,-19],[-42,-25],[-27,6],[-215,133],[-12,11],[-38,62],[-4,3]],[[3375,400],[9,16],[4,8],[2,11],[-3,10],[-9,10],[-9,7],[-8,12],[-2,18],[6,60],[3,13],[4,9],[3,11],[-1,15],[-11,21],[-6,30],[13,30],[-18,40],[5,48],[-5,14],[-7,8],[-10,12],[-1,14],[5,22],[8,12],[20,12],[8,8],[8,8],[7,5],[7,-1],[4,-6],[8,-27],[4,-9],[6,-7],[5,-2],[7,4],[2,10],[1,19],[-5,13],[-12,21],[-11,28],[-10,19],[-14,18],[-9,9],[-9,7],[-9,5],[-80,33],[-44,24],[-35,13],[-20,4],[-35,-1],[-67,-13],[-8,-4],[-9,-5],[-48,-38],[-10,-7],[-9,-2],[-10,1],[-19,6],[-10,0],[-10,-3],[-9,-6],[-9,-8],[-15,-18],[-13,-6],[-16,-2],[-49,11],[-15,0],[-10,-4],[-37,-19],[-57,-14],[-13,-1],[-16,1],[-24,5],[-13,7],[-9,9],[-5,9],[-3,9],[-14,74],[-5,18],[-9,11],[-43,34],[-11,14],[-8,12],[-2,10],[-3,9],[-19,23],[-7,19],[-8,11],[-9,4],[-9,-1],[-8,-4],[-8,-6],[-9,-3],[-35,7],[-12,-1],[-25,-10],[-22,4],[-4,6],[3,7],[7,6],[3,5],[2,7],[-3,9],[-9,9],[-19,17],[-31,15],[-11,11],[0,6],[12,8],[8,7],[6,8],[5,9],[2,8],[-2,8],[-3,5],[-27,34],[-4,6],[-3,6],[-2,8],[-3,19],[-1,30],[1,10],[1,10],[4,10],[2,9],[-2,10],[-12,25],[-13,21],[-4,16],[-7,15],[-12,19],[-6,13],[-3,12],[3,40],[-1,10],[-3,10],[-8,19],[-2,10],[0,51],[-5,23],[-8,8]],[[2213,1786],[16,5],[-14,14],[-18,29],[-10,9],[-1,0]],[[2186,1843],[-19,55],[-3,49],[-3,14],[-5,10],[-29,28],[-17,21],[-7,15],[-3,12],[2,24]],[[2102,2071],[45,15],[111,71],[50,23],[41,5],[101,-5],[24,-6],[156,-77],[8,-7],[8,-8],[7,-8],[4,-9],[1,-10],[-2,-30],[4,-10],[9,-9],[59,-27],[26,-16],[61,-26],[39,-8],[23,2],[33,7],[12,5],[11,7],[9,8],[26,38],[8,9],[13,9],[16,7],[60,16],[9,4],[9,8],[6,9],[4,9],[1,9],[-1,62],[-1,9],[-2,9],[-3,9],[-5,9],[-56,78],[-5,5],[-8,6],[-37,19],[-19,12],[-8,8],[-6,9],[-4,9],[-3,10],[-2,9],[0,10],[4,38],[2,10],[3,11],[7,12],[14,14],[8,3],[11,-10],[12,-2],[17,9],[11,12],[14,6],[7,11],[13,1],[8,-3],[48,-7],[7,-3],[10,-13],[18,-15],[5,-6],[20,-11],[28,-9],[11,6],[11,0],[30,-6],[11,-3],[49,-21],[10,-6],[9,-5],[7,-3],[14,-7]],[[3353,2352],[109,-35],[17,-1],[25,1],[10,8],[7,8],[4,8],[1,7],[1,6],[0,7],[-1,13],[-4,16],[-6,19],[-11,18],[-1,12],[3,15],[19,22],[12,8],[12,3],[10,-4],[77,-47],[20,-3],[26,0],[56,6],[22,8],[12,9],[-2,9],[-3,8],[-6,10],[-12,13],[-13,19],[-6,11],[-5,10],[-9,30],[-5,9],[-6,9],[-36,34],[-7,10],[-5,9],[-7,20],[-5,11],[-21,30],[-4,9],[-3,11],[-2,10],[0,14],[4,16],[11,24],[14,12],[13,2],[11,-6],[24,-30],[9,-8],[10,-7],[12,-5],[12,-3],[25,-1],[22,3],[74,19],[12,0],[12,-2],[12,-5],[18,-10],[23,-19],[10,-7],[11,-4],[49,-8],[23,-9],[22,-12],[80,-63],[21,-13],[33,-5],[86,11]],[[1697,123],[-26,-26],[-41,-25],[-12,-12],[-22,-15],[-32,-6],[-9,14],[46,52],[22,10],[16,-6],[3,13],[4,16],[8,1],[4,2],[2,5],[6,4],[11,1],[45,20],[14,4],[-39,-52]],[[1456,208],[-13,-2],[-8,16],[-2,10],[8,5],[30,22],[28,9],[7,1],[4,-7],[3,-8],[-4,-4],[-8,-2],[-21,-20],[-24,-20]],[[1284,279],[-4,-13],[-4,0],[-5,0],[-16,-17],[-15,-5],[-17,0],[-11,5],[0,9],[7,4],[7,7],[8,5],[11,-3],[10,-4],[4,1],[2,8],[1,4],[-4,9],[4,12],[16,-3],[6,-19]],[[1036,1599],[26,-44],[5,-20],[-66,17],[-31,13],[-29,22],[-35,-26],[-14,17],[7,31],[58,36],[18,4],[8,-18],[25,-8],[18,-10],[10,-14]],[[3375,400],[-6,5],[-29,-4],[-32,-10],[-121,-62],[-31,-11],[-35,-4],[-56,2],[-34,-7],[-31,-20],[-14,-14],[-2,-6],[3,-7],[5,-29],[10,-39],[9,-20],[-1,-26],[-5,-26],[-5,-14],[-74,14],[-20,76],[-16,36],[-23,-2],[-14,5],[-6,42],[-5,86],[-45,-31],[-21,1],[-8,37],[-10,22],[-23,24],[-25,19],[-16,6],[-24,-19],[10,-23],[22,-20],[12,-9],[3,-19],[14,-50],[4,-27],[-13,12],[-16,12],[-18,9],[-15,5],[-19,3],[-10,-1],[-8,1],[-16,11],[-25,27],[-77,115],[-7,19],[-9,13],[-36,8],[-10,7],[-4,14],[-1,21],[3,35],[-7,8],[-23,2],[-16,4],[-27,17],[-15,5],[-64,3],[-27,5],[-62,28],[-39,9],[-39,0],[-27,-13],[-2,-30],[29,-31],[38,-25],[30,-10],[53,7],[15,-10],[-10,-37],[16,7],[16,4],[15,-2],[16,-9],[-18,-24],[-14,-27],[29,0],[12,4],[12,10],[10,-14],[-18,-18],[-19,-14],[-22,-11],[-25,-7],[-25,1],[-18,13],[-18,18],[-23,18],[-5,-43],[15,-44],[6,-42],[-28,-36],[23,-22],[10,-5],[-6,-18],[-10,-7],[-31,-1],[-7,-5],[3,-12],[9,-21],[5,-27],[0,-17],[-10,-7],[-17,1],[-15,3],[-14,7],[-13,13],[6,4],[1,2],[1,2],[3,6],[-18,10],[-17,1],[-13,-9],[-4,-22],[-11,-1],[-20,4],[-13,14],[11,30],[-37,-33],[-19,-46],[-25,-43],[-56,-21],[-54,-2],[-28,-5],[-12,-11],[-7,-31],[-17,-26],[-22,-8],[-19,20],[21,97],[23,43],[41,-12],[84,37],[-24,14],[-53,-10],[-27,10],[19,27],[33,25],[37,18],[32,7],[76,-18],[29,9],[5,47],[-25,-10],[-21,4],[-17,13],[-11,20],[45,49],[2,20],[-41,8],[-30,10],[-13,20],[-15,11],[-33,-16],[5,-7],[4,-12],[3,-6],[-40,0],[-18,-4],[-17,-9],[30,-11],[39,-21],[28,-27],[-2,-32],[-29,24],[-41,18],[-43,7],[-34,-9],[7,-14],[10,-11],[11,-8],[15,-7],[-49,-39],[-29,-18],[-28,-7],[1,4],[-2,8],[-4,9],[-7,5],[-95,0],[19,28],[67,41],[21,35],[-12,32],[-67,36],[4,34],[-31,-6],[-17,-27],[-14,-35],[-17,-29],[-24,-17],[-25,-8],[-29,0],[-89,14],[-17,6],[-42,33],[-16,5],[-34,3],[-25,11],[-10,23],[10,40],[-38,-23],[-14,-4],[6,32],[13,20],[21,10],[29,3],[19,7],[39,28],[21,3],[21,-8],[41,-25],[28,-5],[24,1],[22,6],[18,12],[14,19],[-11,14],[-17,-12],[-17,-3],[-17,7],[-33,28],[-7,2],[-5,6],[-9,24],[-4,36],[14,14],[64,1],[68,13],[18,-7],[6,-16],[4,-18],[8,-12],[33,-2],[11,63],[31,16],[-13,29],[-26,11],[-61,0],[-28,4],[-53,18],[-24,4],[-25,-5],[-75,-35],[-74,-14],[-22,-12],[-116,66],[-51,51],[-30,13],[-14,-33],[-17,-13],[-39,-10],[-71,-8],[-180,33],[-15,20],[9,21],[38,15],[73,5],[30,16],[13,37],[10,5],[65,14],[11,14],[25,46],[16,16],[36,7],[25,-17],[39,-60],[16,7],[96,63],[-40,16],[-81,-12],[-43,29],[-22,25],[-4,15],[-1,31],[16,118],[6,19],[68,101],[11,21],[19,56],[18,20],[12,5],[8,-3],[5,-13],[-4,-28],[20,21],[26,42],[22,45],[7,32],[-10,19],[-28,20],[-5,19],[2,22],[4,16],[-2,15],[-23,19],[5,15],[21,1],[31,-17],[17,11],[13,3],[9,-18],[23,-24],[33,29],[36,18],[39,-25],[10,20],[-1,35],[5,28],[-17,16],[-12,22],[-3,23],[10,17],[22,-8],[17,-30],[13,-27],[35,6],[6,14],[-8,27],[2,25],[15,-6],[7,-18],[15,-9],[26,7],[24,3],[36,22],[12,1],[17,-13],[35,-12],[16,16],[13,6],[17,19],[24,16],[35,14],[43,-2],[15,-1],[36,-10],[18,-3],[4,6],[3,14],[7,14],[18,6],[69,-40],[7,-18],[4,-35],[10,-10],[18,3],[8,18],[5,20],[6,9],[16,-5],[15,-12],[11,-15],[5,-12],[16,-26],[38,-20],[42,-9],[15,4]],[[2102,2071],[-12,34],[-9,7],[-14,9],[-20,10],[-11,8],[-7,10],[-5,12],[-4,19],[0,14],[3,12],[5,9],[7,7],[8,5],[47,16],[16,10],[8,12],[8,17],[24,85],[1,12],[-1,8],[-10,33],[-8,17],[-11,15],[-8,28],[-7,104],[0,7],[2,8],[3,6],[6,8],[112,85],[3,2],[6,3],[6,6],[1,3],[1,4],[-1,3],[-1,2],[-1,2],[-6,5],[-12,6],[-23,17],[-3,3],[-2,4],[-1,3],[0,4],[2,11],[2,4],[6,29],[1,8],[0,10],[-1,6],[-2,6],[-15,41],[-13,22],[-2,6],[-1,8],[1,8],[1,3],[1,3],[2,3],[8,8],[5,5],[64,20],[46,29],[11,11],[6,3],[6,3],[8,1],[9,-4],[14,-9],[48,-40],[2,-2],[6,-11],[1,-2],[12,-20],[5,-7],[5,-5],[6,-3],[9,-4],[47,-12],[5,-3],[5,-6],[9,-11],[4,-6],[2,-6],[5,-12],[9,-28],[3,-20],[2,-6],[4,-10],[3,-2],[5,-1],[9,1],[4,2],[2,4],[0,3],[0,13],[-5,28],[-1,8],[1,8],[0,4],[4,14],[5,12],[3,6],[10,12],[11,10],[6,4],[6,3],[29,6],[8,1],[8,-1],[11,-4],[12,-6],[13,-13],[24,-27],[6,-5],[61,10],[17,8],[6,5],[4,3],[3,3],[2,3],[2,8],[3,7],[3,3],[3,3],[4,1],[4,0],[13,-2],[8,-2],[8,-7],[8,-10],[16,-24],[5,-13],[4,-9],[1,-9],[1,-4],[2,-4],[3,-4],[4,-4],[6,-3],[13,-2],[51,3],[8,-5],[33,-32],[18,-14],[4,0],[9,-1],[46,6],[15,-1],[9,-2],[5,-6],[5,-10],[8,-24],[1,-12],[0,-11],[-3,-10],[-2,-8],[1,-12],[1,-6],[2,-6],[5,-11],[17,-22],[38,-37],[10,-6],[66,-12],[11,-3],[4,-3],[7,-11],[39,-83],[1,-1],[9,-14],[9,-20],[4,-22],[4,-75]],[[9617,9135],[-5,-86],[-24,-95],[-66,-29],[-114,-29],[-84,-8],[-6,-51],[36,-36],[-12,-73],[-84,-95],[-42,-88],[16,-114]],[[9232,8431],[3,-26],[-7,-110],[-9,0],[-13,5],[-18,-9],[-21,-26],[5,-3],[5,-12],[-11,-8],[-14,2],[-26,20],[-21,10],[-42,0],[-30,-22],[-8,-35],[-1,-14],[-23,-3],[-4,-15],[-7,-12],[-13,-46],[-4,-30],[-11,-5],[-19,40],[-18,-6],[-3,-38],[-29,-15],[10,-8],[8,-10],[14,-20],[-16,-5],[-11,-8],[-16,-26],[5,4],[-4,-18],[-7,-23],[-4,-8],[-6,-35],[-16,-13],[-12,5],[-14,17],[-37,14],[-26,-13],[-10,-40],[-10,-48],[1,-62],[-23,-61],[-22,-19],[-4,-31],[-15,-12],[-25,37],[-20,-1],[-60,-35],[-18,-53],[-20,-65],[-13,-23],[-41,-16],[-37,-48],[-12,-60],[-21,-78],[-32,-50],[18,-44],[-4,-31],[-8,-29],[11,-55],[34,-40],[31,-27],[20,-17],[33,3],[12,-27],[22,-27],[17,-12],[10,-1],[23,4],[9,-3],[15,-19],[-2,-6],[-8,-8],[-5,-25],[-3,-6],[-12,-41],[-1,-10],[-25,-18],[-17,-42],[-61,-236],[-12,-83],[26,-70],[-10,-25],[-3,-30],[1,-61],[12,-84],[6,-18],[28,-32],[22,-14],[-14,-10],[-10,-41],[6,-14],[-29,-35],[5,-37],[-19,-44],[-13,-25],[-17,2],[-11,19],[-22,-7],[-33,-6],[-29,5],[-28,-6],[-25,5],[-18,-5],[-41,3],[-27,-21],[-4,-35],[-30,-5],[-21,-22],[-19,-7],[-45,4],[-77,-24],[-58,-38],[-58,-29],[-18,-21],[-18,-30],[-26,-58],[-12,-26],[-11,5],[-15,14],[-13,27],[-12,19],[-27,2],[-30,-7],[-24,-17],[-8,-20],[-10,-19],[0,-10],[1,-12],[-8,-14],[-2,-11],[-4,-23],[-7,-11],[-4,-18],[-5,-12],[-13,-13],[-7,-11],[-1,-19],[-2,-46],[-17,-6],[-1,-2]],[[7627,5415],[-81,5],[-28,7],[-26,15],[-17,25],[-4,33],[6,27],[-2,26],[-23,29],[-62,46],[-29,28],[-19,34],[-5,24],[-1,47],[-3,24],[-9,20],[-13,19],[-28,32],[-20,29],[-10,30],[3,29],[20,27],[10,26],[-14,30],[-17,31],[-4,31],[16,31],[35,54],[9,35],[-1,51],[-11,47],[-38,90]],[[7261,6397],[21,50],[-16,50],[-25,50],[-7,55],[11,26],[34,49],[6,30],[-9,29],[-18,21],[-22,19],[-19,19],[-67,102],[-24,59],[-11,63],[17,61],[40,38],[46,34],[30,48],[-2,53],[-24,54],[-38,45],[-41,25],[-81,8],[-21,11],[-7,21],[12,18],[18,20],[10,25],[-3,22],[-23,35],[-8,21],[-4,25],[-1,64],[3,26],[9,49],[-2,21],[-12,16],[-14,1],[-37,-12],[-13,3],[-7,13],[-2,16],[0,33],[-3,17],[-5,16],[-19,49],[-4,18],[-4,41],[21,6],[40,-16],[21,2],[16,11],[11,17],[18,37],[28,29],[69,38],[28,27],[18,41],[4,16]],[[7199,8162],[32,-7],[56,17],[23,74],[14,25],[32,9],[37,4],[27,12],[42,40],[15,24],[2,34],[37,-20],[26,-2],[22,13],[43,46],[46,37],[29,29],[12,10],[11,11],[5,10],[-8,17],[-35,3],[-9,13],[4,22],[13,9],[17,6],[13,8],[5,16],[-1,15],[3,14],[19,12],[-12,12],[-12,7],[-14,5],[-15,1],[0,14],[50,0],[15,10],[10,28],[-3,10],[-10,5],[-8,7],[-1,17],[5,16],[7,12],[11,8],[82,16],[11,5],[6,33],[12,28],[18,8],[17,-23],[22,12],[-13,16],[-8,17],[3,13],[18,5],[17,-5],[14,-24],[22,-8],[14,4],[16,11],[20,9],[23,0],[75,-57],[10,-15],[43,-22],[10,-14],[5,-19],[13,-7],[16,3],[13,11],[8,19],[2,18],[4,14],[38,13],[10,21],[2,25],[-6,23],[65,-5],[58,-14],[49,9],[40,62],[7,68],[-3,73],[7,64],[41,40],[0,11],[-26,6],[-7,25],[15,26],[39,8],[-7,28],[11,16],[13,12],[-2,15],[-18,16],[-16,7],[-10,12],[-3,35],[2,24],[7,21],[18,39],[25,48],[8,26],[7,57],[54,132],[11,20],[8,19],[2,43],[6,20],[17,14],[47,4],[21,9],[-14,5],[-12,8],[-9,10],[-7,14],[17,7],[28,17],[18,3],[21,-3],[11,-9],[47,-56],[15,-14],[22,-9],[19,-2],[60,2],[73,29],[42,9],[18,-17],[-5,-25],[-12,-30],[-17,-27],[-19,-14],[64,-27],[82,2],[70,-11],[27,-67],[-22,-159],[1,-72],[30,-65],[84,-78],[12,-32],[105,-82],[17,-4],[13,1],[12,-1],[11,-9],[4,-15],[-6,-36],[8,-20],[32,-23]],[[4972,3242],[-10,-15],[-9,-9],[-72,-26],[0,-13],[17,-9],[37,-9],[18,-9],[19,13],[25,7],[21,-8],[9,-30],[-10,-14],[-49,-10],[-15,-8],[-8,11],[-9,8],[-9,5],[-11,1],[-15,-4],[1,-10],[7,-13],[2,-11],[-18,-50],[-12,-52],[-10,-54],[16,-35],[17,-38],[23,-15],[18,-8],[32,-34],[17,-10],[31,5],[6,16],[-4,19],[0,12],[27,3],[32,-72],[31,-20],[116,11],[38,-11],[17,-14],[14,-17],[15,-15],[22,-6],[105,1],[23,-3],[16,-15],[36,-59],[48,-65],[10,-19],[9,-27],[24,-32],[52,-51],[5,-24],[6,-7],[15,12],[10,6],[8,-6],[6,-12],[5,-29],[8,-14],[11,-11],[15,-5],[28,-15],[52,-80],[30,-33],[118,-27],[183,-217],[23,9],[70,36],[19,6],[47,-71],[12,-11],[26,-14],[15,-13],[19,-34],[0,-6],[2,-28],[-1,-33],[6,-34],[1,-1],[-87,-43],[-42,-32],[-10,-24],[3,-32],[13,-65],[-6,-66],[-21,-58],[-29,-52],[-36,-49],[-82,-82],[-98,-61],[-106,-36],[-105,-8],[-162,9],[-102,-20],[-21,5],[-19,18],[-19,28],[-13,8],[-297,-25],[-91,-26],[-46,-4],[-147,42],[-190,-16],[-49,5],[-99,-10],[-103,-40],[-98,-59],[-85,-67],[-9,-11],[-19,-23],[-21,-50]],[[4269,2612],[19,78],[30,43],[12,8],[52,25],[9,8],[4,9],[-4,16],[-5,12],[-50,55]],[[4336,2866],[19,14],[3,13],[0,11],[-11,32],[-5,30],[4,16],[9,10],[45,12],[13,6],[17,14],[7,12],[3,13],[1,24],[2,13],[10,40],[8,59],[5,16],[8,14],[10,11],[15,13],[12,8],[11,5],[11,3],[12,1],[56,-9],[78,11],[51,-2],[76,-14],[74,10],[39,-2],[12,2],[10,0],[10,-1],[21,-9]],[[4297,7641],[-5,-11],[-28,-48],[-24,-50],[-10,-57],[1,-45],[7,-41],[8,-28],[3,-13],[0,-16],[-14,-28],[-24,-16],[-27,-12],[-23,-17],[-16,-26],[-10,-21],[-14,-16],[-28,-6],[-44,6],[-20,-4],[-17,-20],[-4,-24],[4,-30],[9,-28],[11,-20],[28,-22],[27,1],[56,23],[14,3],[17,1],[14,-6],[8,-15],[-3,-14],[-20,-21],[-5,-13],[4,-12],[28,-43],[11,-30],[8,-32],[10,-65],[17,-36],[51,-39],[11,-30],[-4,-18],[-6,-12],[1,-12],[19,-20],[16,-20],[6,-23],[9,-52],[19,-36],[29,-24],[89,-54],[20,-7],[47,-4],[60,-16],[21,3],[31,18],[19,24],[16,28],[22,28],[34,23],[45,14],[44,0],[34,-22],[13,-35],[8,-48],[3,-50],[-2,-40]],[[4901,6365],[-7,-70],[-22,-45],[-77,-79],[-25,-50],[-12,-67],[8,-65],[33,-41],[59,-27],[19,-22],[2,-38],[-8,-25],[-12,-21],[-16,-16],[-19,-11],[-67,-19],[-120,-66],[-33,-43],[-23,-110],[-28,-43],[-19,-9],[-68,-8],[-29,-8],[-23,-11],[-20,-16],[-24,-21],[-47,-31],[-38,-19],[-19,-32],[10,-69],[-2,-53],[-28,-39],[-37,-37],[-29,-45],[-9,-31],[-7,-34],[-3,-34],[1,-26]],[[4162,4984],[-2,0],[-36,-75],[-23,-27],[-58,-45],[-12,-14],[-8,-11],[-12,-42],[-10,-25],[-11,-12],[-12,-6],[-25,-3],[-23,-4],[-12,-5],[-13,-6],[-21,-15],[-15,-16],[-19,-24],[-13,-12],[-12,-7],[-34,-7],[-14,-4],[-14,-8],[-98,-65],[-17,-14],[-12,-13],[-5,-10],[-3,-11],[-6,-36],[-3,-15],[-9,-19],[-12,-9],[-11,-6],[-46,-2],[-18,-8],[-91,-60],[-19,-8],[-12,1],[-12,2],[-11,3],[-67,43]],[[3311,4389],[-59,27],[-30,8],[-143,16],[-32,13],[-68,42],[-22,20],[-66,79],[-102,89],[-41,52],[-27,27],[-13,6],[-10,2],[-20,-2],[-21,5],[-15,10],[-18,13],[-14,6],[-13,2],[-23,-1],[-22,-4],[-22,-9],[-21,-12],[-12,-4],[-15,-1],[-23,3],[-15,6],[-12,7],[-24,22],[-180,111],[-49,43],[-12,14],[-6,12],[2,10],[7,10],[8,9],[6,9],[2,11],[-2,10],[-7,9],[-64,63],[-5,10],[-3,9],[-2,10],[0,11],[3,10],[12,21],[3,11],[7,52],[1,3],[2,5],[17,26],[5,10],[3,10],[3,10],[0,11],[-3,9],[-12,24],[-2,7],[-9,42],[-7,13],[-10,7],[-11,0],[-25,-6],[-14,0],[-16,6],[-11,8],[-48,58],[-14,13],[-13,10],[-109,58]],[[1855,5580],[6,26],[11,9],[27,-5],[14,9],[6,12],[0,26],[5,14],[14,22],[15,11],[20,4],[64,2],[20,7],[11,21],[3,41],[7,37],[18,12],[23,-6],[21,-17],[12,-16],[3,-5],[91,1],[21,13],[-14,28],[-44,50],[59,70],[32,21],[4,3],[47,8],[14,6],[7,12],[6,13],[10,8],[15,1],[13,-3],[66,-28],[15,2],[63,41],[19,9],[26,3],[16,-9],[18,-19],[19,-13],[21,10],[22,16],[48,6],[19,9],[12,19],[-8,9],[-21,2],[-25,-3],[18,28],[27,8],[29,5],[27,17],[31,45],[9,23],[-4,16],[10,15],[12,10],[15,7],[17,5],[-4,24],[15,20],[23,20],[18,26],[-22,35],[37,31],[174,95],[22,18],[15,22],[38,82],[18,20],[39,36],[17,22],[36,77],[17,24],[76,84],[49,34],[44,-1],[-5,-8],[-3,-7],[-4,-6],[-9,-6],[0,-13],[53,14],[0,48],[-21,59],[-11,47],[10,24],[53,79],[25,84],[29,52],[6,25],[-6,25],[-17,25],[1,23],[54,53],[25,44],[24,5],[55,-3],[16,9],[50,42],[24,13],[-21,17],[-22,12],[-20,14],[-12,23],[27,9],[24,0],[23,-8],[22,-14],[46,-46],[27,-17],[11,17],[20,47],[86,33],[20,49],[14,21],[33,21],[33,9],[15,-13],[2,-41],[8,-11],[20,1],[34,-6],[29,-21]],[[7627,5415],[-8,-15],[-7,-20],[-55,-65],[-58,-73],[-73,3],[-84,-26],[-117,-116],[-61,-49],[-46,-9],[-26,-23],[-50,-15],[-26,-1],[-19,-21],[-47,7],[-52,-15],[-28,-38],[-20,0],[-2,18],[-29,-13],[-27,-30],[-4,-49],[19,-10],[43,-16],[6,-18],[11,-14],[-8,-28],[3,-45],[-21,-8],[-14,-12],[-11,-12],[-9,-7],[-11,1],[-21,9],[-30,2],[-17,-12],[-53,-26],[-11,-29],[-12,-14],[-27,-15],[-47,-2],[-21,-19],[-27,-28],[-21,-10],[-37,-15],[-30,6],[-42,-5],[-41,-56],[-16,-72],[-39,9],[-34,60],[-26,22],[-41,-17],[-14,-22],[11,-50],[-15,-4],[-33,4],[-16,0],[-17,-6],[-27,-16],[-15,-3],[-12,4],[-5,9],[-7,8],[-204,33],[-7,-8],[-2,-28],[-5,-10],[-12,-10],[-16,-8],[-14,-4],[-11,-9],[-25,-42],[-11,-13],[-15,-5],[-36,23],[-25,-43],[1,-33],[-11,-78],[-15,-17],[-143,-14],[23,-18],[-4,-19],[-49,-23],[-54,7],[-48,-17],[-25,-59],[-26,-18],[-22,26],[-38,19],[-26,-39],[-22,-7],[-26,-19],[-22,-23],[-19,-43],[-44,-27],[-10,-15],[-3,-14],[-13,-29],[-4,-16],[1,-16],[7,-28],[3,-44],[6,-20],[9,-9],[15,2],[38,-17],[27,-36],[7,-42],[-58,-81],[-26,-78],[23,-125],[43,-187],[-1,-52],[-12,-19],[-17,-8],[-18,6],[-16,21],[-1,25],[9,28],[24,51],[-53,70],[-6,26],[-14,20],[-18,6],[-20,-13],[-46,-41],[-4,-5]],[[4336,2866],[-33,16],[-7,3],[-8,1],[-23,1],[-43,-8],[-12,0],[-11,2],[-10,5],[-8,9],[-2,11],[3,14],[8,22],[1,13],[-1,15],[-7,19],[-7,13],[-10,9],[-9,5],[-11,3],[-12,1],[-11,0],[-11,-4],[-11,-6],[-16,-17],[-9,-5],[-9,1],[-7,7],[-4,9],[-5,21],[-3,9],[-5,10],[-6,9],[-8,7],[-7,5],[-5,2],[-7,2],[-5,1],[-22,1],[-11,-2],[-11,-3],[-50,-24],[-9,-2],[-9,0],[-12,1],[-11,4],[-11,6],[-10,10],[-8,10],[-6,10],[-4,10],[1,23],[4,32],[33,123],[23,57],[2,12],[0,14],[-7,20],[-9,12],[-10,10],[-11,7],[-38,34],[-16,18],[-6,11],[-4,9],[0,16],[3,19],[14,34],[11,18],[12,13],[9,7],[9,11],[4,14],[1,22],[-1,14],[-4,12],[-11,29],[-1,13],[2,14],[11,19],[60,61],[4,8],[2,9],[-4,13],[-5,5],[-8,3],[-11,1],[-12,3],[-9,5],[-4,11],[3,16],[21,39],[25,36],[5,9],[5,11],[21,69],[8,16],[9,13],[9,8],[10,6],[11,6],[21,8],[86,20],[99,0],[23,-4],[21,-8],[9,-5],[9,-8],[7,-9],[20,-31],[8,-7],[6,-2],[9,0],[10,4],[9,7],[14,16],[9,6],[11,3],[62,5],[10,4],[9,7],[7,9],[5,9],[9,19],[4,11],[2,12],[-2,19],[-6,17],[-46,79],[-7,16],[-19,74],[-4,25],[-1,10],[2,11],[6,8],[10,4],[11,3],[9,4],[5,10],[0,13],[-4,19],[0,14],[4,11],[6,8],[6,6],[106,79],[16,19],[5,9],[3,11],[1,11],[0,11],[-8,13],[-15,15],[-58,33],[-15,13],[-8,18],[-7,27],[-6,53],[0,2],[4,12],[9,20],[2,10],[1,10],[-1,9],[-3,10],[-8,12],[-74,67],[-13,9],[-21,9],[-28,8],[-21,4],[-140,-4]],[[4901,6365],[63,-14],[65,-4],[30,10],[17,22],[9,32],[7,37],[25,56],[40,15],[104,-20],[56,-26],[20,-45],[-2,-61],[-10,-72],[-7,-26],[-12,-21],[-17,-15],[-22,-7],[-47,-4],[-20,-10],[6,-22],[39,-57],[4,-48],[-25,-43],[-96,-69],[-21,-20],[-12,-21],[3,-23],[21,-9],[27,-7],[21,-19],[9,-24],[9,-50],[7,-23],[63,-102],[17,-22],[17,-11],[17,-8],[19,-15],[14,-28],[9,-69],[9,-30],[12,-18],[14,-11],[16,-6],[19,-4],[49,-1],[19,-8],[-10,-20],[-16,-22],[0,-19],[7,-20],[3,-27],[-4,-25],[-9,-16],[-29,-30],[-12,-23],[-5,-22],[-2,-51],[2,-36],[10,-19],[18,-5],[27,8],[100,53],[140,104],[21,24],[13,29],[9,30],[10,25],[15,21],[22,16],[120,40],[24,2],[22,-5],[19,-14],[40,-36],[44,-20],[44,6],[40,37],[61,87],[24,25],[72,58],[18,24],[8,22],[8,72],[9,22],[24,38],[10,22],[9,33],[5,32],[4,67],[5,33],[20,63],[4,31],[-12,50],[-19,58],[-8,51],[25,27],[50,2],[56,-4],[54,3],[45,20],[19,24],[28,52],[17,24],[26,15],[63,21],[19,20],[6,23],[5,32],[2,32],[-1,23],[5,23],[23,2],[64,-18],[18,0],[38,10],[23,2],[23,-6],[161,-68],[59,-33],[42,-46]],[[609,3285],[-7,-2],[-9,6],[-5,16],[0,15],[14,5],[16,14],[3,-15],[1,-3],[4,-6],[2,-21],[-19,-9]],[[761,3436],[-11,-12],[-21,2],[-7,8],[6,16],[-3,9],[9,11],[9,15],[17,4],[5,-12],[0,-21],[-4,-20]],[[740,3550],[10,-13],[-4,-17],[-13,-17],[-18,-11],[-21,0],[-26,17],[-64,-17],[-4,-5],[-7,4],[2,12],[11,9],[15,8],[26,22],[6,-3],[21,3],[39,10],[27,-2]],[[1035,3471],[-33,-37],[-29,-5],[-37,-18],[28,48],[20,-8],[11,21],[-22,20],[4,8],[17,2],[1,8],[4,9],[-8,7],[0,32],[25,13],[-1,28],[18,15],[-2,16],[29,3],[42,-17],[-6,-12],[-20,-9],[16,-40],[21,-41],[-33,-18],[-45,-25]],[[25,3972],[-2,-6],[-5,0],[-3,4],[-8,2],[-6,1],[-1,1],[0,7],[2,8],[3,6],[7,7],[-2,8],[4,0],[4,3],[-3,4],[4,2],[5,3],[5,0],[3,-4],[4,-3],[2,-8],[6,-1],[0,-6],[0,-4],[5,0],[-1,-5],[-1,-6],[-6,-1],[-4,-5],[-8,0],[-4,-7]],[[3311,4389],[-21,-32],[-1,-2],[-4,-13],[-3,-22],[-2,-22],[2,-11],[4,-11],[33,-52],[5,-11],[2,-11],[1,-12],[0,-11],[-2,-11],[-9,-10],[-16,-10],[-35,-13],[-109,-54],[-245,-61],[-12,-1],[-12,3],[-11,3],[-10,5],[-22,13],[-9,8],[-37,38],[-9,3],[-9,0],[-10,-11],[-6,-10],[-4,-12],[-1,-10],[-2,-7],[-4,-3],[-9,-6],[-20,-10],[-18,-19],[-18,-30],[-13,-15],[-30,-24],[-27,-28],[-11,-9],[-14,-7],[-49,-9],[-9,-10],[-3,-6],[0,-6],[-1,-5],[-3,-11],[-7,-12],[-51,-63],[-73,-48],[-95,-44],[-27,-8],[-27,1],[-32,5],[-13,-1],[-12,-4],[-31,-25],[-78,-43],[-90,-35],[-81,-11],[0,-1]],[[1911,3555],[-10,23],[-23,-17],[-161,-79],[-34,-11],[-13,-8],[-14,-4],[-14,9],[-40,48],[-7,4],[-14,17],[-27,7],[-15,13],[23,34],[-104,0],[5,-12],[11,-29],[5,-11],[-68,0],[-15,4],[-5,10],[-1,12],[-6,13],[-9,15],[-3,12],[-6,7],[-19,3],[-24,-5],[-15,-1],[-19,6],[-12,8],[-34,29],[-7,9],[-4,12],[-12,3],[-13,0],[-13,4],[-43,43],[-17,2],[-14,-32],[-18,13],[-21,6],[-17,11],[-14,56],[-17,23],[-24,18],[-26,15],[-24,8],[-34,5],[-13,4],[-6,17],[-44,4],[-16,11],[-6,43],[-16,23],[-9,-20],[-1,-19],[5,-17],[10,-15],[8,-21],[-6,-22],[-1,-23],[-9,-16],[1,-19],[19,-6],[-6,-29],[-19,-1],[-17,-13],[7,-19],[15,-20],[-14,-5],[-29,10],[-33,-18],[-31,-29],[-39,-18],[-14,-33],[-4,-8],[-21,14],[0,8],[2,6],[6,12],[-11,3],[-5,3],[-5,5],[-7,21],[27,30],[6,34],[19,12],[8,27],[-5,26],[-11,1],[-13,-8],[-11,-1],[-6,9],[-10,22],[-6,9],[-14,9],[-14,3],[-10,5],[-4,15],[1,16],[7,30],[2,18],[-7,9],[-28,15],[-7,15],[6,38],[-2,14],[-14,5],[-55,2],[-131,24],[-7,-3],[-6,-6],[-5,-4],[-8,1],[-6,6],[-6,15],[-4,3],[-6,8],[-6,34],[-5,11],[-10,4],[-42,7],[-21,40],[-11,13],[-11,11],[-10,8],[-10,5],[16,23],[21,10],[21,6],[16,12],[10,27],[11,91],[35,47],[43,-6],[49,-18],[52,14],[-31,15],[-72,4],[-34,7],[-29,22],[-11,31],[-6,34],[-17,29],[25,23],[219,194],[7,4],[16,3],[9,6],[2,7],[3,21],[4,10],[25,21],[62,37],[25,26],[24,15],[77,16],[30,14],[16,31],[13,43],[16,39],[24,16],[35,8],[32,20],[76,71],[52,63],[11,23],[7,11],[16,-13],[15,-20],[4,-9],[12,-6],[15,-4],[37,-4],[42,7],[31,-2],[30,2],[23,7],[8,19],[-12,23],[-17,23],[-19,23],[0,26],[15,23],[38,14],[37,12],[25,14],[38,16],[28,16],[31,21],[44,19],[54,16],[40,17],[21,7],[13,13],[10,19],[10,21],[24,9],[23,3],[23,-10],[21,-7],[30,10],[12,1],[13,-5],[19,-17],[10,-5],[34,-1],[6,14],[-3,24],[0,1]],[[2186,1843],[-15,5],[-32,1],[-16,8],[-70,84],[-25,18],[-19,4],[-37,0],[-18,9],[-10,12],[-40,70],[2,9],[-1,2],[-14,-3],[-4,-8],[-6,-16],[-11,-13],[-21,-2],[14,-9],[12,-11],[9,-14],[-22,-14],[-47,-22],[-25,6],[-15,26],[-11,0],[-9,-25],[-14,-7],[-41,6],[-3,6],[-3,11],[-6,9],[-9,0],[-8,-12],[3,-11],[9,-11],[8,-6],[0,-11],[-23,-8],[-25,0],[-23,9],[-20,17],[-9,21],[5,16],[31,34],[-11,6],[-10,8],[3,9],[4,9],[-8,22],[-18,18],[-25,5],[9,-45],[-22,-60],[-44,-3],[-17,24],[-7,23],[-24,11],[-18,15],[-12,49],[9,32],[7,31],[5,70],[2,32],[18,45],[14,44],[26,37],[17,31],[-4,20],[21,29],[33,53],[29,37],[12,32],[17,26],[31,0],[38,-2],[30,8],[-79,11],[4,14],[6,14],[0,13],[-7,11],[3,12],[-1,15],[3,14],[6,8],[2,8],[-11,9],[15,17],[16,7],[38,1],[18,6],[-6,13],[-12,17],[-5,16],[23,36],[33,15],[37,-1],[34,-12],[-10,29],[-13,14],[-4,17],[59,103],[20,19],[-24,3],[-20,15],[-8,24],[11,33],[-8,7],[-13,19],[16,-5],[6,-3],[8,-6],[33,18],[13,14],[8,20],[-32,0],[-95,14],[-30,12],[4,27],[36,51],[-17,1],[-16,-2],[-16,-5],[-14,-7],[6,49],[22,28],[29,22],[27,29],[9,22],[6,26],[11,21],[43,17],[13,19],[3,25],[-1,2]],[[4297,7641],[51,-39],[15,2],[6,-25],[34,-48],[12,-24],[-26,3],[-16,-9],[-6,-18],[7,-27],[14,-19],[23,-14],[48,-18],[-5,-8],[-7,-18],[26,-4],[80,-29],[21,-18],[-33,-12],[-33,-18],[-29,-25],[-20,-35],[11,-1],[14,-4],[11,-6],[10,-17],[12,3],[21,12],[14,-3],[8,-9],[6,-9],[8,-4],[12,9],[20,38],[11,7],[22,-9],[35,-24],[21,-5],[15,3],[11,6],[10,1],[12,-10],[1,-13],[-10,-12],[-13,-9],[-9,-4],[27,-12],[29,-8],[60,-6],[14,3],[27,10],[12,1],[15,-5],[11,-9],[9,-8],[6,-5],[34,-2],[24,9],[22,12],[26,8],[26,-6],[27,-14],[27,-7],[26,13],[3,-42],[21,-20],[60,-15],[51,-33],[12,-5],[14,6],[17,25],[7,1],[42,-15],[145,-4],[40,12],[29,-18],[30,-4],[26,11],[10,31],[15,13],[34,10],[62,9],[47,-39],[15,7],[13,13],[14,19],[16,-21],[2,-33],[-3,-34],[6,-20],[13,-4],[15,5],[26,13],[-5,-42],[26,-19],[37,1],[25,20],[22,-11],[-22,-27],[65,-6],[61,53],[157,263],[23,73],[-30,40],[-3,34],[-19,38],[-28,31],[-41,18],[-59,44],[-41,35],[-7,41],[-16,40],[-73,127],[-9,36],[-52,15],[-15,26],[-12,30],[-30,160],[1,28],[21,26],[31,8],[70,2],[249,63],[157,-12],[36,-11],[31,-23],[72,4],[53,-24],[22,-3],[63,23],[15,-3],[17,-11],[14,6],[22,30],[15,13],[16,6],[115,-8],[41,8],[18,33],[148,-7],[102,-26]],[[9364,8400],[-21,-20],[-8,10],[-3,9],[-1,7],[-3,0],[-5,3],[4,10],[15,19],[18,-13],[4,-25]],[[9617,9135],[1,0],[23,10],[5,28],[-24,29],[19,29],[25,18],[27,1],[23,-21],[5,-20],[9,-74],[8,-35],[19,-38],[2,-8],[3,-20],[6,-9],[7,-6],[6,-9],[26,-69],[19,-26],[28,-21],[35,-11],[27,-26],[16,-33],[6,-45],[0,-48],[4,-25],[15,-17],[42,-30],[-7,-12],[-44,-11],[-54,-16],[-23,-4],[-20,-17],[-10,-1],[2,34],[-2,21],[-4,11],[-20,19],[-19,13],[-45,6],[-33,17],[-13,16],[-46,7],[-23,-9],[6,-24],[-20,-19],[-25,-5],[-13,17],[-20,11],[-18,1],[0,-17],[-2,-16],[-18,-13],[-16,-17],[4,-25],[0,-13],[7,-13],[13,-1],[10,-5],[0,-21],[-8,-13],[-12,3],[-23,26],[-16,-4],[-11,-23],[14,-22],[-17,-5],[-11,-25],[-25,-3],[-7,-43],[-18,-12],[-19,-3],[2,27],[12,40],[-13,32],[-20,2],[-66,-60],[-35,-43],[-21,-14],[-20,-2]]],"transform":{"scale":[0.0006489294725472561,0.0005335198838883855],"translate":[124.21131598900004,37.67560455900012]},"bbox":[124.21131598900004,37.67560455900012,130.69996178500006,43.01026987800009]}