{"type":"Topology","objects":{"subunits":{"type":"GeometryCollection","geometries":[{"type":"MultiPolygon","id":"Setúbal","arcs":[[[0]],[[1,2,3,4,5]]]},{"type":"MultiPolygon","id":"Azores","arcs":[[[6]],[[7]],[[8]],[[9]],[[10]],[[11]],[[12]],[[13]],[[14]]]},{"type":"MultiPolygon","id":"Madeira","arcs":[[[15]],[[16]],[[17]],[[18]],[[19]]]},{"type":"Polygon","id":"Aveiro","arcs":[[20,21,22,23]]},{"type":"MultiPolygon","id":"Leiria","arcs":[[[24]],[[25,26,27,28,29]]]},{"type":"Polygon","id":"Viana do Castelo","arcs":[[30,31]]},{"type":"Polygon","id":"Beja","arcs":[[32,33,34,-3,35]]},{"type":"Polygon","id":"Évora","arcs":[[36,-36,-2,37,38]]},{"type":"MultiPolygon","id":"Faro","arcs":[[[39]],[[40]],[[41]],[[-34,42]]]},{"type":"MultiPolygon","id":"Lisboa","arcs":[[[43]],[[44]],[[45]],[[-5,46,47]],[[48,49,-28]]]},{"type":"Polygon","id":"Portalegre","arcs":[[50,-39,51,52]]},{"type":"Polygon","id":"Santarém","arcs":[[53,-52,-38,-6,-48,54,-49,-27]]},{"type":"Polygon","id":"Braga","arcs":[[55,56,-31,57,58]]},{"type":"Polygon","id":"Bragança","arcs":[[59,60,61,62]]},{"type":"Polygon","id":"Castelo Branco","arcs":[[63,-53,-54,-26,64,65]]},{"type":"MultiPolygon","id":"Coimbra","arcs":[[[66]],[[67,68,-65,-30,69,-21]]]},{"type":"Polygon","id":"Guarda","arcs":[[70,-66,-69,71,-60]]},{"type":"Polygon","id":"Porto","arcs":[[72,73,-23,74,-56]]},{"type":"Polygon","id":"Viseu","arcs":[[-72,-68,-24,-74,75,-61]]},{"type":"Polygon","id":"Vila Real","arcs":[[-62,-76,-73,-59,76]]}]}},"arcs":[[[8951,6971],[-2,-7],[-4,5],[0,3],[1,3],[3,1],[2,-5]],[[9066,7206],[16,-5],[3,-2],[1,-9],[-4,-13],[0,-5],[-1,-11],[-3,-7],[-6,-13],[-34,-38],[-14,-30],[0,-6],[0,-8],[2,-5],[1,-7],[2,-20],[12,-2],[15,-15],[12,-3],[10,-5],[2,2],[1,4],[-1,6],[-1,4],[2,3],[4,-1],[2,-3],[2,-4],[2,-4],[4,-4],[5,-3],[11,0],[6,4],[9,9],[7,3],[4,-3],[7,-15],[6,-9],[2,-4],[0,-1],[0,-1],[0,-2],[1,-5],[5,-23],[0,-5],[-2,-3],[0,-4],[2,-5],[6,-4],[3,-4],[2,-6],[-2,-15],[-6,-18],[0,-7],[2,-2],[9,-5],[5,-7],[9,-8],[3,-2],[4,-1],[4,0],[7,-5],[15,-19]],[[9219,6835],[10,-34],[3,-21],[0,-7],[0,-6],[-2,-9],[-14,-7],[-7,-5],[-14,-6],[-3,-3],[-2,-9],[-3,-7],[-14,1],[-3,-3],[-1,-5],[-1,-7],[-2,-14],[-3,-3],[-3,2],[-3,4],[-4,2],[-3,-1],[-2,-4],[-3,-1],[-1,-4],[0,-4],[0,-4],[-1,-4],[-2,-8],[-1,-2],[-1,-4],[-2,0],[-2,1],[-2,2],[-3,0],[-2,-8],[-1,-6],[-1,-5],[-1,-4],[-1,-6],[0,-4],[1,-5],[2,-8],[7,-10],[6,-12],[5,-4],[5,-1],[5,-1],[5,-7],[3,-8],[4,-18],[0,-23],[-3,-37],[-4,-22],[-2,-6],[-5,-23],[-12,11],[-2,0],[-10,0],[-18,5],[-35,-11],[-7,-5],[-4,-6],[-1,-6],[-2,-6],[-7,-11],[-2,-6],[-3,-19],[-1,-6],[-1,-7],[-2,-5],[-7,-4],[-4,1],[-7,4],[-3,4],[-3,3],[-3,1],[-3,-2],[-1,-4],[-2,-4],[-2,0],[-2,4],[-4,11],[-10,20],[-1,5],[-3,6],[-7,4],[-3,-2],[-3,-3],[-3,-2],[-3,0],[-2,2],[-2,5],[-4,7]],[[8964,6431],[2,15],[-1,27],[-2,20],[-6,21],[-14,4],[-16,16],[2,7],[3,3],[3,3],[3,5],[21,73],[7,58],[9,45],[-1,44],[-3,52],[-4,46],[-11,32],[-10,18],[-12,24],[-15,19],[-11,8],[6,10],[9,-6],[15,-21],[18,-11],[9,-7],[0,-11],[17,1],[40,-18],[20,11],[-12,1],[-11,4],[-29,22],[-3,7],[-3,11],[0,12],[0,10],[2,8],[4,4],[0,6],[-6,4],[-4,9],[-1,12],[3,9],[-7,2],[-7,-26],[-8,-5],[0,-5],[8,-2],[5,-12],[0,-13],[-4,-6],[-9,1],[-8,3],[-14,12],[-15,9],[-20,-6],[-18,-34],[3,-4],[-22,-15],[-39,-8],[-8,-5],[-7,-8],[-7,-2],[-10,5],[-2,0],[-1,4],[0,6],[1,5],[1,3],[3,7],[12,19],[3,26],[0,39],[-10,38],[-12,32],[-6,24],[8,7],[18,4],[17,2],[9,-8],[4,-10],[2,0],[-2,17],[6,5],[12,5],[6,2],[0,5],[6,11],[7,11],[11,14],[14,20],[2,2],[2,3],[2,1]],[[8908,7213],[4,2],[4,0]],[[8916,7215],[-1,-10],[2,-13],[3,-6],[4,-2],[5,1],[8,5],[4,4],[7,3],[4,-1],[4,-2],[3,-8],[12,-7],[2,0],[7,3],[6,13],[1,7],[5,22],[11,38],[3,1],[3,-2],[2,-4],[5,-5],[11,-6],[8,7],[6,5],[2,-2],[1,-4],[-1,-6],[0,-6],[-1,-6],[0,-7],[1,-7],[4,-9],[5,-2],[3,0],[11,-3]],[[2499,5724],[2,-17],[-6,-12],[-13,2],[-24,13],[-13,-6],[-7,0],[-3,9],[-2,10],[-5,9],[-3,9],[5,8],[8,13],[15,6],[15,1],[11,-2],[8,-9],[7,-15],[5,-19]],[[2234,6444],[51,-11],[6,3],[10,12],[6,2],[3,-2],[9,-11],[4,-4],[7,6],[40,21],[57,2],[15,-11],[10,-24],[1,-30],[-10,-26],[-15,-11],[-53,-11],[-18,-9],[-19,-3],[-18,2],[-9,-2],[-7,-5],[-11,11],[-10,7],[-23,10],[-35,2],[-48,59],[-14,32],[7,43],[31,5],[10,-5],[14,-19],[2,-7],[1,-10],[1,-8],[2,-6],[3,-2]],[[1291,6930],[3,-19],[-6,-9],[-12,0],[-31,7],[-9,-1],[-8,-4],[-15,-19],[-4,4],[-4,10],[-5,9],[-9,5],[-57,2],[-8,-7],[-26,40],[-9,25],[0,36],[12,18],[13,7],[28,-2],[16,-5],[40,-40],[14,-10],[1,-1],[5,-3],[7,-11],[5,-3],[8,-2],[26,-15],[18,-3],[7,-9]],[[1061,7004],[-5,-5],[-5,0],[-9,5],[-5,0],[-12,-6],[-5,0],[-9,7],[-10,26],[-8,12],[-19,18],[0,7],[13,4],[12,0],[5,2],[5,4],[4,6],[6,16],[4,6],[34,-26],[10,-14],[5,-37],[-3,-1],[-12,-9],[-4,-4],[2,-5],[1,-3],[2,-2],[3,-1]],[[1217,7172],[79,-49],[57,-51],[30,-18],[15,-13],[7,-15],[-7,-4],[-7,-2],[-16,1],[-6,4],[-13,11],[-12,4],[-7,4],[-7,6],[-5,7],[-6,6],[-11,-3],[-7,6],[-5,-6],[-4,3],[-7,15],[-5,5],[-41,23],[-7,8],[-8,22],[-3,3],[-3,-1],[-2,-1],[-1,0],[-4,2],[-1,3],[1,4],[-1,3],[-3,2],[-3,2],[-19,27],[-1,6],[0,10],[7,-5],[13,-14],[6,-3],[7,-2]],[[1688,7113],[-1,-7],[-3,-4],[-11,-8],[-10,6],[-27,1],[-9,11],[-5,-10],[-5,0],[-9,10],[-11,4],[-10,1],[-9,6],[-10,15],[-8,19],[-4,17],[-4,25],[9,20],[15,13],[14,4],[61,-6],[11,-8],[16,-16],[13,-19],[2,-16],[-1,-8],[3,-5],[4,-5],[1,-7],[-2,-3],[-9,-6],[-2,-3],[-1,-7],[2,-14]],[[1300,7483],[4,-4],[3,5],[6,-13],[13,-18],[7,-11],[2,-14],[-4,-10],[-8,-6],[-7,-1],[-8,0],[-8,3],[-8,5],[-7,9],[-4,14],[0,12],[7,25],[4,4],[4,2],[4,-2]],[[39,7808],[6,-1],[5,5],[7,-16],[4,-14],[0,-35],[-3,-19],[-7,-22],[-8,-15],[-7,8],[-7,-6],[-9,-1],[-8,2],[-6,5],[-3,11],[-3,16],[0,15],[4,9],[-2,14],[2,11],[3,13],[2,16],[3,13],[6,8],[8,4],[8,0],[-3,-11],[3,-6],[5,-4]],[[74,7946],[-13,-4],[0,5],[-7,25],[-1,4],[1,9],[3,8],[5,5],[5,1],[14,-5],[1,-24],[-8,-24]],[[6085,3],[0,-3],[-2,0],[0,4],[2,-1]],[[6152,91],[-2,-5],[-1,1],[-3,1],[-2,2],[0,1],[0,2],[1,1],[3,8],[4,-5],[0,-6]],[[5898,2052],[2,-21],[-14,39],[-3,8],[-3,7],[-1,9],[-1,10],[7,-11],[7,-19],[6,-22]],[[5668,2297],[11,-2],[11,4],[7,9],[6,4],[9,4],[15,3],[7,-4],[12,-16],[5,-3],[21,-27],[4,-5],[5,-2],[15,-1],[7,-3],[7,-7],[4,5],[4,2],[4,-2],[4,-5],[-7,-3],[-14,-11],[-5,-3],[-5,-6],[-13,-29],[-2,-7],[-7,-25],[-17,-11],[-19,-2],[-32,5],[-67,48],[-15,17],[-13,20],[-11,24],[-3,14],[-1,15],[2,12],[6,4],[3,4],[10,25],[3,3],[3,1],[3,-1],[4,-3],[4,-6],[10,-19],[4,-4],[2,0],[9,-5],[10,-11]],[[5968,2541],[8,-7],[3,6],[0,-25],[1,-9],[4,-6],[-14,4],[-6,0],[-5,-7],[-6,-11],[-4,-8],[-6,-2],[-8,7],[0,5],[4,1],[4,3],[2,6],[5,26],[8,13],[10,4]],[[9144,8530],[-3,-6],[0,-7],[-5,-10],[-9,1],[-2,-2],[-4,-6],[-2,-6],[-9,-19],[-2,-7],[-4,-6],[-3,-4],[-23,4],[-3,6],[0,5],[0,7],[1,9],[3,12],[2,6],[3,3],[1,1],[2,3],[0,2],[2,12],[1,5],[-1,6],[-4,14],[-3,16],[-4,0],[-6,-5],[-7,-7],[-3,-2],[-4,1],[-3,6],[-1,15],[0,8],[2,20],[-15,17],[-9,-21],[-1,-13],[-3,-9],[-14,2],[-44,71],[0,2]],[[8970,8654],[1,12],[7,37],[5,48],[2,3],[2,2],[0,-17],[0,-6],[8,21],[6,8],[5,-6],[3,0],[0,6],[-1,2],[-2,4],[-1,6],[1,4],[4,4],[2,-2],[2,-5],[2,-2],[4,2],[3,6],[5,14],[-6,6],[-4,10],[1,9],[8,4],[9,1],[7,5],[6,7],[6,9],[-6,-1],[-10,-8],[-9,-2],[-1,-2],[-3,0],[-9,6],[-3,7],[-3,23],[15,33],[-4,18],[0,-14],[-3,-11],[-3,-3],[-2,11],[-5,-17],[-5,-21],[-2,-23],[-1,-21],[-2,-13],[-4,-19],[-6,-18],[-5,-9],[39,280],[-1,19]],[[9022,9061],[1,0],[3,2],[18,4],[6,-7],[13,7],[6,7],[5,0],[4,-3],[3,-5],[6,-5],[4,1],[3,3],[2,11],[2,5],[7,12],[8,-13],[2,-5],[3,-9],[7,-9],[3,0],[2,4],[-1,5],[-2,5],[0,5],[0,4],[11,8],[8,-4],[19,21],[1,2],[2,9]],[[9168,9116],[24,-24],[2,-5],[1,-8],[-1,-6],[0,-18],[30,-22],[5,0],[5,1],[3,10],[1,3],[1,2],[6,7],[2,0],[2,-3],[0,-3],[0,-2],[0,-2],[-1,-4],[-12,-29],[-2,-9],[-2,-9],[1,-6],[2,-11],[2,-21],[3,-15],[0,-10],[-2,-5],[-4,-2],[-3,1],[-4,2],[-3,4],[-3,2],[-5,0],[-7,-6],[-5,-1],[-4,1],[-4,2],[-12,-2],[5,-25],[-1,-5],[-3,-9],[-9,-28],[-9,-16],[-9,-12],[-4,-10],[0,-4],[0,-4],[1,-5],[1,-5],[6,-9],[2,-7],[2,-6],[0,-23],[3,-11],[2,-2],[7,-5],[7,-9],[-17,-10],[-2,-4],[-3,-6],[1,-6],[4,-18],[3,-15],[2,-5],[2,-4],[3,-5],[5,-13],[-22,-14],[-9,-11],[-1,-4],[1,-6],[4,-11],[-1,-11],[-1,-7],[-12,-28],[2,-25]],[[8685,7745],[-4,-8],[1,9],[3,-1]],[[9233,8158],[-7,-25],[-4,-5],[-4,-4],[-3,-2],[-4,-2],[-4,-7],[-3,-7],[-2,-3],[-4,1],[-18,-9],[-2,-4],[-2,-4],[0,-5],[0,-5],[-3,-3],[-3,-7],[0,-4],[2,-9]],[[9172,8054],[-16,2],[-3,2],[-1,-4],[1,-6],[1,-16],[-1,-2],[-8,2],[-9,-6],[-5,-2],[-17,-10],[-7,-4],[0,4],[-1,5],[-1,7],[-3,19],[0,9],[-6,35],[-6,-3],[-5,-7],[-4,0],[-6,-3],[-19,-23],[-7,-6],[-5,-1],[-7,3],[-19,-13],[-2,-5],[-2,-8],[0,-6],[1,-15],[0,-9],[1,-7],[3,-4],[3,-4],[3,-7],[2,-13],[-2,-7],[-3,-5],[-3,-4],[-4,-4],[-8,-11],[3,-25],[1,-16],[5,-22],[-3,-6],[-10,-21],[-3,-2],[-4,0],[-3,2],[-3,1],[-2,-4],[-1,-6],[1,-6],[3,-9],[0,-2],[0,-2],[0,-3],[-1,-6],[-6,-6],[-19,3],[-26,-3],[-12,-8],[-5,-9],[-13,-42],[-4,-8],[-3,-4],[-8,-3],[-8,-24],[-2,-10],[2,-14],[1,-27]],[[8887,7645],[-11,4],[-7,6],[-6,1],[-5,-1],[-2,-2],[-4,-4],[-9,-16],[-9,-26],[-8,-15],[-9,-11],[-6,9],[-9,50],[-3,10],[-3,6],[-3,3],[-2,-1],[-5,2],[-4,-4],[-16,-16],[-16,0],[-4,-1]],[[8746,7639],[-2,20],[-5,16],[-14,24],[-3,9],[4,2],[18,-8],[30,31],[7,10],[8,2],[5,-10],[4,-2],[5,8],[-3,11],[-7,10],[7,16],[9,17],[3,9],[7,8],[12,12],[6,16],[4,13],[8,23],[1,14],[-1,16],[5,22],[2,31],[32,135],[36,168]],[[8924,8262],[2,-2],[11,-7],[3,-4],[6,-4],[13,-5],[4,1],[4,6],[10,7],[21,-4],[7,0],[9,-4],[5,-5],[6,-9],[4,-9],[1,-2],[3,-1],[4,0],[2,2],[1,2],[7,16],[2,4],[3,2],[3,0],[3,0],[2,-2],[3,-5],[3,-18],[0,-8],[0,-13],[1,-6],[1,-4],[2,-3],[3,3],[7,15],[11,10],[13,18],[8,-1],[1,4],[3,-1],[3,-4],[6,-17],[3,-16],[2,-11],[-1,-7],[-2,-5],[-3,-4],[-2,-2],[3,-2],[3,0],[17,10],[14,25],[4,1],[6,-4],[3,0],[3,4],[1,7],[-2,5],[-5,7],[-1,3],[-1,6],[0,5],[6,15],[17,25],[12,-8],[12,26],[5,-5],[3,-3],[2,-6],[2,-6],[-3,-23],[1,-14],[17,-43],[-5,-5],[-2,-4],[-1,-8],[1,-4],[0,-4],[1,-1],[-2,-10]],[[9212,9718],[-1,-1],[-5,0],[-38,-32],[-10,-6],[-35,-2],[-6,-2],[-5,-4],[-3,-3],[-7,-9],[-7,-4],[-3,0],[-4,1],[-3,-1],[-2,-2],[-3,-6],[-1,-6],[-1,-6],[-1,-13],[-1,-6],[-1,-6],[-3,-5],[-2,-6],[-1,-4],[2,-9],[-7,-20],[-3,1],[-4,1],[-4,4],[-8,2],[-12,7],[-3,3],[-2,-2],[-1,-3],[-4,-4],[-3,-2],[-20,-1],[-30,-16],[-3,-1],[-8,2],[-2,0]],[[8957,9557],[0,10],[-4,15],[0,19],[1,10],[9,5],[24,6],[7,5],[7,8],[5,8],[-44,-21],[-9,-2],[-5,1],[-8,7],[-7,27],[0,24],[3,37],[-3,24],[2,8],[3,8],[28,37],[14,23],[4,31],[5,5],[9,7],[10,5],[8,8],[3,8],[5,18],[3,9],[7,7],[7,3],[14,0],[8,5],[13,14],[8,5],[61,15],[7,6],[10,14],[4,4],[3,1],[7,0],[7,5],[12,13],[4,-8],[3,-12],[-1,-36],[1,-13],[5,-6],[6,2],[8,5],[8,1],[7,-5],[7,-9],[3,-12],[-1,-14],[-4,-11],[-7,-8],[-11,-12],[-12,-17],[-15,-35],[-4,-15],[-1,-16],[5,-14],[14,-9],[3,-7],[1,-10],[-2,-20]],[[9636,6725],[5,-8],[6,-1],[10,4],[10,7],[5,11],[2,-1],[1,0],[11,5],[11,2],[5,-7],[1,-1],[-4,-24],[-3,-12],[-5,-28],[-8,-25],[-3,-25],[-4,-10],[-3,-20],[-10,-2],[-23,15],[-7,1],[-3,-6],[-4,-17],[-4,-9],[-3,-3],[-6,-3],[-4,-4],[-5,1],[-5,3],[-6,0],[-4,-4],[-13,-5],[-2,-4],[0,-7],[1,-8],[0,-8],[-2,-15],[-9,-38],[-4,-29],[-11,-32],[-37,-50],[-7,-17],[-5,-25],[-4,-40],[-2,-12],[-2,-7],[-11,-18],[-4,-4],[1,-5],[0,-4],[-1,-4],[0,-4],[-4,-8],[-2,-3],[0,-9],[1,-1],[2,0],[2,-11],[0,-6],[1,-5]],[[9477,6185],[0,-1],[-10,-3],[-11,0],[-8,-7],[-8,-12],[-5,-5],[-3,-2],[-3,2],[-5,2],[-3,2],[-21,0],[-31,-21],[-7,-8],[-3,-3],[-2,-3],[-2,0],[-8,-6],[-3,-2],[-2,-2],[-1,-6],[-6,-1],[-7,-7],[-1,-5],[-2,-5],[-5,-6],[-11,-3],[-5,0],[-13,-3],[-6,-6],[-1,-6],[-1,-5],[1,-4],[3,-6],[0,-4],[-2,-2],[-14,-12],[-9,-12],[-6,-5],[-5,0],[-15,3],[-8,0],[-12,6],[-28,34],[-6,5],[-5,10],[-1,5],[-1,11],[-3,10],[-10,5],[-7,-2],[-4,-4],[-4,2],[-4,-1],[-9,-3],[-15,-9],[-2,-2],[-2,-6],[-1,-6],[-2,-8],[-7,-5],[-7,-5],[-17,5],[-6,4],[-15,15],[-5,1],[-16,-4],[-3,-2],[-2,-5],[-2,-4],[-2,-3],[-4,1],[-2,4],[-11,8],[-16,1],[-3,3],[-4,6],[-3,6],[-7,9],[-6,3],[-8,8],[-4,5]],[[8962,6119],[1,11],[3,23],[1,37],[-3,20],[-4,13],[-5,10],[-1,11],[6,36],[1,23],[4,21],[5,4],[12,4],[2,19],[0,4],[-4,-6],[-9,-4],[-10,0],[-3,14],[3,42],[3,30]],[[9219,6835],[2,8],[29,-1],[9,2],[6,-2],[2,-1],[5,-9],[4,-5],[3,-2],[4,0],[9,8],[4,-1],[3,-1],[12,-8],[9,-18],[34,-24],[20,-4],[10,-6],[26,-24],[6,-2],[26,-1],[7,-3],[9,-5],[18,-1],[5,2],[0,6],[6,14],[6,11],[12,9],[0,3],[7,6],[1,3],[4,5],[3,8],[2,8],[0,5],[1,6],[12,6],[13,11],[4,2],[2,0],[10,7],[4,0],[2,-1],[1,-3],[1,-2],[0,-4],[1,-3],[2,-4],[2,-4],[1,-6],[1,-6],[1,-7],[2,-5],[8,-13],[10,-8],[3,-5],[1,-5],[0,-6],[5,-17],[1,-6],[3,-12],[4,-5],[5,-6],[6,-1],[4,2],[2,4],[2,1]],[[9592,7205],[-17,-23],[-1,-3],[-4,-11],[-1,-6],[-3,-28],[0,-19],[0,-9],[0,-6],[2,-5],[3,-3],[2,-3],[2,-6],[-3,-12],[-16,-39],[-7,-41],[-4,-10],[4,-11],[0,-9],[-4,-10],[-6,-9],[6,-5],[11,-13],[42,-89],[2,-4],[2,-11],[2,-6],[3,-4],[7,-8],[2,-4],[16,-67],[4,-6]],[[9066,7206],[19,26],[18,6],[4,5],[8,13],[4,2],[5,-1],[3,2],[2,2],[2,3],[1,4],[1,5],[1,4],[3,0],[7,-4],[5,-1],[5,3],[3,0],[3,-1],[2,2],[1,4],[1,4],[3,0],[3,-3],[11,-19],[3,-4],[13,-4],[4,-3],[2,-4],[2,-5],[0,-5],[2,-3],[2,-1],[2,1],[2,-2],[2,-10],[2,-4],[6,-6],[7,11],[2,11],[0,8],[-3,4],[-3,2],[-3,1],[-7,11],[-2,8],[0,6],[2,14],[-2,7],[-2,2],[-5,1],[-20,15],[-3,3],[-3,5],[-1,6],[1,6],[3,4],[2,5],[2,7],[1,9],[0,14],[1,7],[2,5],[2,1],[5,0],[3,4],[3,10]],[[9205,7399],[8,11],[7,5],[3,3],[3,1],[11,1],[6,-4],[0,-4],[-1,-5],[-2,-11],[2,-11],[3,-5],[2,1],[1,5],[0,5],[1,5],[0,2],[1,1],[4,3],[6,1],[4,-2],[2,-1],[0,-1],[9,-16],[1,-7],[1,-12],[-1,-9],[2,-2],[9,-2],[4,1],[3,3],[3,4],[2,5],[7,7],[8,3],[5,-6],[18,-40],[11,-12],[4,-1],[5,0],[3,0],[9,0],[12,8],[4,6],[7,13],[3,-1],[6,-6],[3,-1],[4,3],[4,0],[4,-1],[9,-6],[3,2],[2,1],[2,3],[2,6],[2,6],[6,8],[6,3],[8,3],[6,4],[4,4],[2,6],[0,5],[-2,5],[-3,6],[6,6],[2,0],[1,1],[0,-1],[2,-7],[16,-11],[7,-10],[2,-8],[1,-15],[1,-5],[0,-8],[9,-13],[3,-16],[1,-11],[6,-14],[-2,-12],[3,-7],[5,-15],[3,-6],[6,-6],[7,1],[2,-2],[6,3],[8,14],[9,12],[11,6],[8,1],[5,-4],[4,-5],[2,-5],[0,-12],[-1,-5],[-6,-15],[0,-4],[-1,-8],[3,-5],[0,-1]],[[9322,5734],[0,-4],[-2,1],[0,9],[2,-3],[0,-3]],[[9339,5733],[-7,-8],[-10,-4],[-11,0],[-10,6],[0,6],[21,-5],[8,5],[9,16],[1,-2],[1,-3],[1,-6],[-2,-3],[-1,-2]],[[9332,5743],[-6,-3],[-3,5],[-2,1],[1,2],[2,0],[1,0],[4,2],[2,-1],[0,-2],[-2,0],[-1,-2],[2,-1],[2,-1]],[[9477,6185],[4,-9],[3,-5],[6,-10],[3,-5],[2,-15],[3,-20],[1,-18],[-1,-10],[7,-25],[3,-66],[4,-27],[-3,-12],[2,-19],[6,-36],[1,-4],[1,-4],[1,-2],[3,-2],[0,-5],[-3,-6],[-7,8],[-8,4],[-9,1],[-9,-2],[-9,-6],[-16,-18],[-6,-4],[-24,-25],[-3,-7],[-60,-68],[-13,-20],[-6,0],[-6,4],[-9,3],[-24,1],[-7,4],[-4,-9],[-4,1],[-5,5],[-4,3],[4,-10],[1,-5],[1,-7],[-9,22],[-14,20],[-29,26],[-16,6],[-13,9],[-13,-1],[-32,-7],[-14,8],[-15,9],[-12,-9],[-17,-4],[-18,11],[0,-2],[-22,20],[-17,5],[-18,-2],[-6,-3],[-5,-6],[-13,-23],[-24,0],[-5,-2],[-10,-11],[-6,-4],[-6,0],[-9,-5],[-9,-13],[-8,6],[-7,-12],[-3,-4],[-4,-3],[-8,-11],[-4,-3],[-7,4],[-4,7],[-4,5],[-6,-4],[3,23],[2,11],[2,5],[15,41],[6,22],[5,20],[-3,24],[7,12],[9,16],[6,36],[-3,14],[-3,13],[6,21],[11,21],[2,20],[7,27],[4,26]],[[8863,7260],[-7,-12],[-3,2],[4,14],[4,12],[4,8],[2,4],[2,1],[2,2],[0,-5],[-2,-12],[-6,-14]],[[8884,7284],[-6,-4],[-3,7],[2,11],[3,3],[2,-3],[3,-7],[-1,-7]],[[8877,7311],[-3,-4],[1,13],[3,12],[2,-5],[-3,-16]],[[8908,7213],[0,5],[-4,11],[-5,17],[-2,16],[3,13],[-10,-1],[-4,13],[-2,20],[-4,20],[17,58],[11,26],[14,17],[8,3],[17,3],[7,5],[15,17]],[[8969,7456],[0,-4],[-1,-3],[-2,-2],[-8,-16],[-15,-7],[1,-7],[5,-6],[-8,-18],[-2,-9],[-4,-8],[-4,-14],[-14,-60],[-6,-19],[-3,-6],[-5,-10],[0,-10],[7,-14],[1,-4],[2,-5],[3,-19]],[[8887,7645],[5,-20],[-1,-12],[28,-13],[16,8],[3,-12],[20,-32],[-5,-8],[-7,-3],[-12,1],[-4,-3],[-6,-6],[0,-5],[2,-5],[3,-2],[3,-4],[3,-10],[2,-5],[11,-17],[3,-4],[8,-5],[2,-3],[2,-3],[2,-5],[3,-11]],[[8968,7466],[-18,-21],[-34,-6],[-5,-7],[-8,-24],[-19,-45],[-22,-71],[-13,-23],[-4,-11],[-2,-13],[0,-16],[1,-27],[2,-20],[-6,-20],[-20,-10],[-23,-6],[-26,4],[-7,-9],[-7,-15],[-16,16],[-17,12],[-10,3],[-17,-4],[-8,4],[0,17],[3,14],[-5,36],[0,17],[2,8],[5,10],[9,16],[13,67],[-1,49],[-4,32],[4,18],[2,22],[15,46],[5,22],[8,30],[2,31],[2,26],[-3,21]],[[9461,7957],[3,-12],[13,-57],[7,-11],[12,-25],[6,-10],[14,-11],[3,-8],[4,-18],[6,-8],[9,-6],[16,-7],[3,-9],[0,-17],[-2,-19],[-3,-12],[-2,-12],[0,-18],[2,-17],[3,-10],[8,-10],[19,-39],[-5,-15],[-1,-17],[4,-17],[5,-12],[10,-9],[11,-5],[9,-7],[5,-16],[-1,-8],[-4,-16],[1,-7],[4,-7],[6,-5],[6,-1],[4,3],[10,9],[11,2],[10,-5],[9,-10],[7,-10],[5,-15],[3,-16],[-3,-14],[4,-6],[1,-7],[-2,-9],[-4,-8],[-13,-42],[-9,-20],[-9,-11],[6,-17],[-2,-12],[0,-12],[-3,-4],[-5,-6],[-5,-8],[-6,-5],[-19,-7],[-4,-5],[-2,-8],[-5,-10],[-7,-9],[-6,-4],[-6,-8]],[[9205,7399],[-18,9],[-5,8],[-1,6],[-1,6],[-3,9],[-4,6],[-3,6],[-1,7],[-1,8],[-4,6],[-4,4],[-9,7],[0,14],[11,29],[6,9],[22,26],[23,35],[10,12],[4,18],[5,8],[4,2],[8,-3],[6,2],[3,4],[1,4],[2,4],[9,19],[6,14],[2,6],[1,11],[3,4],[19,21],[8,20],[-1,5],[-1,6],[-7,8],[-15,26],[8,36],[8,20],[8,10],[5,4],[8,-4],[16,-14],[5,-8],[1,-2],[2,2],[2,2],[7,15],[3,4],[9,8]],[[9362,7858],[5,10],[6,13],[7,11],[7,5],[3,5],[4,13],[5,14],[6,7],[9,-1],[7,-5],[7,-2],[9,11],[5,8],[7,8],[8,4],[4,-2]],[[9172,8054],[3,-13],[4,-4],[5,-2],[5,-4],[2,-4],[2,-5],[0,-4],[0,-4],[0,-4],[0,-15],[-2,-8],[0,-16],[1,-29],[4,-11],[22,-14],[10,-11],[9,0],[14,2],[8,5],[0,4],[0,6],[-3,13],[-1,8],[2,11],[3,8],[5,43],[2,6],[8,2],[13,-7],[10,0],[2,-4],[1,-5],[1,-6],[0,-6],[1,-6],[0,-13],[0,-13],[1,-6],[2,-3],[5,-2],[4,-1],[9,-4],[5,-8],[8,-7],[8,-16],[8,-21],[2,-6],[3,-14],[4,-8]],[[8969,7456],[6,11],[4,12],[-11,-13]],[[9293,9353],[-1,-9],[-1,-3],[-1,-4],[-2,-3],[-2,-2],[-3,-4],[-1,-3],[-3,-3],[-3,-4],[-3,-2],[-4,0],[-4,5],[-9,8],[-4,-2],[-13,9],[-14,17],[1,7],[-2,5],[-8,13],[-20,12],[-6,-15],[-8,-9],[-12,-9],[-3,-1],[-9,-6],[-3,0],[-5,6],[-3,2],[-17,-4],[-12,-5],[-10,3],[-3,3],[-3,3],[-5,0],[-7,-3],[-7,-7],[-3,-4],[-3,-4],[-3,-1],[-3,-2],[-23,0],[-4,-1],[-1,0],[-3,2],[-2,6],[-2,11],[0,7],[2,6],[4,2],[3,2],[1,4],[-2,5],[-3,6],[-5,1],[-6,5],[-6,12],[-3,4],[-3,5],[-4,2],[-10,1],[-10,7],[-10,9],[-9,0]],[[8975,9433],[0,1],[-5,19],[-1,17],[-1,11],[-1,14],[-6,25],[-1,19],[-3,13],[0,5]],[[9212,9718],[0,-2],[34,-3],[18,8]],[[9264,9721],[1,-2],[0,-4],[-1,-5],[-2,-5],[-2,-6],[-3,-24],[-4,-10],[-3,-17],[-2,-8],[-2,-5],[-9,-16],[5,-1],[5,2],[3,1],[3,1],[3,0],[3,-1],[3,0],[8,6],[2,0],[3,-2],[10,-11],[2,-2],[1,-5],[-1,-11],[-1,-7],[-2,-37],[8,-6],[5,-1],[4,-3],[4,-3],[15,-5],[5,0],[12,5],[8,15],[4,-4],[2,-3],[7,-19],[-1,-10],[-16,-37],[-5,-8],[-7,-6],[-1,-2],[-3,-10],[-4,-6],[-3,1],[-2,0],[-2,-2],[-3,-8],[-4,-20],[2,-6],[-1,-4],[-1,-6],[-6,-15],[-1,-6],[-2,-2],[-1,-1],[-1,-3],[1,-5],[0,-5],[-4,-14]],[[9711,9087],[-6,3],[-17,1],[-36,28],[-4,9],[-3,11],[-2,11],[0,7],[2,8],[0,6],[-3,2],[-3,1],[-3,2],[-2,4],[-2,3],[2,6],[4,17],[-5,-3],[-15,-17],[-3,-8],[-8,-1],[-13,6],[-31,-4]],[[9563,9179],[-11,-1],[-13,7],[-5,7],[-12,27],[-6,7],[-6,0]],[[9510,9226],[2,11],[1,4],[2,4],[4,3],[5,1],[2,2],[-1,4],[0,6],[0,6],[2,11],[3,8],[4,7],[1,3],[-1,5],[1,9],[7,11],[14,7],[-10,9],[-3,6],[-3,12],[-2,16],[0,41],[13,15],[4,3],[3,3],[4,7],[3,13],[4,14],[4,7],[4,2],[3,1],[4,1],[3,3],[1,4],[0,5],[-2,6],[-2,5],[-2,6],[-1,6],[-1,11],[2,22],[13,69],[10,32],[3,6],[2,2],[3,4],[1,5],[-1,11],[0,7],[-7,16],[-4,15],[-1,8],[-1,14],[1,17],[1,9],[-2,16],[-1,4]],[[9599,9781],[5,10],[0,13],[-2,27],[1,11],[3,5],[6,7],[7,7],[5,1],[13,-12],[12,-17],[13,-9],[14,10],[9,11],[4,-3],[6,-5],[9,-11],[11,-4],[25,3],[10,9],[2,25],[12,-3],[15,-35],[12,-6],[28,2],[14,7],[5,17],[10,-6],[5,-10],[2,-14],[-3,-35],[3,-6],[7,-2],[10,-5],[-4,-16],[-10,-67],[-2,-8],[-3,-7],[-2,-7],[1,-8],[3,-7],[2,-7],[1,-16],[2,-16],[5,-13],[11,-7],[5,2],[6,5],[5,6],[3,5],[2,4],[6,-1],[32,-10],[20,-11],[18,-18],[16,-28],[6,-12],[4,-8],[-19,-44],[-10,-17],[-3,-8],[0,-6],[1,-6],[0,-5],[-15,-38],[0,-7],[-12,-2],[-6,-3],[-5,-7],[1,0],[0,-5],[0,-7],[-1,-4],[-2,-1],[-5,2],[-1,-1],[-13,-32],[-13,-20],[-7,-10],[-6,-6],[-23,-16],[-4,-4],[-26,-1],[-7,-2],[-4,-8],[-14,-33],[-3,-12],[-3,-7],[-14,-19],[-5,-10],[-1,-6],[0,-21],[-3,-15],[-16,-36],[-5,-9],[-11,-2],[-24,4],[-9,-7]],[[9705,8433],[-5,-1],[-17,-18],[-7,-5],[-3,-8],[-4,-19],[-4,-10],[4,-12],[2,-28],[5,-11],[5,-2],[11,-3],[4,-2],[4,-6],[5,-14],[9,-18],[16,-46],[-6,-18],[-2,-8],[0,-9],[-1,-8],[-3,-20],[-1,-3],[-4,-5],[-1,-4],[0,-4],[2,-9],[0,-4],[-1,-7],[0,-14],[-2,-8],[-10,-24],[-4,-4],[-9,-6],[-3,-4],[-3,-11],[1,-9],[2,-7],[0,-7],[-1,-8],[-5,-14],[-2,-7],[0,-8],[1,-6],[1,-6],[-5,-17],[-6,-4],[-59,-12],[-12,1],[-9,8],[-6,-3],[-16,1],[-8,-3],[-6,-4],[-6,-3],[-86,7],[1,-2]],[[9233,8158],[7,10],[1,5],[3,3],[1,2],[6,1],[4,8],[9,4],[7,0],[1,3],[1,4],[0,5],[3,1],[5,1],[2,3],[2,2],[4,1],[3,0],[2,-2],[2,-1],[2,2],[5,12],[3,3],[3,1],[8,1],[4,4],[0,4],[-2,11],[2,7],[5,9],[9,7],[6,2],[5,0],[3,-2],[4,-2],[8,-11],[1,17],[-1,14],[2,5],[2,2],[2,-1],[1,-3],[1,-3],[3,-1],[4,1],[8,8],[3,6],[2,4],[0,5],[0,5],[0,5],[-2,9],[-11,12],[-7,13],[-4,6],[-2,5],[-2,11],[1,6],[9,32]],[[9371,8414],[7,6],[7,1],[5,3],[15,18],[11,7],[10,10],[9,15],[7,18],[10,-6],[14,5],[4,5],[2,5],[3,12],[1,5],[6,15],[20,31],[15,-21],[10,-4],[4,0],[13,6],[8,16],[4,1],[4,1],[7,2],[3,-1],[4,-3],[-3,-49],[-5,-22],[-3,-6],[-4,-6],[-4,-9],[-1,-6],[1,-5],[1,-2],[3,-3],[2,-1],[5,-2],[8,-3],[10,-4],[18,11],[19,0],[5,3],[3,4],[1,6],[2,7],[2,6],[4,6],[3,-1],[2,-4],[2,-6],[4,-11],[3,-5],[9,-3],[10,1],[6,3],[4,-1],[2,-1],[10,-8],[7,-6],[4,-8],[1,-3]],[[8949,8344],[5,-3],[12,-10],[-8,-7],[-4,1],[-6,9],[-1,4],[-1,6],[1,-2],[2,2]],[[9144,8530],[5,-3],[4,-5],[12,-6],[9,-10],[6,-9],[7,-5],[3,-5],[2,0],[1,3],[1,3],[1,4],[1,4],[1,2],[17,5],[23,-6],[31,36],[21,14],[18,20],[7,6],[9,23],[14,16],[4,9],[4,4],[9,3]],[[9354,8633],[4,-18],[2,-3],[3,-6],[0,-6],[-2,-8],[-2,-5],[-3,-3],[-4,-2],[-2,-4],[-2,-6],[3,-8],[4,-3],[7,-3],[2,-3],[-1,-8],[4,-30],[2,-6],[6,-8],[1,-5],[-1,-5],[-9,-10],[-3,-7],[-3,-8],[-2,-13],[-4,-16],[10,-10],[7,-15]],[[8924,8262],[14,64],[6,12],[4,-11],[7,-5],[16,-1],[0,6],[-7,10],[-6,7],[-7,4],[-18,4],[-7,7],[-4,12],[0,17],[5,24],[12,38],[26,164],[5,40]],[[9711,9087],[-1,-15],[-5,-11],[1,-11],[4,-9],[13,-21],[5,-15],[9,-33],[3,-17],[3,-7],[6,-3],[5,-5],[2,-10],[-2,-11],[-6,-3],[-1,-21],[0,-5],[2,-9],[-1,-5],[-1,-4],[0,-8],[0,-16],[0,-12],[5,-27],[4,-28],[0,-14],[0,-10],[-2,-14],[-10,-27],[-2,-13],[1,-14],[3,-9],[5,-7],[4,-11],[2,-15],[-1,-10],[-9,-21],[-8,-28],[3,-27],[9,-24],[13,-20],[-7,-20],[-3,-6],[-17,-20],[-3,-4],[-1,-7],[-1,-7],[0,-6],[-1,-5],[-7,-8],[-8,-1],[-8,1],[-3,-1]],[[9354,8633],[4,7],[12,3],[4,2],[10,12],[12,6],[13,15],[16,10],[27,7],[-2,17],[10,45],[5,11],[2,20],[-7,15],[-9,9],[-4,12],[5,9],[1,4],[0,6],[-1,6],[-2,5],[-10,12],[-4,7],[0,6],[1,5],[5,10],[4,13],[5,23],[1,3],[3,5],[5,4],[10,-2],[4,-2],[6,-7],[13,-23],[2,-3],[3,-6],[7,0],[4,9],[9,33],[0,9],[-1,8],[-2,5],[-1,16],[5,5],[15,-6],[12,18],[4,15],[0,8],[-1,7],[-2,5],[-3,2],[-4,4],[-3,4],[-3,10],[-1,4],[2,4],[9,-1],[5,6],[-2,22],[2,15],[3,25],[11,53]],[[9293,9353],[7,-13],[0,-8],[0,-7],[3,-7],[6,-5],[11,-12],[-2,-11],[2,-12],[6,-20],[6,-6],[1,-1],[-5,-33],[-1,-20],[-2,-19]],[[9325,9179],[-17,-18],[-49,-26],[-11,-2],[-40,5],[-13,-5],[-27,-17]],[[9022,9061],[0,12],[-4,55],[0,29],[7,12],[0,5],[-15,5],[-7,23],[-6,28],[-7,24],[2,10],[-1,10],[-2,9],[-2,10],[0,25],[-2,8],[-3,2],[-1,9],[-2,9],[-6,14],[-2,12],[0,11],[0,23],[4,27]],[[9325,9179],[21,21],[8,1],[6,-3],[9,-15],[5,-6],[7,-3],[7,-1],[8,2],[7,4],[11,12],[6,5],[7,1],[1,0],[16,-3],[19,4],[47,28]],[[9264,9721],[13,21],[4,10],[5,8],[6,4],[6,-2],[8,1],[3,10],[2,14],[2,10],[8,4],[1,-22],[3,-24],[13,0],[2,5],[2,5],[2,5],[4,2],[11,-1],[24,9],[12,9],[6,-2],[11,-13],[7,-5],[21,-1],[-6,-26],[0,-8],[7,-6],[7,-1],[8,2],[8,5],[6,6],[3,6],[0,6],[1,5],[3,4],[3,0],[6,-7],[4,0],[5,-3],[5,-11],[4,-15],[2,-13],[5,7],[10,17],[5,6],[6,2],[15,-1],[7,2],[28,15],[13,13],[4,8]]],"transform":{"scale":[0.0025081462417241712,0.0012125599964890141],"translate":[-31.284901495999918,30.029242255000057]},"bbox":[-31.284901495999918,30.029242255000057,-6.205947224999932,42.15362965989371]}