{"type":"Topology","objects":{"subunits":{"type":"GeometryCollection","geometries":[{"type":"MultiPolygon","id":"Windward Islands","arcs":[[[0]],[[1]],[[2]],[[3]]]},{"type":"MultiPolygon","id":"Leeward Islands","arcs":[[[4]],[[5]],[[6]],[[7]],[[8]],[[9]],[[10]],[[11]]]},{"type":"MultiPolygon","id":"Tuamotu-Gambier","arcs":[[[12]],[[13]],[[14]],[[15]],[[16]],[[17]],[[18]],[[19]],[[20]],[[21]],[[22]],[[23]],[[24]],[[25]],[[26]],[[27]],[[28]],[[29]],[[30]],[[31]],[[32]],[[33]],[[34]],[[35]],[[36]],[[37]],[[38]],[[39]],[[40]],[[41]],[[42]],[[43]],[[44]],[[45]],[[46]],[[47]],[[48]],[[49]],[[50]],[[51]],[[52]],[[53]],[[54]],[[55]],[[56]],[[57]],[[58]],[[59]],[[60]],[[61]],[[62]],[[63]],[[64]],[[65]],[[66]],[[67]],[[68]],[[69]],[[70]],[[71]],[[72]],[[73]],[[74]],[[75]],[[76]]]},{"type":"MultiPolygon","id":"Austral Islands","arcs":[[[77]],[[78]],[[79]],[[80]],[[81]]]},{"type":"MultiPolygon","id":"Marquesas Islands","arcs":[[[82]],[[83]],[[84]],[[85]],[[86]],[[87]],[[88]]]}]}},"arcs":[[[2056,5065],[-3,-6],[-5,5],[6,7],[2,-6]],[[2732,5042],[20,-6],[41,-4],[11,-13],[6,-23],[-3,-22],[-18,-12],[-8,1],[-27,8],[-8,4],[-16,20],[-13,23],[-5,17],[-2,4],[-5,0],[-3,-4],[-2,-4],[-2,-3],[-11,-1],[-29,-9],[-11,-1],[-8,2],[-16,6],[-29,4],[-6,3],[-8,30],[-4,5],[-5,3],[-5,9],[-3,10],[-2,9],[5,25],[14,14],[20,8],[23,5],[22,3],[23,-4],[22,-8],[17,-12],[5,-5],[4,-7],[3,-8],[1,-9],[-1,-34],[1,-10],[12,-14]],[[2488,5160],[-10,-22],[-8,-14],[-11,-9],[-9,1],[-12,6],[-15,10],[-12,11],[-3,11],[5,5],[9,4],[9,1],[4,-5],[2,-5],[5,0],[3,2],[1,1],[4,1],[4,2],[4,1],[5,-4],[2,6],[4,4],[6,1],[8,0],[5,-3],[0,-5]],[[2596,5410],[-7,-7],[0,2],[0,2],[1,3],[4,2],[2,0],[2,1],[-2,-3]],[[396,5489],[-2,0],[-5,6],[-5,16],[-3,7],[3,0],[3,-2],[2,-4],[0,-6],[3,-4],[3,-8],[1,-5]],[[1884,5505],[-2,-5],[-5,2],[-1,-4],[-2,-2],[-3,-1],[-4,0],[-9,7],[-3,3],[-2,5],[3,7],[6,2],[6,0],[3,2],[1,4],[5,-1],[4,-3],[3,-6],[1,-4],[-1,-6]],[[1689,5471],[-18,-9],[-7,-2],[-5,3],[-3,0],[-1,-5],[-1,-2],[-3,-2],[-5,-1],[-4,0],[-10,7],[-5,16],[-4,47],[2,7],[6,6],[8,1],[9,-2],[8,-3],[3,-4],[6,-13],[30,-40],[-6,-4]],[[1856,5524],[-6,-2],[-3,7],[-1,6],[2,6],[4,12],[4,6],[3,1],[1,-8],[10,-17],[-1,-2],[-4,-2],[-4,-3],[-5,-4]],[[1633,5611],[-2,-1],[10,0],[5,-1],[2,-1],[1,-2],[3,-4],[0,-3],[-2,-2],[-3,-3],[-5,-2],[-1,-16],[-2,-7],[-4,2],[-5,3],[-27,11],[-3,3],[0,3],[2,18],[7,6],[10,2],[16,0],[-2,-6]],[[1495,5655],[1,-11],[-8,0],[-7,7],[-4,10],[2,8],[8,2],[5,-5],[3,-11]],[[1244,5686],[-6,-4],[-4,2],[1,3],[9,-1]],[[93,6001],[-3,-2],[-2,0],[3,4],[1,6],[-1,4],[-2,3],[-5,1],[6,1],[3,-3],[1,-5],[0,-6],[-1,-3]],[[9995,2308],[-17,-22],[-5,1],[-5,2],[-8,4],[0,4],[11,1],[17,13],[11,3],[-4,-6]],[[9375,2849],[-5,-2],[11,11],[0,-2],[-1,-4],[-5,-3]],[[8022,2930],[-42,0],[11,4],[10,-1],[10,-3],[11,0]],[[7135,3013],[-14,-7],[-14,4],[-9,13],[2,15],[9,6],[10,-7],[16,-24]],[[9733,3114],[6,-10],[-35,21],[11,-1],[10,-4],[8,-6]],[[9272,3139],[1,-4],[-4,2],[-5,0],[-5,-1],[-4,-3],[4,6],[7,2],[6,-2]],[[9196,3195],[-7,-5],[5,5],[-1,4],[-3,1],[-4,1],[9,3],[3,-3],[-2,-6]],[[9141,3203],[1,-4],[-5,7],[-3,2],[4,0],[2,-1],[1,-4]],[[9090,3210],[-2,0],[-2,2],[1,0],[2,-1],[1,0],[0,-1]],[[9090,3220],[4,-3],[1,-6],[-1,0],[0,1],[-1,1],[0,1],[-3,2],[-1,2],[-2,0],[-4,-2],[4,4],[3,0]],[[7873,3472],[-2,-1],[6,3],[1,0],[-4,-2],[-1,0]],[[8177,3484],[12,-17],[4,-22],[-12,-10],[8,8],[1,6],[-12,30],[-2,3],[-2,1],[-10,-3],[3,2],[5,2],[2,0],[3,0]],[[7238,4052],[-7,-1],[8,6],[5,6],[-1,6],[-12,7],[3,2],[6,-3],[6,-5],[3,-5],[-1,-6],[-4,-5],[-6,-2]],[[7847,4210],[-5,-4],[2,4],[-1,2],[-1,3],[-1,2],[-4,1],[6,0],[4,-3],[0,-5]],[[8051,4244],[-2,-3],[-5,0],[-2,1],[-1,2],[5,1],[4,0],[1,-1]],[[6814,4290],[5,-8],[-2,-9],[-1,7],[-5,5],[-6,2],[-6,-2],[7,7],[8,-2]],[[7088,4327],[13,-6],[5,-10],[-13,-5],[8,9],[-6,6],[-11,1],[-9,-2],[13,7]],[[8051,4503],[0,-3],[-19,10],[4,0],[3,-1],[7,-2],[4,-3],[1,-1]],[[9232,4660],[16,-6],[16,-9],[7,-8],[26,-9],[13,-9],[-5,-11],[0,1],[1,2],[0,3],[-2,4],[-3,4],[-5,3],[-6,3],[-15,4],[-5,2],[-3,3],[-2,3],[-5,4],[-23,12],[-6,2],[-2,-3],[0,-4],[0,-2],[-2,2],[-1,2],[-1,2],[-3,1],[10,4]],[[7097,4691],[3,-7],[-1,2],[-4,5],[-7,7],[-29,13],[-9,7],[-4,5],[-2,3],[13,-10],[35,-19],[5,-6]],[[8967,4725],[6,-13],[-49,49],[13,-6],[16,-14],[14,-16]],[[7020,4799],[4,-14],[-13,18],[-24,17],[-12,21],[-6,6],[-22,18],[5,-3],[20,-9],[13,-23],[11,-11],[13,-9],[11,-11]],[[5885,4977],[7,-13],[-1,-1],[-2,2],[-3,4],[-1,6],[-2,-4],[-3,-3],[-2,0],[-3,2],[6,8],[4,-1]],[[7037,4965],[-8,0],[-8,2],[-5,3],[0,5],[2,7],[6,12],[10,10],[10,18],[19,11],[37,16],[10,7],[14,-1],[2,-10],[-4,-11],[-10,-8],[-15,-19],[-25,-13],[-16,-13],[-13,-13],[-6,-3]],[[6145,5099],[-9,-11],[6,10],[-38,35],[14,-7],[18,-13],[9,-14]],[[5708,5179],[5,-8],[-13,10],[-18,4],[9,1],[9,-2],[8,-5]],[[4705,5179],[12,-22],[-27,35],[8,-5],[7,-8]],[[6714,5209],[0,-3],[-1,2],[0,1],[-1,8],[-2,4],[-6,4],[-7,1],[-7,1],[11,1],[8,-3],[4,-8],[0,-2],[1,-6]],[[8225,5220],[4,-3],[-10,1],[-1,3],[-1,1],[2,4],[7,9],[10,4],[-14,-13],[-2,-4],[0,-1],[2,0],[3,-1]],[[4610,5239],[7,-30],[-4,6],[-2,7],[-1,7],[0,10]],[[5891,5399],[-3,-1],[-3,1],[-3,1],[-3,1],[-5,4],[-2,1],[-1,3],[5,0],[6,-2],[4,-4],[5,-4]],[[5375,5547],[9,-7],[5,-9],[1,-5],[-6,5],[-6,9],[-8,5],[-10,-9],[0,2],[0,2],[2,4],[13,3]],[[5326,5579],[4,-6],[-4,1],[-4,3],[-8,5],[2,3],[5,-2],[5,-4]],[[5699,5596],[10,-7],[17,-18],[-34,23],[-26,-1],[-23,2],[44,4],[12,-3]],[[5613,5591],[20,-3],[-25,2],[-20,16],[-21,11],[18,-4],[28,-22]],[[5505,5649],[3,-12],[-2,1],[-14,23],[-15,12],[-18,6],[-10,4],[2,0],[10,-3],[17,-2],[8,-4],[15,-16],[4,-9]],[[5289,5677],[-3,-8],[-1,10],[-1,3],[-15,18],[7,-5],[8,-8],[5,-10]],[[5200,5748],[-1,-3],[8,3],[8,-1],[7,-4],[5,-5],[-17,6],[-10,-2],[-4,7],[3,0],[1,-1]],[[4237,5841],[-5,-12],[-14,2],[-12,6],[-6,8],[8,11],[14,4],[11,-6],[4,-13]],[[4660,5741],[6,-6],[-10,5],[-14,29],[-12,14],[-12,25],[-7,26],[-8,12],[-4,25],[2,-9],[3,-12],[6,-10],[5,-4],[3,-6],[4,-27],[3,-6],[2,-4],[21,-23],[12,-29]],[[4599,5884],[-48,-3],[26,9],[13,2],[9,-8]],[[6184,5902],[-24,-46],[4,13],[6,12],[7,12],[7,9]],[[7377,5935],[9,-4],[-2,-8],[-3,8],[-13,0],[-15,-8],[10,10],[14,2]],[[4799,5963],[26,-27],[-35,32],[9,-5]],[[4455,5973],[0,-5],[-26,25],[18,-12],[8,-8]],[[7005,6003],[-10,-10],[-5,1],[-3,2],[0,3],[3,4],[14,2],[5,0],[-4,-2]],[[3271,5980],[-6,-1],[-11,7],[-4,11],[2,11],[7,4],[2,-3],[6,-12],[4,-4],[4,-5],[0,-4],[-4,-4]],[[4160,6002],[0,-3],[-4,10],[-3,4],[-4,4],[2,-1],[7,-5],[2,-6],[0,-3]],[[4880,5974],[1,-13],[-10,22],[-27,41],[-15,10],[13,-2],[8,-9],[13,-23],[13,-16],[4,-10]],[[5102,6040],[-6,-4],[-5,0],[-3,3],[-2,4],[1,5],[9,1],[5,-4],[1,-5]],[[4691,6171],[-3,-4],[-10,8],[-33,5],[-13,10],[34,-12],[13,-2],[6,0],[5,-2],[1,-3]],[[4306,6237],[-5,-15],[2,9],[2,12],[-2,4],[-2,4],[-2,1],[-5,3],[2,0],[4,-2],[2,-1],[2,-3],[2,-6],[0,-6]],[[4099,6289],[2,-8],[-6,8],[-5,8],[-10,4],[8,-1],[6,-5],[5,-6]],[[3777,6300],[1,-5],[-3,3],[-2,1],[-2,1],[-3,1],[7,0],[2,-1]],[[3518,6303],[7,-3],[-21,9],[2,2],[5,-3],[7,-5]],[[3649,6373],[17,-15],[-27,20],[-10,6],[10,-4],[10,-7]],[[3424,6385],[2,-7],[-1,2],[-1,2],[-1,1],[1,2]],[[3364,6439],[5,-19],[-5,7],[-6,7],[-9,8],[-13,7],[-33,10],[21,-2],[23,-6],[17,-12]],[[3077,6481],[-3,-8],[-10,11],[-22,9],[12,-1],[14,-4],[9,-7]],[[4783,6586],[-2,-11],[11,2],[19,14],[-5,-7],[-9,-7],[-10,-5],[-9,-2],[-2,6],[6,14],[12,22],[-11,-26]],[[4284,6684],[-10,-10],[5,11],[4,10],[-16,11],[14,-2],[6,-9],[-3,-11]],[[4432,6703],[-5,-1],[-6,0],[17,3],[5,2],[-5,-3],[-6,-1]],[[4971,6718],[-1,-5],[-1,-3],[-10,-8],[-16,-9],[-5,-1],[-5,-4],[-16,-15],[-9,-6],[25,25],[22,12],[11,11],[-12,-5],[-22,-2],[-24,-6],[9,5],[12,3],[22,2],[11,6],[6,2],[3,-2]],[[4487,6753],[-6,-13],[2,11],[-8,1],[-28,-1],[28,5],[12,-3]],[[6846,6831],[-3,-4],[-5,3],[-12,13],[5,-2],[15,-10]],[[5258,1],[-6,-1],[-7,4],[-5,9],[0,15],[4,14],[11,4],[10,-6],[4,-4],[3,-5],[-2,-2],[-7,-6],[-1,-2],[2,-10],[1,-1],[-3,-6],[-4,-3]],[[3559,1914],[-15,-3],[-7,0],[-6,3],[0,4],[10,3],[9,2],[20,1],[-2,-3],[-2,-3],[-3,-2],[-4,-2]],[[2651,2156],[-22,-3],[-6,3],[-3,6],[-1,8],[3,3],[6,1],[14,1],[13,-4],[3,-8],[-7,-7]],[[1687,2604],[-1,-1],[-3,0],[-2,13],[-5,13],[-3,11],[5,10],[5,0],[5,-6],[4,-7],[2,-4],[-1,-13],[-3,-13],[-3,-3]],[[4,2963],[-1,0],[-2,2],[-1,2],[2,0],[1,0],[0,-2],[1,-2]],[[8130,8683],[-18,-4],[-7,4],[-4,8],[0,9],[7,18],[-1,7],[-9,17],[17,-1],[8,-2],[7,-5],[8,-16],[0,-19],[-8,-16]],[[7886,8958],[-6,-7],[-7,8],[1,10],[2,10],[-3,9],[5,6],[7,13],[8,8],[11,-6],[7,-2],[7,-5],[4,-5],[-2,-2],[-2,-1],[-1,-2],[-1,-2],[-1,-2],[-3,-1],[-5,-1],[-3,-1],[-6,-7],[-12,-20]],[[8008,9083],[5,-1],[6,1],[4,3],[3,2],[3,2],[11,0],[-2,-4],[-26,-22],[-11,-5],[-13,-3],[-20,-1],[-27,0],[-6,1],[-2,2],[-6,0],[-6,0],[-3,-2],[0,-15],[-3,-9],[-5,0],[-7,3],[-21,4],[-9,6],[-6,7],[-4,6],[-3,7],[-2,8],[2,6],[16,6],[44,25],[18,3],[16,-2],[6,-11],[6,-7],[9,-4],[11,-3],[10,0],[12,-3]],[[7413,9290],[6,-2],[7,3],[-7,-15],[-4,-17],[-7,-14],[-15,-6],[-9,5],[-24,33],[9,7],[10,9],[10,7],[12,2],[12,-12]],[[7651,9532],[4,0],[8,3],[6,-2],[17,-8],[5,-8],[-2,-6],[-8,-5],[-9,-3],[-22,-1],[-9,-4],[-7,-9],[2,8],[-3,7],[-4,7],[-2,8],[17,19],[4,0],[3,-6]],[[7330,9577],[65,-11],[15,0],[4,1],[7,4],[5,2],[0,-2],[-1,-2],[-1,-1],[-4,-4],[-5,-8],[14,-12],[3,-7],[1,-11],[-3,-8],[-6,1],[-12,9],[-3,-11],[-8,-8],[-10,-2],[-7,7],[-4,0],[-6,-6],[-20,-6],[-4,-4],[-3,-9],[-5,2],[-7,6],[-10,6],[-4,7],[-5,23],[-1,10],[-1,5],[-5,4],[-1,4],[7,18],[15,3]],[[7082,9954],[-5,-1],[-5,6],[0,19],[11,14],[16,7],[18,-5],[-7,-5],[-3,-2],[-9,-2],[-4,-4],[-4,-15],[-4,-7],[-4,-5]]],"transform":{"scale":[0.0019761660411041064,0.0019693050034003505],"translate":[-154.7026667959999,-27.641208591999927]},"bbox":[-154.7026667959999,-27.641208591999927,-134.94298255099994,-7.950127862999821]}