{"type":"Topology","objects":{"subunits":{"type":"GeometryCollection","geometries":[{"type":"Polygon","id":"Blue Nile","arcs":[[0,1]]},{"type":"MultiPolygon","id":"Red Sea","arcs":[[[2]],[[3,4,5]]]},{"type":"Polygon","id":"Southern Darfur","arcs":[[6,7,8,9]]},{"type":"Polygon","id":"Eastern Darfur","arcs":[[10,11,12,-7,13]]},{"type":"Polygon","id":"Western Darfur","arcs":[[14,15,16]]},{"type":"Polygon","id":"Central Darfur","arcs":[[-9,17,-16,18]]},{"type":"Polygon","id":"Khartoum","arcs":[[19,20,21,22,23,24,25]]},{"type":"Polygon","id":"Gezira","arcs":[[26,27,-22,28]]},{"type":"Polygon","id":"Gedarif","arcs":[[29,30,31,-29,-21]]},{"type":"Polygon","id":"River Nile","arcs":[[32,-26,33,34,-5]]},{"type":"Polygon","id":"Northern","arcs":[[-34,-25,35,36,37]]},{"type":"Polygon","id":"White Nile","arcs":[[-28,38,39,40,41,-23]]},{"type":"Polygon","id":"Sennar","arcs":[[-32,42,-2,-39,-27]]},{"type":"Polygon","id":"North Darfur","arcs":[[43,-14,-10,-19,-15,44,-37]]},{"type":"Polygon","id":"South Kordufan","arcs":[[-41,45,-12,46]]},{"type":"Polygon","id":"North Kordufan","arcs":[[-24,-42,-47,-11,-44,-36]]},{"type":"Polygon","id":"Kassala","arcs":[[47,-30,-20,-33,-4]]}]}},"arcs":[[[7942,2355],[-13,-7],[-23,-18],[-9,-14],[-8,-17],[-7,-18],[-4,-18],[0,-15],[4,-28],[-1,-30],[4,-15],[13,-30],[1,-14],[-2,-14],[-75,-203],[-2,-16],[6,-20],[10,-14],[8,-15],[-2,-23],[-40,-141],[0,-8],[6,-10],[17,-16],[4,-11],[-5,-25],[-10,-18],[-32,-30],[-11,-12],[-3,-9],[0,-9],[-3,-13],[-8,-13],[-6,-1],[-8,3],[-10,-1],[-7,-8],[-8,-23],[-5,-6],[-6,3],[-1,11],[3,22],[-4,11],[-8,9],[-17,14],[-72,77],[-8,4],[-10,-5],[-72,-60],[-10,-11],[-9,-16],[-23,-55],[-52,-88],[-4,-26],[2,-31],[29,-162],[1,-34],[-5,-31],[-2,-4],[-6,-8],[-1,-3],[0,-9],[2,-18],[-1,-8],[-14,-25],[-35,-40],[-74,-255],[-18,-110],[2,-56],[-101,0],[-2,1],[-2,2],[-1,4],[-2,5],[-5,21],[-2,32],[4,57],[12,67],[39,94],[2,8],[0,4],[0,5],[-4,17],[-4,14],[-2,22],[6,49],[1,16],[-1,19],[-3,12],[-26,82],[-9,13],[-129,130],[-129,130],[-47,70],[-5,5],[-7,4],[-131,59],[-6,6],[1,8],[4,12],[16,34],[2,9],[2,14],[-30,273],[-29,274],[0,11],[3,7],[2,4],[8,12],[7,12],[7,21],[2,8],[9,98],[-1,85],[34,143],[4,61]],[[6787,2605],[18,16],[10,7],[12,6],[13,4],[13,3],[17,-2],[67,-21],[18,-1],[10,5],[432,325],[77,42],[21,2],[20,-6],[23,-15],[21,-22],[29,-36],[131,-251],[73,-108],[67,-80],[56,-52],[5,-7],[12,-25],[10,-34]],[[9202,8909],[-6,0],[-7,16],[0,24],[4,22],[9,15],[6,-5],[2,-2],[3,-9],[-7,-49],[-4,-12]],[[9028,6186],[-544,-53],[-11,0],[-17,7],[-212,131]],[[8244,6271],[-294,235],[-21,26],[-11,15],[-58,108],[-77,180],[-11,19],[-22,30],[-71,79],[-138,97],[-110,56],[-88,30],[-8,6],[-6,10],[-281,799],[-2,10],[1,7],[1,4],[20,52],[7,33],[2,19],[0,34],[-10,121],[-28,112],[-5,40],[2,58],[10,76],[13,42],[9,20],[1,3],[0,3],[-5,11],[-1,3],[-1,8],[1,44],[3,31],[0,6],[0,7],[-4,17],[-7,24],[-11,27],[-7,12],[-11,27],[-3,6],[-4,6],[-4,5],[-2,3],[-12,25],[-12,40],[-1,3],[-4,6],[-3,2],[-2,2],[-4,2],[-27,6],[-6,2],[-7,3],[-5,4],[-10,9],[-5,6],[-36,58],[-7,7],[-32,23],[-5,5],[-2,3],[-8,15],[-1,3],[-1,5],[0,6],[1,15],[1,8],[10,37],[4,17],[0,24],[-4,53],[1,5],[2,6],[20,29],[3,6],[4,8],[2,7],[4,26],[1,10],[-1,9],[-2,12],[-3,16],[-1,4],[0,33],[-1,8],[-5,15],[-1,3],[-2,3],[-4,5],[-8,7],[-10,13],[-9,14],[168,158],[-235,210]],[[6758,9828],[12,0],[126,0],[139,0],[138,0],[135,0],[4,0],[138,0],[139,0],[138,0],[139,0],[138,0],[139,0],[139,0],[138,0],[139,0],[138,0],[139,0],[139,0],[-2,-11],[-2,-3],[-2,-2],[-10,-1],[-10,-5],[14,-12],[6,-10],[0,-89],[14,-101],[-6,-21],[9,-7],[2,-8],[0,-9],[4,-8],[6,-8],[5,-7],[32,-89],[77,-138],[51,-57],[63,-94],[4,-12],[-1,-15],[-4,-12],[-7,-6],[-12,5],[-12,-10],[-11,10],[-16,33],[-4,7],[-4,9],[-2,8],[4,4],[8,-3],[4,-6],[3,-7],[3,-7],[14,-12],[8,-4],[5,3],[-1,6],[-15,20],[-9,29],[-7,10],[-9,-4],[-17,15],[-4,-8],[-5,2],[-4,7],[-2,9],[1,9],[4,9],[1,9],[-6,9],[-17,4],[-9,-13],[-4,-19],[1,-18],[3,-4],[7,-1],[2,-5],[-2,-8],[-2,-7],[2,-18],[0,-9],[-2,-9],[-6,-6],[-6,-3],[-4,-4],[0,-12],[3,-6],[17,-24],[16,-43],[7,-47],[6,-97],[8,-46],[27,-88],[1,-48],[-1,-12],[-3,-11],[-6,-7],[-18,3],[-2,-10],[2,-22],[-5,-52],[5,-30],[0,-11],[14,-43],[5,-26],[3,-24],[3,-36],[-9,-28],[0,-5],[-2,-8],[-7,-10],[-3,-7],[0,-20],[4,-25],[38,-117],[3,-25],[0,-48],[-1,-14],[-3,-8],[-10,-16],[-2,-11],[4,-45],[-1,-14],[1,-6],[3,-7],[9,-19],[12,-42],[24,-157],[5,-76],[2,-9],[5,-5],[5,-4],[4,-5],[0,-5],[-3,-10],[0,-5],[14,-24],[7,-37],[13,-47],[8,-31],[5,-38],[8,-14],[12,-28],[14,-28],[20,-21],[3,-9],[5,-8],[7,-4],[7,3],[7,4],[4,-1],[36,6],[20,11],[3,-14],[13,-8],[11,-3],[12,1],[4,-8],[1,-12],[10,-11],[-5,-28],[10,6],[7,2],[6,-6],[10,-12],[67,-22],[25,-29],[16,-33],[26,-30],[17,-13],[26,-12],[7,-10],[-7,-13],[-16,-10],[-4,-25],[16,-42],[29,-31],[32,-9],[24,5],[3,27],[12,4],[21,15],[3,-8],[-5,-6],[-8,-5],[-6,-6],[-1,-6],[0,-8],[-1,-9],[-7,-8],[-9,-3],[-8,1],[-7,-1],[-4,-7],[8,1],[20,4],[8,-2],[6,-4],[5,-4],[6,-5],[8,-2],[16,-2],[8,-4],[9,-2],[7,4],[1,6],[-8,5],[10,10],[11,-14],[19,-36],[-5,-10],[10,-8],[15,-1],[9,8],[7,-11],[2,-30],[3,-9],[12,-2],[6,11],[-1,17],[-8,14],[10,-7],[24,-30],[4,-12],[0,-11],[2,-8],[6,-16],[-1,-7],[-85,-84],[-17,-29],[-35,-113],[-17,-31],[-12,-11],[-29,-17],[-11,-12],[-3,-14],[1,-16],[-2,-15],[-10,-11],[-14,-3],[-10,8],[-9,11],[-10,7],[-21,-8],[-3,-1],[-3,-6],[1,-5],[1,-5],[0,-8],[-6,-14],[-10,-10],[-9,0],[-3,16],[0,14],[0,13],[-6,7],[-13,0],[-14,-6],[-1,0],[-40,-33],[-19,-28],[-11,-11],[-15,-4],[-13,5],[-18,21],[-12,4],[-21,-14],[-26,-55],[-24,-15],[-24,-4],[-79,-29],[-7,-5],[-1,-8],[7,-34],[0,-14],[-3,-30],[-3,-16],[-13,-27],[-3,-17],[-5,-15],[-34,-47],[-55,18],[-18,-1],[-28,-21],[-18,-2],[-9,2],[-32,-6],[-6,1],[-23,17],[-6,2],[-16,4],[-10,5],[-9,7],[-10,5],[-12,-2],[-4,-5],[0,-1]],[[2045,3235],[34,-284],[-11,-203],[-60,-102],[5,-502],[148,-197],[99,-102],[87,-278],[55,-203],[-3,-80]],[[2399,1284],[-6,-1],[-27,-9],[-12,-7],[-6,-2],[-4,-1],[-24,1],[-4,0],[-9,-3],[-14,-3],[-19,0],[-3,-1],[-26,-8],[-44,-19],[-2,0],[-7,-3],[-7,-1],[-24,1],[-7,-1],[-7,-1],[-9,-4],[-5,-3],[-6,-3],[-8,-1],[-3,0],[-7,-1],[-3,-1],[-11,-6],[-4,-1],[-3,0],[-7,1],[-3,0],[-6,-3],[-3,-1],[-3,1],[-4,0],[-3,2],[-6,3],[-4,1],[-7,2],[-4,-1],[-4,-1],[-5,-3],[-4,0],[-7,1],[-4,0],[-14,-7],[-7,-2],[-15,2],[-7,-2],[-8,-4],[-10,-3],[-3,-2],[-5,-5],[-6,-9],[-29,-79],[-2,-8],[0,-6],[1,-8],[1,-4],[5,-14],[2,-7],[0,-4],[0,-5],[-1,-4],[-6,-22],[-16,-40],[-3,-12],[-6,-14],[-5,-8],[-8,-10],[-16,-28],[-8,-10],[-20,-16],[-21,-21],[-5,-3],[-5,-3],[-7,-2],[-5,0],[-2,-1],[-3,-3],[-2,-5],[-2,-15],[1,-196],[-1,-9],[-4,-17],[-37,-50],[-17,-20],[-5,-8],[-4,-13],[-11,-141],[-1,-4],[-2,-7],[-54,-113],[-4,-11],[0,-5],[0,-79],[-4,-5],[-6,-4],[-29,-12],[-54,-7],[-13,-3],[-66,-51],[-18,-10],[-34,-32],[-3,-6],[-2,-11],[-2,-4],[-34,-6],[-62,13],[-17,-4],[-11,2],[-24,12],[-33,-4],[-38,11],[-20,-1],[-19,-10],[-10,-4],[-19,6],[-19,0],[-8,4],[-9,7],[-9,5],[-10,2],[-11,-3],[-8,-6],[-14,-13],[-9,-2],[-12,6],[-9,17],[-5,19],[0,18],[8,19],[24,34],[10,21],[8,42],[1,25],[-5,16],[-10,1],[-22,-27],[-17,-1],[-15,11],[-8,15],[-2,18],[13,94],[3,5],[7,13],[9,4],[19,-1],[10,3],[7,5],[13,16],[23,36],[8,7],[5,9],[-1,11],[-6,22],[1,13],[15,58],[0,5],[-4,6],[-3,1],[-5,0],[-4,10],[-2,6],[1,23],[-1,10],[-6,18],[0,9],[7,21],[22,42],[8,21],[3,29],[-17,127],[-13,33],[-99,196],[-99,197],[-108,129],[-62,53]],[[712,1480],[174,311],[153,122],[126,102],[120,489],[26,272],[1,23],[11,29],[35,55],[313,378]],[[1671,3261],[182,-32],[99,-5],[93,11]],[[3204,2322],[20,-120],[0,-179]],[[3224,2023],[10,-84],[0,-31],[0,-3],[39,-194],[209,-633],[11,-60],[89,-234],[41,-109]],[[3623,675],[-6,-3],[-10,-3],[-58,-3],[-77,13],[-3,0],[-12,-4],[-4,-1],[-48,8],[-85,-1],[-28,6],[-154,-4],[-230,-96],[-6,-1],[-34,4],[-15,8],[-26,21],[-113,162],[-112,162],[-46,21],[-9,11],[-7,11],[-35,72],[-4,6],[-2,2],[-4,4],[-1,1],[-16,6],[-9,5],[-22,15],[-4,5],[-4,5],[-2,3],[-1,4],[-4,114],[0,5],[-2,3],[-3,6],[-25,40],[-3,2]],[[2045,3235],[27,-3],[26,-6],[20,-11],[16,-12],[112,-125],[80,-57],[30,-17],[129,-129],[11,-13],[6,-14],[1,-15],[-6,-12],[-12,-9],[-54,-18],[-12,-6],[-6,-6],[-3,-6],[-2,-14],[6,-14],[17,-26],[38,-37],[49,-63],[59,-112],[31,-34],[22,-13],[22,-2],[18,4],[20,2],[25,-4],[34,-14],[20,-15],[12,-11],[26,-35],[30,-28],[28,-14],[22,-8],[233,4],[84,-20]],[[1295,5197],[9,-17],[-37,-246],[4,-36],[-2,-111],[3,-44],[9,-41],[14,-23],[31,-40],[22,-35],[18,-40],[15,-47],[13,-66],[2,-32],[-2,-29],[-5,-25],[-9,-28],[-126,-255],[-191,-254],[-42,-92],[-19,-73],[-2,-35],[8,-23],[12,-6]],[[1020,3599],[-68,-91],[-72,-7],[-43,-27],[-186,-333],[-165,-224],[33,-264],[-41,-150]],[[478,2503],[-3,4],[-5,-11],[-8,6],[-23,-5],[-39,-15],[-6,-6],[-4,-2],[-4,-2],[16,81],[0,9],[0,9],[-2,9],[-44,165],[-19,37],[-2,9],[14,25],[30,85],[-8,9],[-61,28],[-75,60],[-17,-31],[-19,-22],[-23,-15],[-28,-10],[-23,-4],[-25,0],[-25,6],[-21,12],[-12,15],[-23,53],[-16,25],[-3,8],[1,5],[10,23],[15,55],[49,113],[17,29],[20,24],[11,7],[64,31],[10,9],[55,70],[21,34],[5,31],[-7,16],[-21,31],[-8,18],[-3,14],[0,43],[-9,28],[-38,43],[-10,29],[0,16],[1,12],[-2,11],[-10,14],[-14,16],[1,7],[15,29],[48,74],[6,9],[14,18],[17,14],[95,54],[11,10],[23,25],[13,9],[16,4],[14,6],[9,13],[1,22],[-5,23],[-5,15],[-10,8],[-34,7],[-10,6],[-7,11],[-6,16],[-1,9],[0,6],[6,12],[2,4],[8,4],[3,4],[1,5],[-2,5],[-3,3],[-2,5],[-9,79],[-4,10],[-19,17],[-13,27],[11,26],[24,23],[26,14],[119,39],[6,6],[3,10],[-1,6],[-9,24],[-3,13],[-5,40],[0,19],[5,12],[22,18],[11,13],[4,12],[0,14],[3,18],[7,15],[54,68],[12,12],[13,9],[21,9],[4,7],[27,59],[4,16],[8,86],[-1,25],[-6,23],[-13,21],[-13,16],[-10,20],[-4,21],[4,23],[12,16],[47,35],[38,56],[15,13],[15,2],[28,4],[92,-23],[44,5],[79,35],[39,10],[68,0],[72,-13],[70,-29],[16,-1],[7,22],[0,1]],[[712,1480],[-85,152],[-1,20],[23,104],[4,7],[10,13],[1,8],[1,15],[2,14],[3,13],[10,26],[3,14],[-1,21],[-1,10],[-15,54],[-8,53],[-8,9],[-14,0],[-57,-7],[-6,3],[0,22],[-2,7],[-15,17],[-48,20],[-21,13],[-21,25],[-18,31],[-12,35],[-3,35],[33,227],[11,38],[2,13],[-1,11]],[[1020,3599],[17,-3],[33,0],[17,-4],[17,-9],[17,-14],[18,-20],[18,-14],[17,-10],[64,-25],[44,-25],[18,-3],[26,3],[26,11],[94,66],[98,45],[24,7],[22,2],[22,-1],[19,-6],[13,-10],[10,-18],[4,-17],[-1,-13],[-6,-15],[-9,-19],[-23,-36],[-82,-96],[-13,-21],[-8,-25],[0,-21],[8,-17],[16,-13],[22,-7],[109,-10]],[[7375,5415],[1,-41],[17,-66],[81,-218]],[[7474,5090],[-205,40],[-133,56],[-17,0],[-24,-15],[-28,-30],[-51,-87],[-29,-71]],[[6987,4983],[-143,-23],[-23,0],[-26,-4],[-15,-8],[-10,-7],[-26,-25],[-7,-8],[-3,-4],[-7,-4],[-4,-2],[-4,1],[-28,7],[-4,1],[-106,-19],[-128,-45],[-8,-4],[-3,-3],[-2,-4],[-5,-18],[-2,-7]],[[6433,4807],[-67,4],[-22,-4],[-10,-5],[-17,-6],[-7,0],[-6,0],[-43,16],[-11,7]],[[6250,4819],[-34,126],[-17,45],[-129,264],[-91,146],[-148,400]],[[5831,5800],[125,92],[23,6]],[[5979,5898],[10,-35],[10,-19],[79,-103],[27,-26],[30,-16],[313,-61],[29,-12],[188,-124],[294,-94],[74,-48],[51,-18],[23,-4],[40,1],[40,11],[79,36],[21,13],[88,16]],[[7247,3944],[-25,5],[-12,5],[-29,6],[-43,-3],[-17,3],[-7,3],[-39,30],[-8,3],[-9,2],[-8,1],[-8,-1],[-16,-8],[-20,-15],[-38,-36],[-48,-58],[-18,-15],[-15,-2],[-14,10],[-50,73],[-23,16],[-25,4],[-25,-8],[-21,-15],[-19,-21],[-15,-29],[-12,-27],[-29,-108],[-13,-18],[-18,-1],[-29,37],[-13,3],[-14,-10],[-11,-23],[-5,-21],[-6,-65]],[[6545,3661],[-54,-73],[-16,-11],[-14,-1],[-9,12],[-3,23],[1,125],[-2,26],[-5,30],[-30,73],[-52,104],[-23,59],[-16,58],[-3,21],[-1,14],[2,14],[4,18],[29,80],[38,80],[34,47],[19,21],[13,23],[8,23],[3,27],[-3,113],[-3,27],[-5,16],[-4,6],[-7,5],[-41,19],[-11,10],[-7,14],[0,15],[5,12],[11,6],[14,1],[13,-1],[11,2],[7,6],[5,17],[-1,18],[-4,20],[-15,47]],[[6987,4983],[52,-71],[19,-13],[116,-48],[97,-61],[2,-2],[2,-3],[41,-106],[86,-148],[5,-15],[1,-28],[-191,-404],[-14,-38],[3,-13],[3,-8],[4,-5],[4,-3],[3,-4],[1,-2],[-1,-2],[-5,-1],[-1,-2],[-1,-3],[2,-4],[10,-12],[3,-5],[19,-38]],[[7474,5090],[85,-24],[71,-31],[96,-61],[32,-25],[26,-27],[23,-29],[32,-50],[11,-22],[81,-240],[136,-182],[29,-25],[27,-4],[34,8],[278,122],[48,11],[206,6],[35,-5]],[[8724,4512],[7,-72],[9,-92],[9,-92],[13,-136],[-53,-201],[-3,-15],[0,-19],[4,-18],[10,-37],[2,-37],[-11,-32],[-25,-74],[-2,-15],[-2,-42],[-6,-21],[-88,-154],[-58,-243],[1,-14],[5,-12],[2,-6],[0,-7],[-5,-11],[-9,-10],[-7,-13],[0,-16],[14,-30],[3,-11],[0,-18],[-12,-82],[-5,-14],[-9,-5],[-16,6],[-6,3],[-3,3],[-4,3],[-7,1],[-5,0],[-180,-32],[-15,-6],[-1,0]],[[8271,2941],[-1,0],[-198,54],[-57,28],[-23,18],[-18,19],[-16,22],[-9,10],[-126,88],[-7,7],[-18,26],[-31,35],[-21,35],[-10,12],[-25,23],[-14,10],[-10,5],[-7,2],[-56,29],[-8,6],[-4,5],[-4,5],[-16,25],[-8,8],[-6,5],[-7,4],[-22,9],[-26,13],[-13,10],[-45,72],[-34,80],[-16,31],[-3,7],[-2,7],[0,8],[2,7],[3,6],[9,10],[5,4],[4,5],[4,5],[3,6],[2,8],[0,7],[-1,5],[-2,5],[-4,1],[-6,0],[-7,-1],[-6,-1],[-6,3],[-4,8],[-5,2],[-3,0],[-10,-7],[-7,0],[-8,2],[-10,10],[-7,5],[-3,1],[-4,-7],[-3,0],[-5,7],[-21,40],[-4,4],[-5,2],[-4,5],[-2,6],[-3,10],[-6,12],[0,4],[2,3],[3,2],[2,1],[1,2],[0,4],[-2,5],[-5,8],[-26,26],[-6,8],[-4,7],[-1,5],[0,15],[-1,4],[-1,2],[-7,10],[-4,9]],[[8244,6271],[10,-240],[-8,-87],[-24,-75],[-37,-49],[-38,-32],[-51,-34],[-46,-19],[-47,-8],[-405,0],[-33,-5],[-17,-10],[-148,-244],[-25,-53]],[[5979,5898],[431,736],[65,145],[-11,59],[0,35],[-60,196],[-1,4],[14,305],[-1,4],[-2,3],[-243,160],[-3,4],[-1,4],[0,4],[213,2271]],[[6380,9828],[12,0],[61,0],[61,0],[61,0],[61,0],[61,0],[61,0]],[[5831,5800],[-85,34],[-31,6],[-206,-23],[-2123,86]],[[3386,5903],[-9,2452],[-1477,0],[-12,6]],[[1888,8361],[0,83],[0,70],[0,70],[0,70],[0,70],[0,92],[0,92],[0,92],[0,92],[0,92],[0,92],[0,92],[0,92],[0,92],[0,92],[0,92],[0,92],[58,0],[58,0],[58,0],[58,0],[58,0],[58,0],[58,0],[58,0],[58,0],[58,0],[58,0],[58,0],[58,0],[58,0],[58,0],[58,0],[57,0],[58,0],[58,0],[58,0],[58,0],[58,0],[58,0],[58,0],[58,0],[58,0],[58,0],[58,0],[58,0],[58,0],[58,0],[58,0],[58,0],[58,0],[58,0],[57,0],[58,0],[58,0],[58,0],[58,0],[58,0],[58,0],[58,0],[58,0],[58,0],[58,-1],[58,0],[58,0],[58,0],[58,0],[58,0],[58,0],[57,0],[59,0],[57,0],[58,0],[58,0],[58,0],[58,0],[58,0],[58,0],[58,0],[58,0],[58,0],[23,0],[8,6],[29,69],[2,5],[27,63],[15,20],[11,7],[12,2],[11,-2],[11,-6],[13,-15],[6,-17],[-1,-18],[-14,-47],[-19,-66],[35,0],[17,0],[60,0],[61,0],[61,0],[61,0],[61,0],[61,0],[61,0],[61,0],[61,0],[49,0]],[[6545,3661],[22,-23],[7,-12],[8,-17],[6,-19],[3,-28],[2,-116],[6,-67],[11,-41],[43,-103],[62,-105],[7,-24],[0,-23],[-13,-60],[-5,-39],[3,-45],[80,-334]],[[6787,2605],[-284,4],[-2,-3],[0,-4],[1,-4],[0,-5],[0,-9],[-2,-18],[-1,-9],[0,-10],[5,-34],[7,-26],[1,-8],[1,-10],[-1,-17],[-198,-1],[-198,-2]],[[6116,2449],[-92,126],[-35,27],[-53,5],[-9,2],[-8,4],[-3,10],[-3,12],[-31,252]],[[5882,2887],[-26,245],[-1,30],[2,6],[14,19],[58,64],[94,78],[52,24],[4,3],[4,6],[7,12],[3,8],[3,7],[0,4],[1,5],[-1,4],[-3,17],[-8,25],[-1,9],[0,8],[1,13],[16,61],[2,11],[-1,5],[-1,3],[-2,3],[-3,2],[-9,8],[-3,2],[-34,11],[-13,7],[-5,5],[-15,17],[-6,8],[-16,19],[-16,22],[-39,78],[-35,99],[-6,12],[-2,3],[-3,2],[-13,10],[-25,24],[-22,15],[-12,11],[-2,2],[-2,3],[-3,6],[-2,8],[-4,15],[-10,28],[-9,40],[-9,65],[-1,101],[11,97],[1,6],[13,45],[22,39],[9,10],[5,4],[22,14],[18,9],[14,8],[5,4],[5,5],[5,8],[64,168],[1,4],[4,4],[67,56],[3,3],[0,5],[-2,10],[-1,12],[-1,15],[7,9],[8,6],[190,98]],[[8271,2941],[-8,-5],[-2,-2],[0,-4],[-4,-19],[-1,-8],[-2,-7],[-6,-8],[-5,-3],[-12,-1],[-5,-2],[-5,-8],[-112,-227],[-7,-21],[-1,-21],[-2,-9],[-6,-10],[-6,-6],[-13,-8],[-6,-6],[-4,-9],[-11,-32],[-6,-40],[-5,-18],[-11,-16],[-23,-16],[-5,-6],[-2,-7],[0,-4],[0,-13],[-1,-7],[-18,-25],[-40,-18]],[[3386,5903],[-16,-2],[-317,-2],[-7,-7],[-5,-12],[127,-1307],[3,-10],[6,-7],[23,-19],[26,-60],[64,-246],[88,-304],[-24,-169],[0,-9],[1,-6],[2,-4],[38,-75],[7,-28],[-2,-28],[-8,-35],[-2,-7],[-8,-13],[-60,-87],[-8,-10],[-2,-7],[-2,-11],[-3,-57],[-2,-9],[-17,-32],[-8,-22],[-13,-26],[-91,-139],[-16,-44],[-3,-11],[-6,-101],[4,-89],[0,-11],[-2,-9],[-1,-9],[-17,-54],[-32,-65],[-2,-10],[-2,-8],[2,-18],[22,-101],[1,-9],[-1,-9],[-3,-28],[0,-37],[1,-7],[2,-7],[30,-57],[7,-17],[4,-24],[2,-18],[38,-88]],[[1295,5197],[0,43],[0,171],[0,172],[0,171],[-1,172],[0,171],[0,172],[0,171],[0,171],[0,172],[0,171],[0,172],[0,171],[-1,172],[0,171],[0,172],[0,171],[0,92],[0,92],[0,93],[0,92],[96,0],[51,0],[67,0],[80,0],[74,-1],[73,0],[87,0],[60,0],[1,1],[1,0],[1,0],[2,0],[0,1],[1,1],[0,1],[1,2],[0,4]],[[6116,2449],[157,-214],[2,-5],[2,-11],[1,-9],[3,-75],[-8,-120],[2,-77],[9,-49],[42,-99],[-2,-18],[-10,-23],[-141,-146],[-140,-146],[-8,-14],[-39,-121],[-37,-71],[-16,-20],[-65,-100],[-128,-155],[-128,-156],[-42,-21],[-128,-9],[-67,-2],[-8,-2],[-11,-6],[-7,-8],[-9,-6],[-8,4],[-9,8],[-158,175],[-140,110],[-141,110],[-27,-20],[-159,-95],[-32,-24],[-18,-18],[-1,-106],[-28,-54],[-50,-59],[-138,-37],[-71,-32],[-73,-48],[-12,-12],[-45,-42],[-39,-47],[-12,-28],[-1,-32],[3,-26],[7,-18],[-1,0],[-237,2],[-237,3],[-29,39],[-61,156]],[[3224,2023],[34,-33],[53,-27],[63,0],[38,12],[31,11],[31,23],[22,28],[25,35],[41,50],[35,35],[25,31],[18,51],[25,58],[19,54],[7,28],[12,31],[22,15],[25,0],[31,-12],[44,-3],[28,-12],[22,-16],[25,0],[35,4],[69,16],[37,15],[19,16],[3,23],[-6,24],[6,38],[22,74],[13,62],[19,35],[18,16],[26,19],[21,39],[29,39],[15,12],[22,3],[19,-7],[41,-39],[40,-35],[38,-35],[41,-31],[58,-15],[16,10],[19,5],[14,-2],[11,-4],[12,-5],[11,-3],[11,1],[160,298],[21,21],[23,11],[23,5],[23,1],[17,-3],[9,-3],[6,-3],[4,-3],[6,-8],[11,-17],[4,-8],[2,-9],[1,-12],[-3,-73],[2,-11],[5,-9],[14,-12],[18,-4],[155,8],[44,-8],[16,-8],[14,-14],[50,-90],[18,-22],[23,-19],[20,-10],[15,-4],[16,-1],[16,3],[15,9],[14,14],[24,35],[7,8],[7,6],[11,6],[34,15],[20,12],[19,17],[15,21],[33,70],[13,20],[17,16],[18,8],[16,0],[31,-8],[13,-1],[14,3],[18,9],[68,50],[18,6],[14,-1],[15,-4],[116,-77]],[[9028,6186],[-1,-6],[1,-6],[12,-20],[2,-14],[-2,-14],[-15,-25],[2,-8],[6,-7],[6,-9],[1,-10],[-1,-29],[1,-3],[3,-7],[1,-4],[-1,-3],[-4,-6],[-2,-3],[-2,-44],[-14,-45],[-7,-10],[-20,-17],[-9,-10],[-5,-14],[-1,-13],[1,-24],[-2,-14],[-7,-29],[0,-11],[4,-17],[7,-13],[10,-12],[8,-13],[1,-2],[4,-13],[-1,-13],[-2,-13],[-1,-16],[3,-16],[11,-30],[2,-15],[-6,-19],[-25,-31],[-10,-19],[-20,-68],[-27,-91],[-28,-98],[-16,-31],[-29,-37],[-8,-16],[-32,-141],[-2,-32],[9,-32],[-20,-16],[-12,-22],[-30,-108],[-11,-20],[-43,-51],[-5,-13],[-1,-17],[7,-70],[12,-123],[4,-41]]],"transform":{"scale":[0.0016796082677315277,0.0013546677746774736],"translate":[21.809448689952603,8.68164174400006]},"bbox":[21.809448689952603,8.68164174400006,38.60385175900015,22.226964823000117]}