{"type":"Topology","objects":{"subunits":{"type":"GeometryCollection","geometries":[{"type":"MultiPolygon","id":"Outer Islands","arcs":[[[0]],[[1]],[[2]],[[3]],[[4]],[[5]],[[6]],[[7]],[[8]],[[9]],[[10]]]},{"type":"Polygon","id":"Anse aux Pins","arcs":[[11,12,13,14]]},{"type":"Polygon","id":"Anse Boileau","arcs":[[15,16,17,18,19,20]]},{"type":"Polygon","id":"Anse Etoile","arcs":[[21,22,23,24]]},{"type":"Polygon","id":"Au Cap","arcs":[[-13,25,26,-16,27]]},{"type":"Polygon","id":"Anse Royale","arcs":[[28,29,30,-17,-27]]},{"type":"Polygon","id":"Baie Lazare","arcs":[[-31,31,32,-18]]},{"type":"MultiPolygon","id":"Baie Sainte Anne","arcs":[[[33,34]],[[35]]]},{"type":"Polygon","id":"Beau Vallon","arcs":[[-23,36,37,38,39,40]]},{"type":"Polygon","id":"Bel Air","arcs":[[41,42,43,44,45,46]]},{"type":"Polygon","id":"Bel Ombre","arcs":[[47,48,-39]]},{"type":"Polygon","id":"Cascade","arcs":[[49,-14,-28,-21,50,51,52,53]]},{"type":"Polygon","id":"Glacis","arcs":[[-24,-41,54]]},{"type":"Polygon","id":"Grand'Anse","arcs":[[55,-51,-20,56,57,58]]},{"type":"MultiPolygon","id":"Grand'Anse Praslin","arcs":[[[59]],[[60]],[[61,-34]],[[62]]]},{"type":"MultiPolygon","id":"La Digue and Inner Islands","arcs":[[[63]],[[64]],[[65]],[[66]],[[67]],[[68]],[[69]]]},{"type":"Polygon","id":"English River","arcs":[[70,-46,71,-22]]},{"type":"Polygon","id":"Mont Buxton","arcs":[[72,-37,-72]]},{"type":"MultiPolygon","id":"Mont Fleuri","arcs":[[[73]],[[-42,74,75]],[[76]],[[77]]]},{"type":"Polygon","id":"Plaisance","arcs":[[78,79,-59,-43,-76,80]]},{"type":"Polygon","id":"Pointe La Rue","arcs":[[-15,-50,81]]},{"type":"MultiPolygon","id":"Port Glaud","arcs":[[[82]],[[83]],[[-58,84,-48,85,-44]]]},{"type":"Polygon","id":"Saint Louis","arcs":[[-45,-86,-38,-73]]},{"type":"Polygon","id":"Takamaka","arcs":[[-32,-30,86]]},{"type":"Polygon","id":"Les Mamelles","arcs":[[-52,-56,-80,87]]},{"type":"Polygon","id":"Roche Caïman","arcs":[[-53,-88,-79,88]]}]}},"arcs":[[[4949,36],[-9,-36],[3,14],[2,26],[4,-4]],[[4937,58],[5,-13],[-8,10],[3,3]],[[4933,53],[-4,-6],[-3,1],[4,13],[3,-8]],[[291,599],[-10,-14],[-11,7],[-1,17],[8,16],[13,12],[10,4],[-2,-19],[-7,-23]],[[1298,672],[-8,-20],[0,23],[5,6],[3,-9]],[[310,1169],[-13,-8],[-34,-41],[-18,-16],[-73,3],[-80,-39],[-65,-5],[-27,106],[23,-45],[43,-20],[46,5],[31,28],[17,-2],[27,14],[25,18],[13,14],[7,-12],[6,12],[10,-8],[11,-4],[0,12],[-10,10],[-6,14],[-3,19],[-2,20],[48,-31],[20,-22],[9,-15],[-5,-7]],[[218,1244],[-16,-24],[-31,-6],[-32,7],[-16,14],[-13,-11],[-22,5],[-12,-6],[-2,5],[1,4],[-1,2],[-6,1],[0,7],[2,1],[3,0],[34,19],[38,-4],[39,-11],[34,-3]],[[9984,4692],[-25,-62],[12,83],[10,32],[18,15],[-4,-34],[-11,-34]],[[6482,4943],[5,-17],[-4,2],[-1,3],[0,6],[0,6]],[[9101,6725],[-2,-6],[0,7],[3,17],[-1,-18]],[[7079,7405],[1,-10],[-4,7],[-3,8],[-4,18],[8,-16],[2,-7]],[[9246,8596],[-2,-14]],[[9244,8582],[-22,13]],[[9222,8595],[2,5]],[[9224,8600],[22,-4]],[[9218,8597],[3,-42],[5,-22]],[[9226,8533],[-3,-30]],[[9223,8503],[-13,4]],[[9210,8507],[-7,14],[-5,10],[2,13],[-4,10]],[[9196,8554],[3,15],[11,14],[3,16]],[[9213,8599],[5,-2]],[[9178,8725],[-5,1],[-14,-11]],[[9159,8715],[-1,14],[1,14]],[[9159,8743],[6,20],[12,-4],[5,8]],[[9182,8767],[3,-19],[-4,-7],[-3,-16]],[[9244,8582],[-5,-30],[4,-10],[3,-36]],[[9246,8506],[-19,19],[-1,8]],[[9218,8597],[4,-2]],[[9246,8506],[-9,-3],[-2,-18],[8,-31]],[[9243,8454],[-16,-2]],[[9227,8452],[-3,16],[-2,28],[1,7]],[[9227,8452],[1,-10],[-17,2]],[[9211,8444],[-2,5],[-4,17],[-9,6],[-7,-8],[-7,6],[4,29],[17,0],[7,8]],[[9484,9116],[-21,18],[-6,16],[-58,55]],[[9399,9205],[7,4],[7,2],[8,0],[14,-20],[13,-9],[15,-4],[7,-16],[10,8],[13,-3],[10,-20],[-16,-1],[-3,-13],[0,-17]],[[9449,9213],[0,-5],[-12,6],[-9,13],[3,5],[7,0],[16,-1],[5,-1],[-2,-8],[-9,0],[1,-9]],[[9159,8715],[-5,-6],[3,-10]],[[9157,8699],[-7,-14]],[[9150,8685],[-6,17],[-8,-5],[-3,5]],[[9133,8702],[3,2],[5,13],[4,12],[5,7],[1,7]],[[9151,8743],[8,0]],[[9179,8682],[0,-7],[-6,-4],[10,-23]],[[9183,8648],[-6,-17]],[[9177,8631],[-14,11],[-3,23],[-7,9]],[[9153,8674],[13,15]],[[9166,8689],[11,5]],[[9177,8694],[3,-7],[-5,-3],[0,-2],[4,0]],[[9150,8685],[-14,-9],[2,-11],[-11,-8],[-28,22]],[[9099,8679],[8,12],[6,4],[12,2],[8,5]],[[9231,8618],[-7,-18]],[[9213,8599],[-12,25]],[[9201,8624],[6,6]],[[9207,8630],[3,11]],[[9210,8641],[6,-6],[15,-17]],[[9151,8743],[2,12],[-1,26],[7,4],[7,-1],[7,-2],[9,-15]],[[9196,8619],[5,5]],[[9196,8554],[-10,2],[-9,23],[-10,20]],[[9167,8599],[1,7],[-3,2],[0,9],[8,3],[4,11]],[[9177,8631],[21,-23],[-2,11]],[[9368,9111],[-3,0],[-5,7],[4,4],[2,-3],[2,-8]],[[9382,9142],[-5,-1],[0,7],[3,3],[3,-1],[-1,-8]],[[9484,9116],[-9,-12],[-12,0],[-14,9],[-10,16],[-5,19],[-14,4],[-12,2],[-7,12],[-1,12],[-6,23],[5,4]],[[9392,9334],[-4,-4],[-7,2],[-5,1],[1,4],[6,1],[4,-1],[5,-3]],[[9664,8736],[-5,-2],[-6,0],[-6,10],[0,6],[3,4],[4,2],[5,-2],[5,-10],[0,-8]],[[8980,8880],[-18,-6],[-14,26],[-6,38],[4,29],[16,-9],[18,-19],[9,-28],[-9,-31]],[[9559,9079],[-2,-14],[-7,3],[-9,14],[-2,19],[5,20],[3,16],[12,-9],[7,-20],[6,-15],[-7,-5],[-6,-9]],[[9638,9128],[-1,-11],[-4,3],[-1,12],[2,10],[5,-5],[-1,-9]],[[9599,9138],[-5,-3],[-6,9],[-6,15],[2,9],[4,-1],[10,-17],[1,-12]],[[9589,9202],[-4,-1],[-4,13],[0,8],[4,0],[1,-10],[3,-10]],[[9376,9999],[6,-33],[-7,1],[-6,16],[7,16]],[[9178,8725],[0,-13],[-1,-18]],[[9166,8689],[1,13],[-8,13]],[[9166,8689],[-9,10]],[[9215,8678],[3,-3],[1,2],[3,-2],[3,-11],[-1,-4],[-4,-1],[-4,3],[-2,4],[-4,2],[0,7],[2,3],[3,0]],[[9179,8682],[4,0],[7,-15]],[[9190,8667],[-5,-11],[-2,-8]],[[9231,8679],[-2,-3],[-3,1],[-3,4],[-2,4],[1,3],[2,0],[2,-3],[3,-2],[2,-4]],[[9222,8725],[4,-2],[4,0],[2,-2],[-2,-6],[-3,-7],[-6,-4],[-4,-4],[-2,-1],[-1,5],[1,8],[0,5],[1,4],[1,2],[5,2]],[[9194,8659],[-1,-12]],[[9193,8647],[1,-8],[-2,-4],[4,-16]],[[9190,8667],[4,-8]],[[9231,8618],[3,-3],[12,-19]],[[9124,8596],[-1,0],[-4,7],[-3,3],[0,4],[-1,2],[1,2],[2,0],[2,-1],[3,-4],[2,-5],[0,-5],[-1,-3]],[[9093,8617],[-1,-2],[-3,2],[-5,1],[-3,4],[-1,3],[2,4],[3,-2],[4,-6],[4,-4]],[[9167,8599],[-13,3],[-17,16],[-9,8],[-8,1],[-7,4],[1,6],[5,2],[-3,5],[-8,4],[-9,-4],[-9,4],[-5,7],[1,5],[8,-1],[3,4],[-3,8],[5,8]],[[9150,8685],[3,-11]],[[9243,8454],[2,-22],[7,-9],[4,-22],[-19,0],[-15,12],[-11,31]],[[9193,8647],[14,-17]],[[9194,8659],[16,-18]]],"transform":{"scale":[0.001008108623362336,0.0006335594497449684],"translate":[46.20736738400015,-10.126071872999844]},"bbox":[46.20736738400015,-10.126071872999844,56.28744550900015,-3.791110934999907]}