{"type":"Topology","objects":{"subunits":{"type":"GeometryCollection","geometries":[{"type":"Polygon","id":"Kaohsiung City","arcs":[[0,1,2,3,4,5,6]]},{"type":"MultiPolygon","id":"Pingtung","arcs":[[[7]],[[8,9,-3]]]},{"type":"MultiPolygon","id":"Tainan City","arcs":[[[10]],[[11]],[[12]],[[13]],[[-5,14,15]]]},{"type":"Polygon","id":"Hsinchu City","arcs":[[16,17,18]]},{"type":"Polygon","id":"Hsinchu","arcs":[[19,20,21,-19,22,23]]},{"type":"MultiPolygon","id":"Yilan","arcs":[[[24]],[[25,26,-20,27,28,29]]]},{"type":"Polygon","id":"Keelung City","arcs":[[30,31]]},{"type":"Polygon","id":"Miaoli","arcs":[[-22,32,33,-17]]},{"type":"Polygon","id":"Taipei City","arcs":[[34]]},{"type":"MultiPolygon","id":"New Taipei City","arcs":[[[-31,35,-29,36,37],[-35]],[[38]]]},{"type":"Polygon","id":"Taoyuan","arcs":[[-28,-24,39,-37]]},{"type":"Polygon","id":"Changhua","arcs":[[40,41,42,43]]},{"type":"MultiPolygon","id":"Chiayi","arcs":[[[44]],[[45]],[[46]],[[47]],[[48]],[[49]],[[50,-6,-16,51,52],[53]]]},{"type":"Polygon","id":"Chiayi City","arcs":[[-54]]},{"type":"Polygon","id":"Hualien","arcs":[[54,55,-1,56,57,-26]]},{"type":"Polygon","id":"Nantou","arcs":[[-57,-7,-51,58,-41,59]]},{"type":"Polygon","id":"Taichung City","arcs":[[-21,-27,-58,-60,-44,60,-33]]},{"type":"Polygon","id":"Yunlin","arcs":[[-59,-53,61,-42]]},{"type":"MultiPolygon","id":"Taitung","arcs":[[[62]],[[63]],[[64]],[[-9,-2,-56,65]]]},{"type":"MultiPolygon","id":"Penghu","arcs":[[[66]],[[67]],[[68]],[[69]],[[70]],[[71]],[[72]],[[73]],[[74]],[[75]],[[76]],[[77]],[[78]],[[79]],[[80]],[[81]],[[82]],[[83]]]},{"type":"MultiPolygon","id":"Kinmen","arcs":[[[84]],[[85]],[[86]]]},{"type":"MultiPolygon","id":"Lienchiang","arcs":[[[87]],[[88]],[[89]],[[90]],[[91]]]}]}},"arcs":[[[7259,3416],[19,-45],[-29,-39],[-55,-19],[-14,-25],[10,-31],[55,-28],[62,-40],[27,-59],[4,-20]],[[7338,3110],[-154,-30],[-63,-32],[-39,-30],[-77,-39],[-8,-45],[22,-46],[-26,-39],[-73,-31],[-9,-53],[22,-78],[-30,-103],[-1,-87],[-42,-46],[-84,-57],[-23,-76],[14,-63],[29,-36],[60,-50],[13,-39],[-38,-3]],[[6831,2127],[-1,0],[-51,7],[-42,-2],[-84,-52],[-58,43],[-74,69],[-71,-14],[-65,-46],[-129,52],[-92,-35],[-63,-56],[-78,-22],[-175,9],[-17,-38],[-13,-56],[-26,-62],[6,-55],[-2,-74],[-55,-166],[-2,-56],[28,-59],[3,-64],[-80,-161]],[[5690,1289],[-25,9],[-16,-1],[-18,-5],[-21,0],[-128,80],[-119,134],[125,-120],[-14,57],[-21,31],[-17,25],[-52,48],[-89,65],[-34,33],[-16,37],[22,36],[11,33],[-15,45],[-26,44],[-49,60],[-45,80],[-10,35],[1,23],[15,28],[3,19],[-5,10],[-13,7],[-13,11],[-6,18],[-28,38],[-7,15],[-21,107]],[[5059,2291],[61,28],[1,-3],[39,-68],[47,-19],[154,-17],[81,7],[83,-8],[41,11],[34,21],[64,20],[62,35],[23,42],[30,41],[52,55],[60,51],[64,42],[73,56],[63,65],[98,133],[103,118],[22,51]],[[6314,2952],[0,1],[-9,51],[-15,36],[2,38],[35,28],[67,-6],[58,5],[121,57],[44,41],[78,48],[75,33],[42,40],[35,53],[83,52],[182,74]],[[7112,3503],[43,-8],[57,-18],[41,-45],[6,-16]],[[5585,1005],[3,-3],[2,0],[2,-5],[13,-15],[-4,-3],[1,-4],[-26,-15],[-4,-2],[-16,-10],[-30,-21],[0,2],[0,-1],[-8,25],[13,20],[0,1],[27,28],[21,0],[6,3]],[[6831,2127],[33,-52],[8,-38],[52,-10],[55,-29],[-28,-107],[-1,-41],[-20,-39],[-96,-32],[-47,-21],[-75,-13],[-53,-35],[-23,-52],[-36,-51],[-30,-59],[-8,-115],[12,-51],[20,-48],[10,-56],[0,-41],[25,-40],[46,-43],[-24,-30],[-53,-25],[-20,-31],[-5,-36],[27,-30],[33,-13],[31,-35],[-1,-45],[5,-47],[32,-47],[45,-38],[100,-37],[44,3]],[[6889,743],[9,-406],[-16,-57],[-25,-47],[-33,-20],[-39,-29],[1,-66],[14,-71],[-3,-47],[-44,54],[-67,40],[-77,28],[-78,15],[-3,-52],[-23,-18],[-33,6],[-36,25],[-2,18],[12,55],[-54,73],[-5,19],[1,16],[4,26],[0,84],[5,25],[24,28],[6,23],[-196,406],[-16,22],[-54,54],[-43,77],[-20,22],[-80,51],[-32,14],[-11,3],[-10,6],[-10,29],[-6,11],[-43,22],[-99,38],[-44,24],[-47,33],[-22,11],[-4,1]],[[4744,2552],[-6,-10],[-22,16],[-17,32],[3,10],[7,0],[9,-9],[6,-15],[21,-17],[-1,-7]],[[4749,2767],[-28,-55],[-1,1],[39,105],[2,-2],[4,0],[-13,-40],[-3,-9]],[[4783,2867],[-1,0],[36,76],[5,1],[2,-14],[-42,-63]],[[4846,3042],[-3,-20],[-1,1],[6,82],[5,-1],[-7,-62]],[[5059,2291],[-9,49],[-18,28],[-38,31],[46,26],[26,47],[-10,41],[-62,7],[-12,-14],[-11,-27],[-17,-20],[-33,1],[-13,17],[5,55],[-8,19],[-40,14],[-22,-16],[-19,-23],[-26,-6],[-29,20],[-7,27],[6,27],[12,18],[29,12],[36,4],[31,7],[10,24],[-14,12],[-92,18],[0,16],[77,0],[-8,21],[-42,28],[-27,25],[7,32],[24,11],[27,7],[13,19],[-8,31],[-13,25],[9,23],[13,29],[23,21],[-5,17],[5,18],[33,70],[15,13],[26,5],[-37,20],[15,31]],[[4927,3151],[52,-15],[87,-10],[71,-14],[61,21],[25,39],[57,28],[65,40],[46,37],[60,36],[76,27],[150,22],[83,4],[71,-19],[39,-19],[20,-32],[18,-40],[97,-79],[9,-58],[-17,-111],[16,-36],[44,-27],[37,0],[53,19],[49,5],[36,-9],[82,-8]],[[7107,6267],[-2,-2],[-45,-9],[-43,14],[-27,29],[-42,20],[-67,21]],[[6881,6340],[11,31],[54,88],[22,23],[7,12],[0,13],[-7,14],[-11,17],[15,23],[17,14]],[[6989,6575],[82,-27],[148,-37],[53,-22],[38,-30],[18,-28],[-9,-28],[-23,-11],[-51,-6],[-58,-19],[-34,-33],[-22,-44],[-24,-23]],[[8275,6000],[-23,-50],[-14,-36],[6,-34],[-37,-45],[-137,-109],[-43,-81]],[[8027,5645],[-28,6],[-104,-8],[-7,-4]],[[7888,5639],[-6,37],[-45,61],[-33,24],[-13,35],[-49,30],[-123,-24],[-47,3],[-67,-3],[-75,-16],[-40,7],[8,39],[13,36],[-10,31],[-9,22],[9,25],[8,26],[3,30],[-7,41],[-38,25],[-120,45],[-59,34],[-37,35],[-44,85]],[[6989,6575],[1,1],[14,17],[6,30],[9,22],[20,22],[26,17],[25,7],[-2,9],[6,23],[22,46],[20,26]],[[7136,6795],[32,-9],[134,8],[45,-24],[39,-67],[49,-15],[43,-10],[40,-15],[67,-17],[36,-32],[-12,-45],[34,-29],[65,-16],[41,-23],[31,-24],[37,-5],[38,2],[33,-27],[26,-35],[43,-17],[33,-20],[4,-39],[15,-56],[-18,-59],[-46,-50],[6,-34],[50,-30],[61,-29],[54,-7],[40,-22],[72,-32],[47,-17]],[[9643,6575],[2,-1],[19,-2],[10,-12],[6,-5],[-7,-18],[-38,1],[-13,6],[-4,5],[-1,0],[-12,16],[10,-3],[24,11],[1,2],[2,0],[1,0]],[[9181,5399],[-10,0],[-110,13],[-181,85],[-38,-6],[-23,-46],[-48,-35],[-64,0],[-81,24],[-148,30],[-64,24],[-25,16]],[[8389,5504],[-57,36],[-48,0],[-47,-18],[-38,-4],[-37,19],[-43,20],[-48,8],[-15,29],[7,43],[-36,8]],[[8275,6000],[5,12],[38,12],[32,-5],[34,10],[22,30],[-31,95],[53,31],[30,6]],[[8458,6191],[57,13],[48,14],[37,25],[49,27],[65,25],[38,21],[-4,15],[-10,25],[-1,32],[19,38],[46,31],[38,17],[128,41],[132,62],[61,15],[50,28],[30,38],[32,32],[36,15],[35,10],[45,22],[16,29],[-25,28],[14,22],[110,18],[36,19],[82,34],[59,10],[33,-15],[7,-9]],[[9721,6873],[-117,-45],[-55,-37],[-183,-175],[-29,-37],[-23,-52],[-15,-59],[-5,-59],[2,-57],[33,-119],[-2,-31],[-14,-30],[2,-63],[33,-48],[64,-31],[76,-11],[0,-14],[-32,3],[-31,-2],[-25,-7],[-18,-10],[25,-39],[14,-50],[-9,-44],[-58,-26],[-5,-19],[8,-23],[17,-21],[5,-21],[-24,-19],[-61,-27],[-69,-63],[-3,-24],[4,-54],[-11,-21],[-13,-17],[-7,-25],[-6,-49],[-5,-13],[-10,-10],[-5,-10],[10,-13],[2,-2]],[[9176,7220],[-3,-91],[2,-24],[36,-29],[-4,-19],[-24,-15],[-40,-11],[-50,5],[-104,34],[-29,16],[-36,27],[-28,27],[-17,27],[-28,28],[-6,22],[31,17],[71,24],[43,22]],[[8990,7280],[14,-7],[7,-8],[17,-13],[38,-11],[110,-21]],[[7888,5639],[-37,-20],[-18,-44],[-47,-15],[-53,0],[-41,-23],[-45,-34],[-58,-25],[-114,-71],[-67,-22],[-87,-36],[-54,16],[-48,43],[-60,19],[-97,6],[-54,-26],[-8,-57],[-52,-22],[-119,-4],[-114,51],[-64,9],[-73,28],[-148,86],[-61,42],[-47,39],[-91,110]],[[6231,5689],[72,62],[18,32],[9,51],[21,43],[58,80],[16,48],[15,21],[67,15],[18,17],[12,20],[13,19],[41,34],[45,26],[55,11],[71,-10],[-10,42],[27,28],[37,30],[18,44],[8,14],[35,14],[4,10]],[[8767,6837],[-57,0],[-48,9],[-36,24],[-37,34],[-57,35],[-39,51],[16,57],[-12,48],[-56,43],[-38,32],[16,23],[18,19],[21,35],[35,30],[107,50],[29,19],[39,15],[37,-9],[21,-17],[-6,-28],[4,-26],[16,-25],[16,-27],[24,-78],[39,-26],[16,-34],[-16,-51],[1,-39],[46,-20],[36,-24],[-19,-33],[-75,-74],[-41,-13]],[[9176,7220],[340,-64],[32,-16],[-16,-28],[-5,-23],[7,-40],[24,-66],[26,-32],[21,-7],[69,8],[35,-3],[41,-8],[37,-15],[20,-19],[-86,-34]],[[8458,6191],[-24,42],[-88,65],[-14,43],[-7,40],[30,29],[15,40],[-83,95],[-50,16],[-72,-3],[-51,22],[13,51],[-10,40],[-52,39],[-11,39],[11,45],[-2,47],[36,31],[128,30],[33,27],[10,32],[-5,31],[-50,57],[-42,18],[-40,7],[-31,22],[-47,23],[-61,24],[-42,35]],[[7952,7178],[111,16],[46,14],[61,39],[18,8],[22,3],[30,0],[35,-9],[18,-20],[12,-21],[15,-12],[34,11],[-35,43],[-57,45],[-30,15],[9,21],[17,11],[19,7],[8,7],[20,40],[32,45],[64,45],[95,38],[108,19],[106,-10],[44,-25],[98,-109],[36,-57],[11,4],[27,5],[30,3],[22,-5],[-2,-6],[-10,-10],[-10,-14],[1,-17],[10,-9],[23,-13]],[[9999,8308],[-21,-11],[-3,22],[24,-11]],[[7136,6795],[88,109],[68,64],[71,46],[181,47],[42,21],[36,25],[45,18],[88,25],[197,28]],[[6350,4717],[0,-28],[-42,-11],[-12,-23],[6,-31],[-20,-35],[-16,-43],[-1,-44],[-11,-51],[-9,-104],[20,-49],[36,-25],[38,-11],[55,-22],[-10,-28],[-37,-12],[-25,-17],[-23,-12]],[[6299,4171],[-10,-6],[-118,19],[-57,-1],[-120,47],[-193,17],[-114,34],[-66,14],[-74,3],[-216,-20],[-74,34]],[[5257,4312],[7,11],[16,55],[12,23],[69,53],[20,22],[27,60],[40,60],[57,125],[26,36],[30,24],[24,13],[22,8],[15,11],[6,23],[12,21],[50,32],[12,23],[6,78],[9,22],[26,20],[112,102]],[[5855,5134],[57,-14],[39,-28],[26,-49],[10,-58],[44,-42],[117,-28],[43,-27],[31,-39],[20,-31],[0,-30],[12,-26],[42,-6],[54,-28],[0,-11]],[[4899,3136],[-18,-10],[-3,9],[23,24],[9,18],[11,12],[6,-4],[1,-9],[-14,-15],[-15,-25]],[[4921,3235],[-9,-9],[2,14],[20,30],[8,3],[-4,-15],[-17,-23]],[[4969,3305],[-1,0],[0,34],[5,-3],[1,-22],[-5,-9]],[[4983,3381],[-5,-14],[-1,3],[-2,-2],[-5,16],[12,-3],[1,0]],[[4970,3428],[-5,-11],[-10,14],[-3,3],[16,-3],[0,-2],[2,-1]],[[4677,3420],[-31,-13],[37,43],[137,109],[104,105],[25,6],[-89,-114],[-44,-35],[-29,-28],[-37,-29],[-29,-16],[-44,-28]],[[6540,3817],[60,-5],[66,-21],[40,-9],[51,-21],[-4,-41],[-29,-41],[12,-37],[26,-51],[4,-45],[11,-30],[75,-10],[251,-2],[9,-1]],[[4927,3151],[38,2],[32,12],[14,-4],[-8,25],[-22,-13],[-18,4],[-24,1],[-1,26],[25,43],[36,2],[53,0],[-36,81],[-41,63],[19,28],[0,16],[-30,11],[4,14],[17,16],[9,20],[39,41],[-84,-5],[-2,68]],[[4947,3602],[10,1],[1,0],[104,10],[81,-37],[60,0],[39,24],[16,38],[21,23],[52,7],[68,44],[44,19],[37,29],[161,73],[70,16],[124,18],[68,3],[52,-36],[49,-46],[124,-36],[36,4],[82,19],[46,-26],[23,-31],[62,5],[116,19],[38,10],[0,27],[4,38],[5,0]],[[5628,3578],[-37,-32],[9,-44],[60,-18],[69,-35],[72,-13],[66,21],[45,4],[29,17],[-25,53],[-24,31],[-40,17],[-55,17],[-77,-6],[-92,-12]],[[9181,5399],[7,-6],[9,-11],[7,-12],[2,-8],[-14,-19],[-57,-43],[-62,-67],[-45,-29],[-15,-15],[7,-17],[-8,-11],[-66,-39],[-24,-19],[-28,-47],[-28,-94],[-73,-84],[-14,-34],[2,-37],[17,-40],[15,-17],[13,-9],[8,-10],[1,-25],[-11,-28],[-36,-45],[-7,-27],[-4,-49],[-32,-126],[-62,-133],[-79,-311],[-47,-76],[-109,-498]],[[8448,3413],[-34,8],[-106,-41],[-38,-42],[17,-54],[6,-53],[-36,-53],[-33,-41],[-27,-52],[-23,-65],[-37,-60],[-47,-103],[-31,-47],[1,-53],[-9,-48],[-63,-29],[-81,9],[-115,75],[-90,125],[-56,12],[-62,7],[-49,37],[-60,22],[-77,22],[-49,64],[-11,57]],[[7259,3416],[60,27],[30,22],[-17,48],[15,21],[15,32],[51,29],[72,13],[73,2],[52,37],[13,66],[39,40],[75,22],[44,24],[16,40],[31,98],[13,65],[-10,56],[-11,42],[-31,31],[-21,31],[55,73],[3,29],[25,55],[37,65],[31,68],[15,78],[6,58],[-18,35],[-20,26],[23,59],[50,82],[79,81],[2,30],[-14,35],[-51,26],[-28,24],[-3,77],[36,22],[66,17],[51,19],[-3,28],[-13,49]],[[8097,5198],[27,15],[13,16],[33,13],[30,29],[13,40],[29,38],[74,37],[24,48],[4,32],[45,38]],[[6540,3817],[-26,27],[-81,-6],[-67,-17],[-57,20],[-39,37],[9,44],[19,40],[-10,60],[10,56],[20,36],[-19,57]],[[6350,4717],[42,-1],[176,-20],[41,6],[49,36],[75,112],[36,65],[63,24],[99,-11],[59,2],[57,59],[29,15],[89,-52],[34,7],[26,43],[46,30],[65,-1],[49,15],[77,59],[50,22],[44,6],[86,36],[61,2],[61,8],[110,34],[45,2],[47,-8],[131,-9]],[[5855,5134],[6,6],[7,25],[32,22],[22,49],[27,95],[91,125],[28,77],[33,42],[130,114]],[[4947,3602],[45,40],[-2,128],[7,95],[28,77],[43,59],[12,78],[23,68],[12,23],[61,64],[10,21],[7,11],[55,34],[9,12]],[[8774,109],[-8,-10],[-11,7],[8,11],[11,-8]],[[8728,244],[-54,-14],[-72,23],[-67,38],[-38,29],[11,21],[0,20],[-10,18],[-17,17],[192,0],[0,-14],[-5,-8],[-8,-19],[-4,-23],[9,-20],[46,-27],[20,-20],[-3,-21]],[[8492,1636],[-1,-8],[-7,2],[-17,0],[-9,1],[-5,5],[-26,8],[-27,38],[-14,33],[5,5],[99,6],[11,-5],[7,-15],[-7,-31],[-9,-13],[-4,-13],[4,-13]],[[8448,3413],[-45,-206],[-22,-37],[-69,-74],[-26,-38],[-20,-48],[-15,-89],[2,-79],[-10,-75],[-48,-78],[-20,-16],[-47,-27],[-21,-18],[-10,-17],[-17,-46],[-47,-65],[-29,-102],[-21,-46],[-100,-116],[-13,-21],[-137,-92],[-32,-30],[-5,-21],[7,-49],[-2,-22],[-12,-25],[-21,-27],[-47,-47],[-46,-35],[-158,-84],[-106,-93],[-26,-11],[-21,-22],[-51,-105],[-26,-39],[-79,-79],[-32,-47],[-19,-96],[-47,-131],[-93,-131],[-14,-45],[-16,-126],[2,-115]],[[3141,2877],[-17,-7],[-13,12],[-15,37],[10,9],[37,10],[27,-5],[1,-17],[-2,-13],[-12,-8],[-16,-18]],[[3130,2971],[-17,-25],[-22,6],[-20,19],[-2,19],[12,9],[31,-4],[18,-24]],[[3610,2996],[-5,-1],[0,1],[-1,0],[-10,10],[4,2],[-1,3],[16,1],[3,1],[5,0],[4,-6],[-2,-3],[6,-7],[-11,-1],[-1,0],[-7,0]],[[3621,3015],[-4,0],[2,5],[3,-4],[-1,-1]],[[3746,3031],[4,-1],[22,0],[-4,-8],[4,-2],[-10,-12],[-8,-14],[-5,12],[-6,10],[2,14],[1,0],[0,1]],[[3728,3036],[-1,-6],[2,0],[0,-4],[-5,1],[-5,1],[1,1],[-4,1],[5,0],[7,6]],[[3346,3047],[-18,-6],[12,14],[6,-8]],[[2894,3150],[-3,-1],[-1,1],[-3,3],[4,2],[3,-1],[0,-4]],[[2856,3163],[-3,-2],[-1,1],[-3,4],[5,2],[1,-2],[1,-3]],[[2895,3164],[-1,-8],[-3,0],[-4,12],[8,-4]],[[3417,3262],[-8,-1],[-8,0],[-30,-13],[-3,2],[3,11],[11,11],[7,5],[16,2],[14,-7],[-2,-10]],[[3335,3314],[1,-18],[5,-12],[7,-5],[7,-5],[-6,-12],[-12,-9],[1,-7],[5,-8],[-14,-5],[-32,3],[-15,5],[14,24],[-2,33],[-9,-5],[-19,-5],[-6,18],[20,40],[16,3],[27,-29],[6,-1],[6,-5]],[[2849,3359],[7,-2],[3,1],[13,-4],[-3,-4],[3,-9],[-6,-7],[-20,-4],[-3,4],[-8,4],[10,18],[2,0],[2,3]],[[3424,3551],[-25,-13],[-4,-1],[-3,-2],[-7,0],[-13,-4],[-23,-10],[-2,4],[-10,1],[-3,14],[2,1],[-1,0],[1,0],[5,3],[18,-4],[3,2],[10,4],[3,1],[1,0],[22,9],[24,-4],[2,-1]],[[3615,3769],[-6,-10],[40,10],[30,-3],[22,1],[16,21],[46,-67],[13,-31],[-6,-24],[-19,16],[-25,13],[-28,4],[-39,-17],[-27,-3],[-14,-6],[-7,-11],[-11,-32],[-7,-9],[-45,-21],[-48,-6],[-47,15],[-48,38],[13,19],[26,-25],[39,-6],[42,9],[35,22],[-24,7],[-19,10],[-15,12],[-14,17],[-6,-7],[0,-3],[-1,-1],[-11,-4],[-2,31],[2,31],[18,0],[21,-4],[72,36],[46,12],[-12,-34]],[[3223,3697],[-37,0],[6,16],[12,10],[19,4],[24,2],[22,6],[6,16],[1,37],[32,81],[30,24],[42,-29],[-25,-11],[-17,-28],[-27,-66],[-1,-18],[6,-15],[-3,-10],[-29,-4],[-22,-1],[-15,-2],[-12,-4],[-12,-8]],[[3555,3836],[-22,-5],[-11,11],[-8,27],[-20,23],[-42,33],[54,32],[33,-14],[31,-21],[13,-23],[-24,-18],[10,-27],[-14,-18]],[[3581,4072],[-3,-7],[-1,3],[-1,0],[-11,20],[3,4],[-5,7],[17,11],[11,17],[6,7],[4,-6],[0,-2],[25,-11],[-4,-14],[-22,-10],[-19,-19]],[[81,5593],[-52,-12],[-29,9],[49,77],[13,11],[21,4],[20,0],[19,-10],[17,-14],[-1,-25],[-13,-16],[-16,-1],[-11,-9],[-5,-9],[-12,-5]],[[621,5800],[46,-98],[-10,-67],[-38,-36],[-66,33],[-50,13],[-80,-7],[-70,-34],[-38,-47],[-33,-14],[-39,15],[-26,1],[-23,8],[-12,16],[4,6],[22,21],[6,10],[2,16],[-1,19],[-7,33],[-17,33],[-2,16],[15,7],[74,29],[99,-51],[68,6],[11,68],[22,42],[74,12],[69,-50]],[[3267,6860],[-28,-11],[-13,9],[7,24],[23,11],[17,-2],[2,-15],[-8,-16]],[[4601,9064],[-2,-18],[-19,-15],[-17,-7],[-23,-9],[24,43],[24,-4],[2,7],[11,3]],[[4485,9070],[-20,-16],[-23,26],[35,10],[26,-11],[-18,-9]],[[4453,9489],[10,-4],[44,19],[27,0],[0,-14],[-28,-24],[-54,-22],[-16,-2],[-25,13],[-7,18],[4,21],[11,16],[10,1],[0,-10],[3,-6],[21,-6]],[[4663,9624],[-2,-10],[-4,-7],[5,-9],[-1,-7],[-12,9],[-15,16],[-10,5],[-24,-9],[-9,3],[-13,-3],[-14,-12],[-12,-39],[-11,5],[-5,12],[5,33],[5,12],[11,5],[26,7],[6,7],[22,10],[25,-3],[13,-15],[8,-4],[6,-6]],[[5938,9970],[-11,-3],[-6,1],[-5,2],[-7,-3],[-7,-7],[-11,-16],[-3,4],[-12,2],[-6,2],[-12,5],[11,13],[-5,11],[9,4],[22,14],[26,-11],[6,-10],[11,-8]]],"transform":{"scale":[0.0003871236732673101,0.0004484579316931754],"translate":[118.20899498800023,21.904608466000084]},"bbox":[118.20899498800023,21.904608466000084,122.07984459700006,26.388739325000145]}