{"type":"Topology","objects":{"subunits":{"type":"GeometryCollection","geometries":[{"type":"Polygon","id":"Mbeya","arcs":[[0,1,2,3,4,5,6]]},{"type":"Polygon","id":"Rukwa","arcs":[[-5,7,8]]},{"type":"Polygon","id":"Zanzibar South and Central","arcs":[[9,10,11]]},{"type":"Polygon","id":"Mwanza","arcs":[[12,13,14,15,16]]},{"type":"Polygon","id":"Shinyanga","arcs":[[17,18,19,20,-14]]},{"type":"Polygon","id":"Tabora","arcs":[[21,-7,22,23,24,-20]]},{"type":"Polygon","id":"Kagera","arcs":[[25,-16,26,27,28]]},{"type":"Polygon","id":"Kigoma","arcs":[[-24,29,30,-28,31]]},{"type":"Polygon","id":"Dar-Es-Salaam","arcs":[[32,33]]},{"type":"Polygon","id":"Morogoro","arcs":[[34,35,36,37,38,39,40,41]]},{"type":"Polygon","id":"Kaskazini-Pemba","arcs":[[42,43]]},{"type":"MultiPolygon","id":"Kusini-Pemba","arcs":[[[44]],[[45,-43]]]},{"type":"MultiPolygon","id":"Pwani","arcs":[[[46]],[[47]],[[48,-33,49,50,-35,51]]]},{"type":"MultiPolygon","id":"Kaskazini-Unguja","arcs":[[[52]],[[-11,53,54]]]},{"type":"Polygon","id":"Zanzibar West","arcs":[[-10,55,-54]]},{"type":"Polygon","id":"Dodoma","arcs":[[-40,56,57,58]]},{"type":"Polygon","id":"Iringa","arcs":[[-57,-39,59,-2,60]]},{"type":"MultiPolygon","id":"Lindi","arcs":[[[61]],[[62]],[[63,64,65,-36,-51]]]},{"type":"Polygon","id":"Mtwara","arcs":[[66,-65,67]]},{"type":"Polygon","id":"Ruvuma","arcs":[[-66,-67,68,69,-37]]},{"type":"Polygon","id":"Singida","arcs":[[70,-58,-61,-1,-22,-19,71,72]]},{"type":"Polygon","id":"Arusha","arcs":[[73,74,-73,75,76,77]]},{"type":"Polygon","id":"Manyara","arcs":[[78,-41,-59,-71,-75,79]]},{"type":"Polygon","id":"Kilimanjaro","arcs":[[80,81,-80,-74]]},{"type":"Polygon","id":"Mara","arcs":[[-77,82,-17,-26,83]]},{"type":"Polygon","id":"Tanga","arcs":[[-52,-42,-79,-82,84]]},{"type":"Polygon","id":"Katavi","arcs":[[-23,-6,-9,85,-30]]},{"type":"Polygon","id":"Simiyu","arcs":[[-76,-72,-18,-13,-83]]},{"type":"Polygon","id":"Geita","arcs":[[-21,-25,-32,-27,-15]]},{"type":"Polygon","id":"Njombe","arcs":[[-38,-70,86,-3,-60]]}]}},"arcs":[[[3741,4456],[28,-24],[20,-31],[13,-48],[7,-51],[21,-37],[39,-15],[31,-31],[21,-41],[14,-21],[18,-19],[51,-16],[12,-22],[3,-25],[16,-39],[3,-38],[15,-9],[18,-4],[37,-28],[41,-19]],[[4149,3938],[23,-16],[15,-17],[-13,-26],[-18,-22],[-25,-60],[-20,-36],[-25,-33],[-16,-34],[-8,-38],[13,-27],[34,-5],[419,22],[46,-4],[133,-33],[33,-24],[38,-13],[243,-40],[9,-28],[-3,-24],[24,-4],[43,4],[41,-15],[25,-26],[-22,-30],[-39,-32],[-50,-15],[-22,-28],[-32,-77],[-23,-40],[-32,-25],[-38,-13],[-33,-32],[-26,-40],[-18,-39],[14,-38],[19,-28],[15,-32],[-11,-61]],[[4862,2909],[-22,-61],[-20,-14],[-30,4],[-33,-13],[-29,-21],[-24,-49],[-31,-34],[-42,-17],[-46,-1],[-87,13],[-89,-23],[-52,-1],[-53,5],[-45,-19],[-9,-27],[-25,-9],[-67,24],[-49,-10],[-37,-34],[-51,-86],[5,-45],[30,-35],[21,-39],[15,-42],[-19,-11],[-5,-19],[30,-7],[10,-13],[3,-29],[20,-26],[49,-87],[27,-39],[17,-7],[18,-3],[36,-37],[-3,-30]],[[4275,2067],[-28,19],[-31,11],[-15,-13],[-11,-13],[-21,-18],[-14,-23],[17,-42],[-1,-16],[-7,-28],[0,-17],[-4,-12],[-7,-10],[-13,-9],[0,-6],[-15,-17],[-11,8],[-9,19],[-22,18],[-25,16],[-21,9],[-24,16],[-23,23],[-24,16],[-29,-8],[-24,-14],[-23,-3],[-24,4],[-27,9],[-31,3],[-22,-9],[-21,-13],[-28,-7],[-37,3],[-17,6],[-14,10],[-11,17],[-15,35],[-17,16],[-51,37],[-16,5],[-8,-1],[-14,-10],[-8,-2],[-10,1],[-19,5],[-13,0],[-5,-3],[-13,-10],[-8,-3],[-3,2],[-27,11],[-24,5],[-8,4],[-55,43],[-45,46],[-16,10],[-18,-1],[-17,-9],[-13,-15],[-14,9],[-67,26],[-42,28],[-7,2],[-15,-2],[-7,3],[-5,6],[-3,14],[-3,8],[-13,13],[-11,7],[-64,5],[-78,17],[-33,3],[-13,9],[-13,20],[-17,42],[-10,13],[-32,23],[-37,9],[-117,-2],[-19,2],[-18,7],[-18,13],[-33,35],[-8,4]],[[2538,2476],[0,6],[-8,56],[9,11],[14,2],[-12,37],[-34,33],[-21,15],[-16,19],[18,26],[-31,34],[-42,29],[19,37],[112,41],[52,33],[67,88],[4,104],[-15,51],[3,53],[33,41],[55,2],[113,78],[23,-11],[4,-18],[-4,-28],[14,-23],[1,-28],[4,-27],[75,-98],[37,-3],[35,5],[34,-7],[-7,61],[-207,285],[-43,44],[-166,114],[-242,130]],[[2416,3668],[-16,33],[25,80],[35,75],[32,49],[92,37],[33,66],[36,101],[0,98],[205,73],[46,26]],[[2904,4306],[62,-1],[62,10],[23,18],[58,96],[10,23],[22,9],[40,-4],[30,20],[22,20],[28,11],[77,18],[73,-22],[63,-43],[72,-17],[195,12]],[[2538,2476],[-10,6],[-9,0],[-17,-4],[-8,-1],[-10,3],[-25,15],[-23,4],[-15,-6],[-13,-10],[-18,-8],[-39,9],[-18,37],[0,46],[17,37],[-134,38],[-21,-2],[-30,-17],[-19,-7],[-18,0],[-15,6],[-86,69],[-21,28],[-7,40],[0,35],[-6,23],[-18,16],[-35,10],[-14,9],[-19,23],[-14,8],[-14,1],[-12,-2],[-12,1],[-12,9],[-3,6],[-3,17],[-3,6],[-8,5],[-3,-2],[-2,-3],[-7,-3],[-10,-2],[-46,-17],[-7,-5],[-8,-3],[-12,2],[-9,8],[-17,23],[-11,8],[-21,0],[-19,-11],[-19,-13],[-19,-10],[-37,1],[-40,14],[-37,23],[-30,24],[-61,66],[-57,85],[-45,92],[-23,88],[-22,84],[-65,165],[-192,308],[-24,88],[-9,61],[-32,117],[-67,150]],[[875,4264],[254,189],[98,31],[196,10],[78,-31],[39,-121],[0,-81],[39,-61],[128,-10],[147,-11],[48,-60],[10,-102],[20,-142],[19,-131],[118,-21],[147,-20],[200,-35]],[[8974,5105],[-1,5],[-3,19],[-16,17],[-9,22],[-2,23],[6,73],[-5,19],[-1,19]],[[8943,5302],[65,4],[35,24],[5,3]],[[9048,5333],[1,-2],[10,-43],[5,-3],[19,-3],[2,-12],[-2,-12],[-4,-11],[-2,-13],[1,-15],[1,-11],[4,-10],[6,-12],[-10,-13],[-5,-8],[-3,-11],[13,6],[8,-6],[7,-10],[9,-8],[0,14],[6,9],[8,0],[4,-11],[4,1],[1,0],[0,2],[1,3],[15,-3],[0,19],[-4,28],[2,20],[15,-21],[8,-27],[17,-136],[3,-8],[25,-44],[-5,-40],[-22,-28],[-32,-12],[-33,10],[-13,13],[-13,16],[-8,18],[-18,80],[2,14],[-20,-7],[0,-10],[8,-12],[6,-13],[-1,-21],[-5,-5],[-25,10],[4,18],[-5,14],[-23,26],[-29,45],[-7,7]],[[3627,8899],[115,-224],[27,-37],[68,-83],[40,-40],[32,-30],[41,-19],[41,-26],[22,-43],[-3,-26],[-17,-19],[-18,1],[-16,-6],[-34,-28],[-62,18],[-25,-16],[-21,-6],[-16,-14],[-13,-18],[-22,-5],[-12,-24],[27,-104],[-7,-38],[-26,-80],[-6,-44],[-12,-29],[-22,-22],[-22,-67]],[[3686,7870],[-49,-31],[-36,-10],[-38,-6],[-34,8],[-31,-11],[-34,-69],[-60,-29],[-21,13],[-17,18],[-17,8],[-19,2],[-27,15],[-30,9],[-24,20],[-14,34],[-26,25],[-27,21],[-26,-5],[-30,-10],[-23,7],[-18,-11],[-14,-29],[-26,-13],[-26,1],[-7,-25],[-12,-35],[4,-30],[21,-3],[-1,-26],[-33,1],[-72,46],[-32,24],[-1,48],[7,52],[-8,34],[-19,28]],[[2866,7941],[77,221],[-78,68],[23,70],[-157,95],[48,94],[-152,26],[-28,39],[-46,17],[-37,25],[-58,40],[-68,36],[-26,21],[-15,29],[3,24],[-10,21],[-18,17],[-4,30],[-7,48],[-16,56]],[[2297,8918],[743,632]],[[3040,9550],[15,-14],[551,9],[109,-44],[10,-48],[-4,-51],[2,-51],[-8,-49],[-24,20],[-39,5],[-38,-28],[-38,-89],[4,-14],[12,-20],[-7,-12],[-1,-7],[1,-14],[-3,-2],[-22,-14],[28,-20],[35,18],[35,26],[32,2],[2,9],[7,5],[10,0],[11,-1],[-6,-12],[6,-7],[19,-13],[7,-11],[-2,-5],[-24,-16],[39,-4],[36,-9],[-2,-3],[-1,-1],[-1,0],[-3,-2],[7,-3],[2,-2],[3,1],[7,4],[14,-16],[-4,-13],[-11,-13],[-6,-13],[-7,3],[-41,1],[-59,41],[-28,8],[-25,-24],[25,-38],[-12,-3],[-4,-4],[-2,-6],[-36,31],[-14,3],[0,-27],[-6,0],[-6,13],[-13,19],[-13,10],[-11,-11],[14,-6],[6,-12],[1,-13],[-7,-10],[-4,3],[-22,7],[0,-2],[-25,2],[-5,1],[-2,2],[-2,-1],[-4,-9],[3,-1],[2,-7],[1,-10],[1,-7],[-4,-10],[-8,-13],[-1,-10],[2,-7],[3,-7],[8,-11],[16,19],[18,10],[20,0],[26,-10],[23,-13],[10,-10],[4,-12],[5,-8]],[[3686,7870],[46,-6],[43,-39],[64,-62],[79,-39],[45,-13],[33,8],[31,17],[27,-12],[26,-52],[43,-27],[66,-8],[84,-2],[73,-22],[29,-49],[31,-106],[38,-92],[50,-66],[38,-37],[43,-32]],[[4575,7231],[-23,-26],[-54,-14],[-34,-31]],[[4464,7160],[-26,4],[-21,-12],[-12,-22],[-24,-1],[-31,14],[-32,2],[-18,5],[-14,14],[-18,7],[-20,-6],[-29,0],[-29,9],[-25,18],[-18,25],[-24,16],[-28,4],[-54,1],[-68,24],[-30,-1],[-30,-5],[-18,15],[-4,23],[-50,12],[-52,-13],[-25,-9],[-61,-1],[-50,14],[-104,-26],[-80,-39],[-48,-2],[-53,4],[-41,36],[-37,12],[-43,-19],[-64,14],[-15,-8],[-13,-13],[-58,-26],[-49,-17],[10,-53],[-14,-51],[-21,-4],[-10,-16],[-16,-15],[-6,-16],[15,-19],[18,-16],[41,-15],[-17,-49],[-87,-26],[-22,-1],[-1,15],[1,18],[-10,26],[-17,19],[-29,14],[-32,-20],[-24,-4],[-14,-24],[-6,-37],[6,-35],[-3,-20],[-14,-11],[-23,-30],[-32,-7],[-37,18],[-34,21],[-73,24],[-75,-15],[-73,-58],[-67,-32],[6,35],[3,39],[-13,46],[-3,48],[2,50],[-7,48],[-26,26],[-30,23],[-80,17],[-105,33]],[[2129,7159],[-12,65],[12,59],[51,78],[79,72],[95,46],[91,13],[83,7],[12,72],[-15,92],[-13,94],[19,63],[39,52],[28,23],[34,10],[27,-20],[8,-34],[23,-20],[28,-3],[15,31],[21,25],[27,23],[56,28],[29,6]],[[4464,7160],[-4,-40],[-7,-17],[-8,-15],[-7,-30],[-28,-3],[-29,11],[-21,-19],[-46,-82],[-39,-86],[-107,-143],[-19,-85],[10,-79],[2,-80],[-32,-89],[0,-47],[15,-45],[8,-36],[-26,-73],[6,-39],[9,-39],[26,-28],[46,-17],[40,-25],[29,-24],[31,-21],[79,-83],[20,-25],[-25,-41],[-34,-35],[-58,-51],[-40,-63],[20,-24],[27,-20],[3,-42],[-19,-39],[-24,-20],[-5,-17],[-2,-18],[-1,-81],[-47,-181],[-3,-78],[10,-32],[4,-30],[-62,-47],[-53,-46],[-31,-52],[-10,-8],[-22,-3],[-19,-9],[-36,-26],[-92,-96],[-65,-25],[-14,-9],[-42,-52],[9,-21],[-6,-99],[5,-98],[-39,-82]],[[2904,4306],[21,93],[9,96],[-5,97],[4,96],[26,86],[53,69],[25,16],[18,24],[9,16],[5,18],[-6,13],[-8,13],[-5,19],[-15,9],[-131,12],[-37,14],[-27,30],[-33,53],[-13,14],[-9,4],[-20,3],[-17,13],[-31,14],[-10,7],[-5,5],[-9,14],[-1,5],[1,10],[0,4],[-6,5],[-11,2],[-6,3],[-12,9],[-46,26],[-22,17],[-23,27],[-21,31],[-15,34],[-15,63],[-12,16],[-6,16],[1,46],[-4,18],[-6,8],[-17,16],[-8,8],[-3,9],[-3,10],[-3,9],[-6,4],[-19,2],[-51,17],[0,6],[-14,-7],[-16,1],[-42,8],[-21,11],[-3,-1],[-3,-3],[-4,-2],[-6,3],[-8,10],[-5,4],[-5,2],[-27,-6],[-19,-14],[-18,-17],[-19,-14],[-18,-8],[-7,-5],[-10,-9],[-5,-7],[0,-3],[-12,-2],[-34,-14],[-10,-6],[-9,-2],[-67,21],[-10,-2],[-9,-14],[-14,10],[-15,-1],[-17,-6],[-19,-3],[-20,3],[-17,7],[-33,22],[-17,-7],[-37,5],[-17,-8],[-16,-3],[-13,14],[-17,31],[-18,7],[-18,-3],[-19,-7],[-17,-4],[-12,3],[-2,7],[5,13],[-1,5],[-4,9],[-1,5],[6,21],[-4,16],[-3,9],[-5,8],[3,7],[0,6],[-3,6],[-4,1],[-12,0],[-6,2],[-59,47],[-4,1],[-3,3],[-7,15],[-2,11],[0,11],[26,15],[2,23]],[[1564,5800],[70,19],[65,15],[16,32],[-33,148],[8,107],[44,126],[-4,25],[-11,14],[-6,16],[6,3],[44,35],[21,7],[6,4],[4,7],[4,14],[3,6],[16,11],[42,20],[7,11],[-10,97],[5,17],[17,12],[50,19],[8,10],[14,42],[-16,70],[-9,70],[-11,23],[-24,-3],[-7,42],[0,44]],[[1883,6863],[20,32],[10,39],[23,30],[36,11],[87,-10],[62,32],[-5,26],[-11,24],[-17,11],[-7,17],[13,28],[35,56]],[[3056,9983],[-16,-433]],[[2297,8918],[-53,-24],[-65,-7],[-11,-16],[5,-27],[2,-19],[-6,-17],[-6,-7],[0,-9],[-40,-20],[-45,-48],[-62,2],[-180,82],[-42,7],[-47,-17],[-60,-9],[-28,6],[-133,-236],[-98,-49],[-32,-91],[41,-46],[45,-39],[11,-59]],[[1493,8275],[-89,-83],[-17,-24],[-18,-21],[-23,-13]],[[1346,8134],[6,11],[-21,0],[-42,-12],[-21,-2],[-12,3],[-21,14],[-11,5],[-11,-1],[-9,-4],[-9,-2],[-12,3],[-2,4],[-3,15],[-2,5],[-4,3],[-12,5],[-58,36],[-8,2],[-12,-5],[-11,-9],[-18,-26],[-4,-2],[0,1],[-4,11],[-8,8],[-5,8],[4,10],[-16,4],[-14,14],[-22,30],[-2,16],[10,21],[20,27],[0,24],[3,14],[7,12],[52,56],[6,18],[-21,-8],[-32,-15],[-19,-7],[-18,1],[-10,10],[4,23],[7,11],[22,21],[8,12],[4,10],[8,29],[34,86],[12,20],[29,38],[18,11],[19,-2],[19,-6],[19,1],[10,9],[13,25],[10,8],[12,2],[10,-4],[47,-24],[7,-1],[8,2],[7,4],[12,3],[14,8],[15,7],[12,9],[9,17],[4,19],[-4,64],[8,41],[31,104],[-8,27],[-9,13],[-14,14],[-16,9],[-17,-4],[12,54],[-3,25],[-27,4],[5,8],[5,6],[15,11],[-7,17],[5,14],[9,14],[5,16],[-7,37],[-3,10],[10,26],[-2,8],[-8,13],[-2,5],[0,10],[12,73],[0,24],[-6,20],[-22,-9],[-14,12],[-8,21],[-9,33],[-4,7],[-11,13],[-15,20],[-5,12],[4,6],[3,11],[2,24],[-5,24],[-18,11],[-17,3],[-60,23],[-8,5],[-13,13],[-10,7],[-26,11],[-12,10],[-5,14],[1,7],[2,6],[2,4],[1,3],[-2,7],[-8,12],[-5,19],[-17,28],[-5,13],[-4,24],[-3,6],[-11,8],[-4,-1],[-6,-3],[-7,-1],[-8,5],[-2,6],[3,5],[3,6],[2,5],[-3,13],[-13,9],[-3,10],[3,11],[7,10],[7,8],[1,1],[7,6],[11,-1],[7,-5],[5,-5],[5,-2],[11,0],[16,4],[46,5],[19,-2],[22,-7],[11,9],[32,36],[13,7],[35,11],[33,18],[32,-8],[14,-8],[58,0],[165,0],[164,0],[20,0],[145,0],[164,0],[165,0],[160,0],[4,0],[165,0],[164,0],[165,0],[163,0]],[[1564,5800],[-21,75],[-9,12],[-15,17],[-4,6],[-11,23],[-7,7],[-7,6],[-6,8],[-5,11],[-3,40],[-6,16],[-15,7],[-16,-8],[-19,-37],[-14,-13],[-19,16],[-27,39],[-22,16],[-6,1],[-13,-2],[-6,1],[-6,6],[-13,20],[-28,19],[-41,2],[-248,-1],[-31,-22],[-58,-68],[-35,-32],[-44,-10],[-192,-3],[-16,-21],[81,-71],[35,-81],[59,-354],[25,-76],[54,-104],[28,-80],[42,-26],[29,-34],[-10,-58],[16,-38],[3,-42],[-85,-60],[-27,-82],[-23,-32],[-214,-185],[-32,-22]],[[582,4586],[-86,45],[-121,95],[-28,31],[-21,35],[-45,125],[-61,82],[-25,43],[-11,37],[-15,111],[-27,104],[-3,37],[18,59],[68,94],[28,52],[9,72],[-17,78],[-87,213],[-37,151],[-70,132],[-30,76],[-1,6],[-18,74],[-2,78],[18,79],[54,153],[9,79],[-3,37],[-3,12],[210,2],[44,-10],[37,-3],[4,-2],[10,8],[3,11],[1,12],[3,13],[6,5],[15,8],[5,8],[1,15],[2,3],[15,10],[9,-2],[10,-5],[15,-2],[8,2],[48,24],[32,31],[31,18],[9,8],[20,11],[11,15],[23,57],[9,14],[62,52],[27,34],[21,38],[2,6],[14,35],[16,67],[10,19],[48,50],[34,62],[23,15],[40,-14],[3,17],[-3,14],[-5,14],[-4,16],[1,17],[0,1],[7,17],[37,60],[6,17],[1,17],[-2,19],[4,11],[26,19],[2,4],[3,10],[2,3],[15,3],[2,-1],[1,-1],[17,1],[1,2],[1,8],[2,3],[24,5],[6,3],[7,6],[12,14],[42,21],[23,23],[2,25],[-28,16],[-6,3],[17,21],[17,16],[19,13],[25,9],[11,2],[9,5],[6,8],[2,11],[24,-12],[25,3],[22,15],[13,25],[0,6],[-4,16],[-1,7],[13,19],[8,22],[1,12],[-1,11],[-3,7],[-12,9],[-3,7],[1,5],[4,13],[0,5],[-9,12],[-22,22],[-5,14],[6,14],[28,34],[3,5]],[[1493,8275],[37,-16],[21,-41],[1,-15],[7,-11],[7,-3],[5,-7],[1,-70],[-25,-67],[-34,-55],[-1,-51],[8,-10],[10,0],[13,16],[17,11],[48,-36],[10,-67],[23,-65],[16,-32],[19,-30],[0,1],[2,-3],[15,-31],[-3,-35],[4,-29],[8,-33],[2,-63],[22,-59],[51,-49],[54,-124],[16,-76],[-5,-45],[-30,-86],[-3,-46],[8,-29],[3,-29],[11,-14],[3,-16],[19,-49],[30,-48]],[[9087,4234],[-11,15],[-12,-4],[-1,132],[-20,33],[-25,30],[-23,7],[-22,3],[-13,-2],[-12,1],[-30,-3],[-21,-31],[-14,-1],[-13,2],[-8,-17],[-13,-12],[-17,6],[-13,7],[-19,-15],[-12,-21],[-20,-13],[-19,17],[-17,-6],[-11,10],[11,22],[16,20],[5,22],[10,20],[18,10],[10,18],[-8,20],[-5,19],[-25,16],[-7,32],[0,18],[-12,10],[-21,1],[2,14],[25,33],[12,41],[4,45],[16,41],[17,15],[15,18],[7,6]],[[8811,4813],[2,-3],[23,-17],[7,-8],[14,-24],[8,-9],[15,-9],[8,-7],[6,-11],[3,-12],[2,-12],[5,-23],[14,-25],[16,-13],[14,17],[4,-27],[-4,-37],[1,-33],[18,-17],[-1,17],[-1,7],[-4,8],[16,-1],[13,-6],[26,-16],[13,-3],[28,-3],[11,-6],[13,-5],[33,0],[7,-5],[3,-13],[17,-23],[7,-27],[43,-59],[3,-6],[-1,-9],[-4,-6],[-5,-5],[-2,-6],[8,-59],[-1,-24],[-14,1],[-9,-12],[-7,-25],[-5,-11],[-10,-8],[-8,0],[-7,8],[-3,16],[-38,-27],[-1,-1]],[[7620,5431],[42,-33],[28,-48],[1,-27],[6,-25],[16,-18],[24,-54],[23,-31],[11,-22],[13,-20],[24,-8],[21,-4],[-13,-2],[-6,-8],[23,-12],[16,-20],[3,-75],[-18,-142],[-23,-55],[-17,-19],[0,-20],[-4,0],[9,-15],[12,-15],[8,-21],[17,-8],[26,-4],[26,-13],[90,-35],[21,-2],[21,4],[8,7],[10,5],[17,2],[16,-4],[16,-70],[-24,-55],[-8,-55],[35,-51],[20,0],[16,-10],[8,-9],[11,-5],[14,4],[14,6],[18,-4],[14,-10],[23,2],[16,-14],[3,-33],[9,-10],[5,-12],[-22,-48],[-33,-41],[-19,-40],[-36,-4],[-33,-21],[-26,-34],[-22,-69],[39,-116],[18,-39],[-5,-34],[-145,-26],[-44,-15],[-45,-9],[-31,8],[-33,4],[-80,-16],[-34,-12],[-27,-25],[-7,-47],[0,-48],[-10,-44],[2,-45],[-4,-5],[-5,-7],[-3,-8],[-3,-2],[-4,-3],[-5,-7],[-2,-5],[-10,-39],[-3,-22],[-2,-10],[-7,-9]],[[7620,3525],[-6,-8],[-9,-18],[-6,-8],[-7,-6],[-23,-14],[-15,-12],[-10,-13],[-18,-32],[-6,-7],[-6,-5],[-5,-6],[-2,-8],[0,-9],[-1,-7],[-3,-6],[-23,-27],[-7,-13],[-3,-14],[-6,-14],[-14,-8],[-16,-5],[-13,-5],[-7,-8],[-31,-51],[-11,-27],[-13,-19],[-4,-13],[-5,-7],[-6,-4],[-13,-5],[-5,-4],[-18,-22],[-25,-48],[-16,-22],[-18,-19],[-18,-24],[-7,-27],[15,-28],[4,-12],[-1,-20],[-2,-21],[-21,-71],[-39,-82],[-6,-27],[13,-84],[-1,-31],[24,-61],[-7,-58],[26,-40],[-6,-36],[-50,-16],[-42,-36],[-7,-59],[-11,-27],[-15,-26],[-70,-226]],[[7028,2019],[-67,-20],[-80,-61],[-29,-13],[-70,-46],[-60,-56],[-52,-63],[-72,-64],[-83,-47],[-61,-2],[-23,44],[49,66],[28,75],[-36,68],[-28,71],[1,30],[-12,26],[-10,-5],[-19,-5],[1,-42],[-8,-23],[-40,-58],[-23,-25],[-5,-4],[-75,-11],[-55,9],[-78,-20],[-24,14],[-5,8],[-8,-2],[-7,7],[3,12],[-40,-12],[-40,-36],[-8,-25],[-15,-20],[-32,-2],[-33,5],[-125,-5],[-39,31],[6,56],[14,13],[20,1],[17,14],[40,65],[31,39],[6,20],[-8,19],[4,30],[13,28],[37,34],[13,47],[-15,31],[-10,33],[-3,66],[-4,19],[-1,15],[6,9],[-3,9],[-58,-67],[-53,-51],[-35,-14],[-36,-9]],[[5729,2225],[-3,44],[-12,43],[-170,137],[-62,96],[-19,10],[-15,-13],[-17,-9]],[[5431,2533],[-11,37],[3,66],[-8,19],[-16,8],[-1,14],[23,35],[-1,41],[-15,38],[4,41],[72,2],[82,-24],[103,-18],[15,-22],[4,-79],[19,-16],[11,42],[-1,44],[33,118],[27,27],[83,39],[64,59],[34,97],[61,79],[70,66],[79,50],[33,-7],[29,7],[52,8],[16,27],[-6,32],[-5,15],[-1,16],[0,12],[2,10],[28,28],[65,51],[79,30],[85,-8],[79,-24],[68,20],[33,82],[41,78],[64,61],[44,60],[-19,5],[-9,0],[-3,0],[-13,6],[-45,4],[-8,0],[-12,-4],[-12,-7],[-14,-2],[-17,7],[-6,9],[-2,10],[3,29],[-1,3],[-2,4],[-5,4],[-7,3],[-13,3],[-23,3],[-18,7],[-21,5],[-4,2],[-8,11],[-16,13],[-19,8],[-41,10],[-11,2],[-20,-4],[-13,-1],[-26,13],[-15,27],[-21,94]],[[6430,4058],[34,35],[6,44],[-11,45],[-5,45],[11,42],[38,83],[74,47],[4,42],[-4,167],[21,69],[14,21],[-1,23],[-10,15],[3,15],[13,-4],[12,-2],[11,17],[5,19],[19,47],[22,91],[37,19],[49,76],[-25,219],[2,53],[26,45]],[[6775,5331],[48,16],[131,109]],[[6954,5456],[14,-98],[27,-15],[24,-8],[-19,-27],[4,-25],[3,-6],[0,-8],[20,-23],[24,-16],[24,25],[18,37],[38,30],[28,35],[33,14],[29,27],[16,106],[14,25],[28,-10],[5,-4],[3,-6],[11,-5],[14,2],[15,-9],[16,-1],[30,-13],[11,-43],[58,-69],[22,-19],[24,25],[47,-3],[37,12],[-2,26],[14,12],[21,-7],[15,14]],[[9466,6094],[-26,-9],[-17,-9],[-17,4],[-3,13],[3,13],[-8,11],[-26,1],[-8,-5]],[[9364,6113],[-10,5],[-12,-13],[5,19],[2,6],[-5,7],[-7,4],[-9,1],[-11,-6],[2,10],[2,4],[3,6],[-4,11],[2,13],[4,10],[7,1],[11,-5],[5,3],[-1,8],[-6,9],[-8,5],[-29,11],[3,9],[12,11],[4,9],[-13,-6],[-7,17],[5,14],[12,4],[16,-10],[3,15],[-10,9],[-15,8],[-10,13],[0,11],[5,26],[1,14],[2,-5],[3,-4],[2,-3],[3,-1],[7,-4],[5,-8],[3,-9],[1,-4],[9,1],[4,7],[2,7],[5,4],[5,-3],[14,-15],[3,-4],[42,-25],[7,-7],[1,-11],[2,-9],[4,-4],[6,8],[-1,7],[-3,9],[0,11],[11,11],[0,-7],[4,-7],[1,-5],[7,15],[6,19],[2,17],[-2,12],[12,-8],[0,-19],[-2,-22],[10,-35],[-10,-17],[-16,-13],[-12,-6],[4,-16],[-3,-18],[-5,-19],[-3,-17],[8,-28],[1,-5],[8,4],[1,9],[-1,9],[1,4],[11,-5],[2,-16],[-6,-36],[0,-11]],[[9290,5821],[-25,-2],[-15,13],[-14,17],[-8,12],[-11,11],[-9,14],[6,11],[8,-5],[13,-8],[9,-14],[11,-17],[14,-5],[14,-4],[9,-12],[-2,-11]],[[9466,6094],[0,-44],[-7,-15],[7,-7],[-11,-13],[-27,-82],[-7,-10],[-3,-4],[-2,-6],[0,-16],[-4,-12],[-8,-2],[-5,7],[4,17],[-5,0],[-6,-15],[-3,-6],[-4,-4],[3,-10],[-5,-11],[-10,-9],[-13,-9],[-8,-2],[-3,4],[3,5],[8,6],[0,7],[-12,-4],[-10,-6],[-7,-2],[-7,12],[-31,-2],[-13,5],[-5,12],[0,33],[3,15],[9,13],[-6,10],[12,2],[31,-6],[-7,13],[-19,24],[-5,14],[14,-3],[18,-2],[16,3],[8,9],[-10,2],[-9,4],[-7,5],[-6,8],[14,0],[22,5],[14,1],[16,-8],[9,2],[6,19],[-18,-7],[-22,6],[-41,27],[-8,-6],[-11,4],[-11,9],[-6,12],[9,-4],[7,-5],[6,-2],[8,5],[9,-3],[30,-5],[17,1],[-7,7],[7,18],[-3,15]],[[9370,3411],[-27,-25],[-15,1],[-5,15],[5,24],[11,20],[24,31],[29,3],[21,-1],[4,-13],[-10,-12],[-37,-43]],[[9499,3701],[-25,-61],[-12,-16],[-2,-7],[0,-6],[-1,-6],[-6,-19],[-3,-5],[-8,-11],[-1,-7],[-5,-11],[-10,0],[-25,8],[-26,-9],[-12,-20],[-5,-22],[-9,-12],[-35,-15],[-18,-4],[-15,0],[-18,7],[-24,26],[-15,12],[9,2],[15,0],[8,4],[0,2],[2,7],[3,6],[1,0],[2,7],[5,2],[7,-1],[5,2],[38,39],[13,21],[-8,11],[5,15],[10,7],[14,2],[17,0],[15,3],[28,14],[15,3],[-5,7],[-8,2],[-23,-3],[0,6],[10,3],[10,5],[16,12],[20,8],[8,7],[6,24],[7,14],[9,12],[8,5],[5,5],[9,24],[1,9],[14,-15],[-1,-30],[-15,-63]],[[8517,5367],[-5,-23],[-8,-19],[-7,-20],[1,-23],[3,-6],[12,-13],[4,-6],[8,-36],[4,-9],[5,-6],[20,-13],[14,-12],[2,-6],[3,-35],[-2,-22],[-6,-20],[-11,-14],[7,-23],[3,-52],[11,-24],[10,-7],[11,-6],[9,-6],[4,-9],[2,-10],[4,-11],[5,-9],[8,-8],[5,-4],[4,-2],[12,-1],[6,-2],[3,-6],[3,-7],[4,-4],[11,-2],[25,-2],[10,-5],[9,-4],[10,4],[-1,7],[-8,4],[-14,5],[-18,12],[26,-8],[18,-8],[50,-49],[28,-34]],[[9087,4234],[-7,-10],[-5,-17],[-2,-15],[-4,-14],[-10,-12],[-12,-10],[-6,-2],[-7,-1],[-7,-3],[1,-7],[4,-8],[2,-7],[-5,-11],[-12,-2],[-15,1],[-11,-1],[9,-15],[9,-11],[6,-11],[0,-20],[-4,-14],[-8,-19],[-9,-17],[-24,-23],[-11,-35],[-15,-102],[1,-19],[3,-20],[12,-30],[3,-17],[-5,-14],[-4,-13],[14,-34],[-4,-16],[-40,-49],[27,7],[20,23],[13,31],[7,30],[14,-12],[11,-13],[1,-13],[-14,-14],[34,4],[15,-2],[16,-12],[24,-24],[3,-13],[-6,-23],[-13,-30],[-1,-12],[10,-32],[0,-37],[4,-16],[14,9],[5,4],[-3,-29],[-11,-26],[-29,-47],[-30,-84],[-13,-25],[-6,3],[-3,-1],[-3,-1],[-7,-1],[6,-14],[-2,-33],[3,-17],[-13,6],[0,-7],[-6,-18],[-14,17],[-8,5],[-8,3],[7,-14],[0,-11],[-6,-8],[-14,-5],[4,-8]],[[8952,3176],[-12,4],[-34,28],[-45,-2],[-174,-39],[-112,-39],[-56,-12],[-15,5],[-9,14],[-17,6],[-63,-15],[-23,-39],[-19,-51],[-42,-26],[-51,1],[-15,38],[-14,88],[-67,66],[-43,31],[-83,74],[-50,27],[-111,24],[-106,39],[-46,28],[-125,99]],[[7620,5431],[136,38],[61,-14],[26,4],[23,11],[64,-5],[57,-29],[25,-29],[33,-12],[39,-10],[23,-35],[25,-10],[28,1],[14,-14],[15,-9],[31,-7],[9,8],[9,7],[16,-7],[19,1],[13,3],[11,-7],[52,23],[20,7],[16,17],[12,2],[13,-3],[18,6],[14,12],[75,-13]],[[8910,5467],[-11,-2],[-10,0],[-1,14],[1,16],[3,26],[-3,19],[11,8],[-1,-13],[5,-16],[7,-12],[-6,-9],[5,-12],[0,-19]],[[8943,5302],[-32,3],[-33,-3],[-3,0]],[[8875,5302],[-11,36],[4,53],[-1,11],[1,11],[2,9],[4,7],[3,-5],[7,-9],[2,-5],[15,25],[32,27],[15,18],[8,30],[6,68],[16,17],[11,-28],[27,-51],[6,-33],[-7,-39],[0,-15],[3,-14],[8,-27],[1,-13],[4,-15],[17,-27]],[[8974,5105],[-7,5],[-13,-6],[0,-7],[6,-1],[0,-3],[0,-4],[1,-5],[-12,9],[-4,-15],[3,-21],[10,-11],[-3,-1],[-1,-2],[-3,0],[-9,3],[-8,6],[-3,3],[-2,4],[-45,54],[-9,15],[-11,41],[-8,17],[32,41],[-7,54],[-6,21]],[[6430,4058],[-4,22],[-6,14],[-15,10],[-22,4],[-41,0],[-25,-8],[-12,-2],[-11,6],[-3,7],[-3,19],[-3,7],[-5,7],[-10,22],[-7,6],[-14,9],[-4,4],[-9,19],[-6,21],[-11,17],[-21,7],[-17,3],[-81,34],[-12,1],[-20,-1],[-10,1],[-7,3],[-13,4],[-52,-13],[-19,4],[-36,12],[-15,3],[-14,6],[-16,11],[-9,2],[-79,20],[-29,-2],[-31,3],[-65,36],[-43,16],[-43,5],[-13,8],[0,15],[-11,19],[-20,11],[-42,15],[-43,4],[-30,-5],[-31,0],[-26,-7],[-18,-20],[-90,-15],[-88,55]],[[5175,4477],[-4,99],[-14,86],[113,6],[25,62],[-16,159],[9,84],[15,29],[0,34],[-8,37],[-18,32],[-8,81],[20,84],[3,108],[32,77],[23,35],[9,36],[4,37],[28,26],[19,23],[-10,27],[-30,33],[-23,39],[-2,18],[-4,15],[-8,2],[-7,6],[-9,12],[-14,9],[-16,27],[-11,29],[-24,27],[-21,31],[-14,63],[-16,37],[-12,37],[1,35],[-3,35],[-18,31],[4,31],[220,155],[8,24],[15,31],[-4,33]],[[5409,6399],[12,-1],[11,-6],[82,-8],[47,9],[20,33],[62,129],[45,75],[9,35],[-16,33],[-5,15],[-2,16],[4,16],[9,5],[19,-8],[71,50],[39,39],[9,15],[15,11],[15,-7],[16,-9],[21,12],[22,15],[45,-1],[27,47],[10,8],[23,14],[26,21],[225,65],[6,-276],[9,-52],[15,-51],[20,-47],[5,-31],[-10,-189],[-33,-224],[-20,-65],[-28,-46],[-20,-50],[10,-58],[-15,-53],[12,-42],[34,-38],[47,-38],[42,-43],[25,-47],[32,-42],[55,-35],[57,-28],[36,-45],[26,-55],[33,-52],[45,-41],[60,-24],[62,-19]],[[5431,2533],[-66,-22],[-85,5],[-85,63],[10,166],[-216,78],[0,46],[-127,40]],[[4149,3938],[79,46],[74,52],[28,40],[30,35],[42,-1],[40,-15],[42,-2],[42,6],[17,16],[-1,29],[45,56],[265,56],[33,66],[11,90],[33,27],[38,23],[15,12],[18,7],[17,11],[13,13],[35,-3],[37,-9],[37,-5],[36,-11]],[[9252,2470],[-9,-16],[-17,11],[-14,18],[-10,11],[-1,16],[46,-23],[5,-17]],[[9169,2980],[2,-13],[-17,3],[-13,13],[-4,17],[10,-2],[12,-8],[10,-10]],[[8952,3176],[8,-16],[7,-24],[4,-26],[1,-28],[-6,-54],[3,-26],[30,-32],[11,-21],[8,-24],[4,-21],[-2,-78],[-5,-18],[32,-9],[5,-6],[2,-8],[4,-6],[10,-3],[18,-1],[5,-6],[1,-11],[4,-20],[7,-15],[10,-7],[11,-5],[12,-8],[7,-13],[11,-33],[10,-15],[25,-20],[5,-8],[-12,-4],[-11,1],[-6,2],[-14,11],[-1,2],[-18,16],[-18,23],[-14,8],[-17,-2],[-10,-5],[-5,-1],[-4,-3],[-18,-26],[14,-6],[54,6],[-12,-15],[-3,-10],[7,-6],[17,-1],[16,-5],[0,-13],[-5,-18],[-2,-21],[3,-4],[8,-6],[2,-4],[0,-17],[0,-2],[-5,-9],[-1,-3],[2,-3],[4,-1],[4,-3],[2,-6],[-2,-9],[-5,-6],[-4,-6],[2,-11],[6,-15],[0,-7],[-3,-9],[12,3],[16,7],[14,10],[10,8],[11,1],[13,-12],[39,-51],[15,-26],[4,-29],[-14,-29],[0,-7],[5,-8],[7,-7],[4,-7],[0,-11],[-5,-18],[-1,-9],[2,-31],[-3,-11],[-12,-16],[-12,-11],[-8,-2],[-9,2],[-14,-2],[-11,-5],[-5,-9],[1,-13],[3,-18],[8,4],[10,2],[18,1],[3,10],[4,4],[9,-4],[6,-7],[3,-2],[3,-1],[10,-4],[2,-10],[-2,-11],[0,-7],[6,-8],[21,-21],[8,-18],[11,-51],[9,-14],[12,-9],[-2,-6],[-7,-5],[-2,-8],[4,-10],[4,-7],[12,-12],[5,-10],[-3,-19],[9,-18],[-8,-6],[-18,-7],[-15,-15],[-4,-8],[7,-3],[36,1],[7,-1],[3,-7],[7,-25],[5,-9],[15,-11],[7,-7],[6,-11],[6,-26],[-6,-19],[-17,-10],[-26,4],[7,-13],[26,-20],[1,-8],[-10,-7],[-31,-13],[-28,-7],[0,-11],[11,-24],[-1,-17],[-7,-13],[-10,-11],[-14,-9],[23,4],[42,52],[19,-2],[12,-7],[27,2],[19,-20],[12,-1],[13,0],[12,-2],[22,-18],[55,-92],[1,-42]],[[9574,1445],[-29,-18],[-31,-25],[-145,-84],[-38,-14],[-23,-31],[-6,-40],[-15,-36],[0,-25],[23,-20],[5,-33],[-21,-33],[-30,-29],[-36,20],[-26,66],[-15,9],[-13,17],[-29,85],[-69,45],[-22,0],[-23,-4],[-23,-26],[-28,-14],[-29,2],[-10,-22],[-9,-39],[-40,-8],[-11,25],[-6,29],[-29,7],[-37,-16],[-74,-43],[-42,-14],[-69,-32],[-25,-19],[-17,-19],[-62,-5],[-35,10],[-26,19],[-31,1],[-28,-14],[-81,-6],[-239,-101],[-55,-58],[-44,-68],[-32,-22],[-157,-11]],[[7792,851],[-45,84],[-20,23],[-15,24],[-13,44],[-23,41],[-6,21],[-10,22],[-22,37],[-24,20],[-28,16],[-42,31],[-498,124],[-218,86],[-44,39],[3,67],[-4,67],[6,57],[23,51],[75,69],[68,78],[40,58],[21,54],[12,55]],[[7882,442],[-62,220],[-28,189]],[[9574,1445],[0,-12],[8,-28],[9,11],[5,16],[0,16],[-5,14],[-8,19],[2,8],[11,1],[17,-3],[13,-4],[28,-12],[17,-4],[36,-14],[5,1],[2,-1],[3,-10],[-1,-12],[-6,-13],[-3,-13],[7,-16],[3,-8],[-7,-5],[-8,-4],[-3,-6],[5,-7],[4,-1],[5,2],[4,1],[15,-10],[7,-1],[3,7],[1,10],[3,6],[5,1],[10,-4],[11,-8],[21,-19],[11,-8],[0,8],[1,6],[3,5],[2,7],[7,-5],[5,-1],[6,1],[7,5],[-15,4],[-47,21],[31,38],[12,-3],[5,-11],[3,-13],[4,-11],[8,-7],[20,-10],[10,-8],[5,-8],[29,-67],[9,-8],[2,1],[30,-6],[4,-2],[30,9],[4,18],[-11,15],[-16,-3],[-4,11],[3,8],[8,4],[12,2],[8,-3],[4,-8],[3,-9],[5,-9],[8,-16],[-8,-15],[-15,-14],[-12,-15],[6,1],[12,-1],[6,0],[-10,-32],[-1,-10],[2,-7],[5,-7],[4,-9],[0,-12],[-14,-27],[-29,-29],[-32,-24],[-59,-21],[-34,-25],[-53,-54],[-17,-23],[-10,-10],[-25,-10],[-112,-90],[-18,-9],[-92,-40],[-90,-64],[-23,-10],[-151,-33],[-69,-6],[-15,-5],[-15,-8],[-176,-144],[-21,-12],[-22,-7],[-24,1],[-19,7],[-37,20],[-21,5],[-28,-13],[-31,-7],[-117,1],[-31,-8],[-24,-21],[-15,-11],[-19,-5],[-12,-8],[-36,-35],[-16,-8],[-10,0],[-20,5],[-10,1],[-10,-2],[-18,-9],[-27,-7],[-14,-13],[-21,-26],[-88,-61],[-23,-28],[-26,16],[-72,18],[-31,17],[-50,53],[-32,23],[-42,6],[-9,-2],[-20,-9],[-10,-2],[-11,3],[-17,14],[-9,3],[-3,1],[-5,9],[-1,2],[-6,0],[-4,-2],[-3,-3],[0,-1],[-7,0]],[[7882,442],[-20,0],[-52,-9],[-8,-9],[-8,-2],[-37,-2],[-14,-4],[-57,-32],[-6,-9],[-2,-13],[-14,-42],[-9,-12],[2,-16],[-22,-39],[-5,-21],[4,-13],[5,-11],[2,-12],[-7,-12],[-12,-10],[-18,-14],[-66,-29],[-40,-33],[-16,-9],[-20,-4],[-28,0],[-20,-4],[-32,-17],[-19,-4],[-11,-5],[-7,-12],[-5,-13],[-5,-9],[-7,-7],[-6,-3],[-17,-3],[-21,0],[-44,13],[-8,4],[-16,17],[-10,5],[-9,-1],[-7,-3],[-7,-5],[-8,-4],[-33,-3],[-39,4],[-76,18],[-32,15],[-31,27],[-24,31],[-11,29],[-14,-9],[-8,-6],[-9,-4],[-83,-7],[-13,2],[-22,15],[-18,2],[-9,4],[-15,-5],[-41,-49],[-25,-38],[-8,-7],[-10,-6],[-33,-13],[-9,-7],[-5,-6],[-6,-4],[-24,-3],[-14,-5],[-56,-9],[-16,2],[-22,11],[-5,2],[-6,5],[-5,22],[-7,5],[-105,0],[-4,-2],[-5,-5],[-6,-4],[-29,-4],[-32,-10],[-13,-1],[-10,3],[-14,8],[-10,2],[-37,-6],[-11,7],[-8,17],[-3,19],[6,14],[-6,18],[-2,22],[-5,17],[-14,7],[-8,2],[-7,5],[-5,6],[-8,6],[-9,4],[-20,5],[-8,4],[-33,20],[-19,9],[-13,-1],[-17,-5],[-17,9],[-8,18],[9,20],[-16,19],[-12,7],[-34,-1],[-6,2],[-25,11],[-37,7],[-12,-9],[-28,-36],[-16,-12],[-45,-9],[-16,-10],[7,-20],[-11,-7],[-10,-13],[-8,-13],[-6,-19],[-9,-6],[-48,-13],[-2,0],[-21,-12],[-14,4],[-15,6],[-10,-1],[-1,-16],[-10,4],[-4,5],[-2,6],[-5,7],[-8,7],[-4,0],[-4,-2],[-6,-2],[0,-1],[-12,-5],[-4,0],[-22,1],[-8,3],[-6,6],[-2,5],[-37,-1],[-375,4],[-2,8],[0,48],[-2,14],[-4,11],[-4,8],[-2,5],[-4,7],[-9,8],[-8,10],[-8,25],[-17,14],[-3,7],[-7,19],[-17,16],[-22,11],[-39,14],[-7,1],[-7,-3],[-11,-10],[-6,-1],[-6,7],[-20,38],[6,3],[7,6],[6,3],[0,6],[-14,8],[-12,14],[-8,18],[-3,21],[-2,9],[-6,7],[-7,5],[-16,4],[-4,6],[-3,8],[-5,9],[-43,38],[-7,16],[-2,23],[-12,38],[-4,19],[4,24],[18,23],[9,11],[16,38],[2,10],[0,41],[12,58],[-4,25],[6,7],[11,9],[-3,12],[-5,7],[-6,4],[-4,5],[-1,4],[-6,9],[12,19],[-1,21],[-8,18],[-20,24],[-2,5],[1,18],[-3,11],[-3,1],[-3,1],[-8,-1],[-7,4],[-8,11],[-6,12],[-4,13],[-1,7]],[[4725,1116],[2,0],[23,5],[12,-3],[10,-7],[28,2],[26,12],[77,51],[42,59],[66,34],[77,61],[5,61],[21,24],[31,11],[32,0],[33,7],[11,31],[76,108],[-9,61],[-35,53],[2,46],[-13,33],[-20,19],[-17,25],[9,25],[30,17],[65,28],[88,95],[58,32],[78,75],[34,22],[27,29],[34,22],[42,21],[32,24],[27,26]],[[5006,7278],[33,-70],[77,-86],[2,-28],[-52,-71],[-47,-89],[-34,-94],[41,-47],[61,-38],[45,-53],[33,-75],[60,-30],[8,-37],[0,-39],[36,-26],[52,-9],[34,-66],[54,-21]],[[4575,7231],[27,20],[32,10],[33,7],[153,64],[11,20],[24,20],[32,7]],[[4887,7379],[57,-54],[62,-47]],[[7281,8197],[-1,0],[-39,9],[-74,32],[-30,18],[-32,4],[-18,-7],[-15,6],[-46,-1],[-41,-29],[-54,-45],[-23,-25],[-30,-13],[-60,-19],[-21,-61],[2,-44],[8,-44],[22,-22],[29,-13],[62,-43],[34,-63],[2,-169]],[[6956,7668],[-32,-12],[-28,-20],[-17,-25],[-20,-19],[-68,0],[-23,-27],[-23,-31],[-27,-7],[-17,31],[-16,12],[-17,5],[-65,-4],[-7,-7],[0,-10],[-6,-15],[-18,-6],[-19,-17],[-17,-4],[-16,-6],[-54,-73],[-15,-38],[8,-106],[20,-118],[-1,-53],[-13,-7],[-15,6],[-25,1],[-25,-8],[-42,-4],[-40,-8],[-9,-19],[-42,-5],[-44,19],[-203,305],[-43,83],[-30,44],[-51,-18],[-44,-60],[-32,-29],[-24,-31],[-3,-28],[-18,-5],[-19,64],[6,67],[22,67],[-12,44],[-24,4],[-5,-65],[-16,-33],[-106,-30],[3,-36],[-16,-24],[-41,6],[-27,29],[18,31],[23,27],[-28,12],[-37,8],[-35,19],[-37,0],[-60,-62],[-36,-14],[-31,-22],[-25,-9],[-28,1],[-86,-55],[-8,-11],[-3,-14],[-12,-14],[-53,-16],[-31,-18],[-34,-14],[-31,-18]],[[4887,7379],[-9,36],[3,37],[24,35],[31,29],[5,13],[2,15],[17,7],[22,-6],[24,24],[8,665],[31,-5],[34,-29],[21,-34],[35,-11],[15,10],[14,12],[49,23],[25,47],[59,265],[-8,90]],[[5289,8602],[37,109],[22,11],[25,8],[23,50],[13,55],[-12,46],[-51,16],[-34,23],[-7,41],[19,367]],[[5324,9328],[152,-88],[193,-111],[193,-112],[193,-111],[192,-112],[193,-112],[193,-111],[193,-112],[193,-111],[193,-112],[69,-39]],[[7825,6600],[-45,-49],[-7,-62],[0,-44],[12,-40],[18,-25],[6,-30],[10,-26],[15,-24],[8,-35],[-43,1],[-25,15],[-24,18],[-15,-1],[-62,-13],[-45,-16],[-55,-13],[-53,13],[-44,15],[-45,0],[-49,-46],[-133,-166],[-7,-21],[7,-25],[-1,-26],[-19,-90],[-21,-62],[-82,-110],[-17,-50],[-20,-109],[-28,-48],[-107,-75]],[[6956,7668],[22,6],[23,2],[24,-3],[24,25],[18,6],[18,1],[11,-14],[11,-17],[25,-8],[26,-1],[14,-12],[-4,-18],[28,-68],[48,-54],[33,-59],[27,-48],[16,-42],[-4,-103],[8,-47],[11,-19],[20,-71],[6,-25],[0,-25],[-13,-34],[-1,-29],[2,-30],[-5,-72],[2,-72],[30,-52],[46,-40],[21,-3],[78,-45],[62,-49],[22,-8],[21,3],[33,22],[20,3],[54,-2],[12,-5],[9,-7],[18,-3],[10,-4],[19,-18],[24,-29]],[[7281,8197],[124,-72],[74,-43],[14,-23],[16,-101],[2,-12],[18,-114],[-17,-1],[-9,-8],[-3,-13],[2,-17],[-17,-1],[-22,-12],[-20,-16],[-13,-15],[-4,-9],[-5,-10],[-2,-11],[1,-10],[7,-6],[15,-2],[4,-8],[-3,-15],[-8,-18],[3,-13],[43,3],[19,-2],[19,-5],[17,-9],[13,-12],[6,-14],[16,-57],[9,-19],[12,-17],[49,-37],[77,-57],[77,-57],[76,-57],[77,-57],[77,-58],[76,-57],[71,-52]],[[8172,7083],[0,-1],[-306,-453],[-41,-29]],[[5289,8602],[-494,-4],[-33,15],[-50,36],[-23,1],[-29,-4],[-26,14],[-20,33],[-25,29],[-66,40],[-30,23],[-21,31],[-21,13],[-24,5],[-70,39],[-32,0],[-31,4],[-58,55],[-22,-14],[-6,-32],[-36,-4],[-61,4],[-23,-11],[-36,20],[1,9],[-14,37],[-27,26],[-33,8],[-34,-17],[-40,-31],[-9,-4],[-13,-4],[-12,-11],[-21,-23],[-36,18],[-51,10],[-54,2],[-44,-5],[-25,-9],[-13,-2]],[[3056,9983],[2,0],[110,0],[54,0],[164,0],[165,0],[138,0],[26,0],[158,0],[7,0],[164,0],[74,0],[69,0],[3,1],[14,-1],[2,-24],[12,-8],[33,-3],[68,-39],[193,-111],[193,-112],[145,-84],[47,-27],[193,-112],[193,-111],[41,-24]],[[8172,7083],[6,-5],[77,-57],[76,-57],[77,-57],[77,-58],[77,-57],[76,-57],[77,-57],[77,-57],[76,-57],[6,-6],[16,-5],[6,-26],[-5,-30],[-17,-16],[-24,-13],[19,-8],[14,-1],[8,-5],[2,-21],[-1,-20],[-3,-16],[-6,-15],[-29,-50],[-11,-11],[-6,13],[3,19],[6,18],[3,17],[-6,17],[-15,-48],[-14,-17],[-20,1],[16,-25],[2,-9],[3,-53],[-2,-9],[-6,-4],[-14,4],[-8,-3],[-3,-5],[-9,-18],[-2,-13],[13,1],[29,12],[0,-14],[10,-22],[2,-9],[-4,-6],[-34,-31],[-6,-8],[-18,-39],[-27,-42],[-3,-7],[7,-7],[10,8],[14,18],[5,-11],[-39,-117],[-10,-21],[-12,-17],[-10,-6],[-10,-5],[-8,-8],[-3,-12],[4,-8],[7,-4],[6,-5],[2,-15],[-12,-37],[-26,-55],[-32,-49],[-29,-19],[12,-6],[-6,-19],[0,-44],[-9,-17],[-12,-15],[-16,-34],[-20,-31],[-6,-20],[-4,-22],[0,-60],[-4,-9],[-6,-7],[-5,-8],[-3,-8],[-1,-3],[0,-1]],[[875,4264],[-54,85],[-129,156],[-71,60],[-39,21]],[[4725,1116],[0,5],[2,12],[8,21],[2,9],[-4,17],[-17,30],[-4,20],[18,101],[0,10],[-2,12],[-7,20],[-9,49],[-30,69],[-6,32],[1,9],[8,18],[2,11],[-1,10],[-10,32],[-27,39],[-11,19],[-89,114],[-1,4],[-17,16],[-4,2],[-20,21],[-5,8],[-4,17],[-3,17],[-5,12],[-27,10],[-87,95],[-26,12],[-16,18],[-7,4],[-30,37],[-13,8],[-8,10],[-1,1]]],"transform":{"scale":[0.00111294735353535,0.001074651695369547],"translate":[29.32103153500009,-11.731272481999966]},"bbox":[29.32103153500009,-11.731272481999966,40.44939212300005,-0.985830179999866]}