{"type":"Topology","objects":{"subunits":{"type":"GeometryCollection","geometries":[{"type":"MultiPolygon","id":"Baker Island","arcs":[[[0]]]},{"type":"MultiPolygon","id":"Johnston Atoll","arcs":[[[1]],[[2]]]},{"type":"MultiPolygon","id":"Midway Islands","arcs":[[[3]]]},{"type":"Polygon","id":"Navassa Island","arcs":[[4]]},{"type":"Polygon","id":"Palmyra Atoll","arcs":[[5]]},{"type":"Polygon","id":"Wake Atoll","arcs":[[6]]}]}},"arcs":[[[27,203],[-1,-1],[0,1],[0,1],[0,1],[1,0],[0,-2]],[[228,5981],[0,1],[0,1],[0,2],[1,0],[-1,-4]],[[228,5993],[0,1],[0,1],[1,1],[0,-1],[0,-1],[-1,-1]],[[0,9993],[0,3],[0,2],[1,1],[0,-3],[0,-2],[-1,-1]],[[2975,6574],[0,-1],[1,0],[0,-1],[0,-1],[0,-1],[0,-1],[0,-2],[0,-1],[-1,0],[0,1],[0,1],[0,1],[0,1],[0,1],[0,2],[0,1]],[[446,2194],[0,-2],[0,-3],[-1,-1],[0,2],[0,1],[0,2],[-1,1],[0,1],[1,0],[1,-1]],[[9998,6876],[1,2],[0,2],[-1,5],[1,-3],[0,-5],[0,-3],[-1,2]]],"transform":{"scale":[0.03440763591329133,0.002860694598059805],"translate":[-177.3895971339999,-0.388767184999935]},"bbox":[-177.3895971339999,-0.388767184999935,166.6523543630001,28.21531810100005]}